-- phpMyAdmin SQL Dump
-- version 4.6.5.2
-- https://www.phpmyadmin.net/
--
-- Host: 127.0.0.1
-- Generation Time: Jan 17, 2018 at 09:49 AM
-- Server version: 10.1.21-MariaDB
-- PHP Version: 5.6.30

SET SQL_MODE = "NO_AUTO_VALUE_ON_ZERO";
SET time_zone = "+00:00";


/*!40101 SET @OLD_CHARACTER_SET_CLIENT=@@CHARACTER_SET_CLIENT */;
/*!40101 SET @OLD_CHARACTER_SET_RESULTS=@@CHARACTER_SET_RESULTS */;
/*!40101 SET @OLD_COLLATION_CONNECTION=@@COLLATION_CONNECTION */;
/*!40101 SET NAMES utf8mb4 */;

--
-- Database: `stl_new`
--

-- --------------------------------------------------------

--
-- Table structure for table `account_categories`
--

CREATE TABLE `account_categories` (
  `id` int(11) NOT NULL,
  `name` varchar(255) NOT NULL
) ENGINE=InnoDB DEFAULT CHARSET=latin1;

--
-- Dumping data for table `account_categories`
--

INSERT INTO `account_categories` (`id`, `name`) VALUES
(1, 'Assets'),
(2, 'Liablities'),
(3, 'Income'),
(4, 'Expense');

-- --------------------------------------------------------

--
-- Table structure for table `account_first_subgroups`
--

CREATE TABLE `account_first_subgroups` (
  `id` int(12) NOT NULL,
  `account_group_id` int(12) NOT NULL,
  `name` varchar(255) NOT NULL
) ENGINE=InnoDB DEFAULT CHARSET=latin1;

--
-- Dumping data for table `account_first_subgroups`
--

INSERT INTO `account_first_subgroups` (`id`, `account_group_id`, `name`) VALUES
(1, 2, 'Sundry Debtors'),
(2, 6, 'Trade Payables'),
(3, 2, 'Inventory'),
(4, 6, 'Duties & Taxes'),
(5, 2, 'Loans and Advances'),
(6, 7, 'Sales Income'),
(7, 2, 'Staff Advances'),
(8, 6, 'Unsecured Loan'),
(9, 8, 'Purchase'),
(10, 15, 'Purchases'),
(11, 8, 'Direct Expenses'),
(12, 9, 'Indirect Expenses'),
(13, 9, 'Administration Expenses'),
(14, 9, 'Financial Expenses'),
(15, 13, 'Other Income'),
(16, 14, 'Other Incomes'),
(17, 2, 'Cash and Cash Equivalents'),
(18, 12, 'Unsecured Loan'),
(20, 11, 'Fixed Assets'),
(21, 6, 'Bank Account OD A/C'),
(22, 4, 'Share Capital'),
(23, 5, 'Reserves & Surplus'),
(24, 12, 'Secured Loans'),
(25, 6, 'Short Term Provisions'),
(26, 3, 'Non Current Investments'),
(27, 2, 'Other Current Assets');

-- --------------------------------------------------------

--
-- Table structure for table `account_groups`
--

CREATE TABLE `account_groups` (
  `id` int(12) NOT NULL,
  `account_category_id` int(12) NOT NULL,
  `name` varchar(255) NOT NULL,
  `sequence` int(11) NOT NULL
) ENGINE=InnoDB DEFAULT CHARSET=latin1;

--
-- Dumping data for table `account_groups`
--

INSERT INTO `account_groups` (`id`, `account_category_id`, `name`, `sequence`) VALUES
(2, 1, 'Current Assets', 1),
(3, 1, 'Investments', 3),
(4, 2, 'Share Capital', 1),
(5, 2, 'Reserves & Surplus', 3),
(6, 2, 'Current Liabilities', 4),
(7, 3, 'Sales Income', 1),
(8, 4, 'Direct Expenses', 2),
(9, 4, 'Indirect Expenses', 1),
(10, 3, 'Other Income', 0),
(11, 1, 'Fixed Assets', 2),
(12, 2, 'Long Term Borrowings', 2),
(13, 3, 'Indirect Income', 2),
(14, 3, 'Direct Income', 0),
(15, 4, 'Purchase', 3);

-- --------------------------------------------------------

--
-- Table structure for table `account_references`
--

CREATE TABLE `account_references` (
  `id` int(10) NOT NULL,
  `entity_description` varchar(255) NOT NULL,
  `account_first_subgroup_id` int(10) NOT NULL,
  `account_category_id` int(10) NOT NULL,
  `account_group_id` int(10) NOT NULL
) ENGINE=InnoDB DEFAULT CHARSET=latin1;

--
-- Dumping data for table `account_references`
--

INSERT INTO `account_references` (`id`, `entity_description`, `account_first_subgroup_id`, `account_category_id`, `account_group_id`) VALUES
(1, 'Invoice Sales Account', 6, 3, 7),
(2, 'Invoice Booking Purchase  Account', 9, 4, 8),
(3, 'Invoice Freight Account', 12, 4, 9),
(4, 'Ledger Accounts for VAT', 4, 2, 6);

-- --------------------------------------------------------

--
-- Table structure for table `account_second_subgroups`
--

CREATE TABLE `account_second_subgroups` (
  `id` int(12) NOT NULL,
  `account_first_subgroup_id` int(12) NOT NULL,
  `name` varchar(255) NOT NULL
) ENGINE=InnoDB DEFAULT CHARSET=latin1;

--
-- Dumping data for table `account_second_subgroups`
--

INSERT INTO `account_second_subgroups` (`id`, `account_first_subgroup_id`, `name`) VALUES
(1, 1, 'Cash Debtors'),
(2, 1, 'Credit Debtors'),
(3, 2, 'Cash Creditors'),
(4, 2, 'Credit Creditors'),
(5, 4, 'Output Sales Tax'),
(6, 4, 'Input Sales Tax'),
(8, 6, 'Sales Income'),
(10, 7, 'Staff Advance'),
(11, 8, 'Directors Loan'),
(12, 8, 'Other Than Directors Loan'),
(13, 9, 'VAT Purchases'),
(14, 9, 'CST Purchases'),
(15, 9, 'VAT Paid Purchases'),
(16, 10, 'Other Purchase'),
(17, 11, 'Direct Expenses'),
(18, 12, 'Sales Expenses Direct'),
(19, 13, 'Administration Expenses'),
(20, 13, 'Staff Expenses'),
(21, 13, 'Directors Expenses'),
(22, 14, 'Financial Expenses'),
(23, 15, 'Other Income'),
(24, 17, 'Bank Account'),
(26, 21, 'Bank Account OD A/C'),
(27, 24, 'Vehicle Loan'),
(28, 17, 'Petty Cash'),
(29, 20, 'Tangible Assets'),
(30, 20, 'Intangible Assets'),
(31, 20, 'Vehicles'),
(32, 22, 'Share Capital'),
(33, 23, 'Reserves & Surplus'),
(37, 2, 'Due to Related Parties'),
(38, 25, 'Provisions for Expenses'),
(39, 2, 'Other Payables'),
(40, 2, 'Staff Security Deposit'),
(41, 26, 'Shares Investment'),
(44, 20, 'Accrued Depreciation on Tangible Assets'),
(49, 20, 'Accrued Depreciation on Intangible Assets'),
(50, 27, 'Advances and Deposits'),
(51, 17, 'Fixed Deposits in Bank'),
(52, 12, 'Sales Expenses Indirect'),
(53, 4, 'Tax Deducted at Source');

-- --------------------------------------------------------

--
-- Table structure for table `challans`
--

CREATE TABLE `challans` (
  `id` int(10) NOT NULL,
  `customer_id` int(10) NOT NULL,
  `company_id` int(11) NOT NULL,
  `invoice_id` int(11) NOT NULL,
  `invoice_booking_id` int(10) NOT NULL,
  `created_on` date NOT NULL,
  `transporter_id` int(11) NOT NULL,
  `lr_no` varchar(50) NOT NULL,
  `reference_detail` varchar(255) NOT NULL,
  `total` decimal(18,2) NOT NULL,
  `documents` varchar(255) NOT NULL,
  `customer_address` varchar(255) NOT NULL,
  `created_by` int(11) NOT NULL,
  `challan_type` varchar(30) NOT NULL,
  `challan_for` varchar(14) NOT NULL,
  `vendor_id` int(10) NOT NULL,
  `vendor_address` varchar(200) NOT NULL,
  `ch1` varchar(10) NOT NULL,
  `ch2` int(10) NOT NULL,
  `ch3` varchar(10) NOT NULL,
  `ch4` varchar(10) NOT NULL,
  `pass_credit_note` varchar(6) NOT NULL,
  `pass_debit_note` varchar(6) NOT NULL
) ENGINE=InnoDB DEFAULT CHARSET=latin1;

-- --------------------------------------------------------

--
-- Table structure for table `challan_rows`
--

CREATE TABLE `challan_rows` (
  `id` int(10) NOT NULL,
  `challan_id` int(11) NOT NULL,
  `item_id` int(11) NOT NULL,
  `description` varchar(255) NOT NULL,
  `quantity` decimal(10,2) NOT NULL,
  `rate` decimal(10,2) NOT NULL,
  `amount` decimal(15,2) NOT NULL
) ENGINE=InnoDB DEFAULT CHARSET=latin1;

-- --------------------------------------------------------

--
-- Table structure for table `companies`
--

CREATE TABLE `companies` (
  `id` int(10) NOT NULL,
  `name` varchar(100) NOT NULL,
  `alias` varchar(10) NOT NULL,
  `address` text NOT NULL,
  `pan_no` varchar(30) NOT NULL,
  `tin_no` varchar(50) NOT NULL,
  `tan_no` varchar(30) NOT NULL,
  `cin_no` varchar(50) NOT NULL,
  `gst_no` varchar(30) NOT NULL,
  `service_tax_no` varchar(30) NOT NULL,
  `landline_no` varchar(15) NOT NULL,
  `mobile_no` varchar(15) NOT NULL,
  `email` varchar(50) NOT NULL,
  `website` varchar(50) NOT NULL,
  `company_group_id` int(11) NOT NULL,
  `inventory_status` varchar(50) NOT NULL,
  `logo` varchar(100) NOT NULL,
  `accounting_book_date` date NOT NULL
) ENGINE=InnoDB DEFAULT CHARSET=latin1;

--
-- Dumping data for table `companies`
--

INSERT INTO `companies` (`id`, `name`, `alias`, `address`, `pan_no`, `tin_no`, `tan_no`, `cin_no`, `gst_no`, `service_tax_no`, `landline_no`, `mobile_no`, `email`, `website`, `company_group_id`, `inventory_status`, `logo`, `accounting_book_date`) VALUES
(25, 'Shilpa Trade Links Pvt. Ltd.', 'STL', '\"A - SQUARE \", 3rd Floor,\r\n1 Shobhagpura, 100 Ft. Road,  \r\nUdaipur - 313011 ( Raj )', 'AACCS0229A', '08743900079', 'JDHS01013F', 'U51101RJ1990PTC005468', '08AACCS0229A1ZZ', '', '02942980435', '8696029999', 'sales@mogragroup.com', 'www.mogragroup.com', 1, 'With Inventory', '58a8183a5a116.png', '2017-04-01'),
(26, 'Shilpa Mechtrad Ltd.', 'SML', '\"A - SQUARE\",  3rd Floor,\r\n1, Shobhagpura, 100 ft. Road, \r\nUdaipur-313011 ( Rajasthan ) ', 'AAGCS4913H', '08203900570', '', 'U51102RJ1995PLC010149', '', '', '02942980435', '8696029999', 'info@mogragroup.com', 'www.mogragroup.com', 1, 'With Inventory', '58a7fe6ac6c80.png', '0000-00-00'),
(27, 'Fluid Management & Solutions LLP', 'FMSL', '\" A-Square \", 3rd Floor,\r\n100 Ft. Road, 1 Shobhagpura,\r\nUdaipur 313011 ( Raj. )', 'AAEFF0911B', '08453967799', 'JDHF00466E', 'AAD5399', '08AAEFS0911B1Z5', '', '2980435', '8696029999', 'info@mogragroup.com', 'www.mogragroup.com', 1, 'With Inventory', '57fcb8149f735.png', '0000-00-00'),
(28, 'Test Companny', 'test', 'dfvfdvfdv', '11', '22', '33', '55', '', '44', '098765432345678', '9876543212', 'gops@mail.com', 'www.test.com', 1, 'With Inventory', '5a02cf188816a.gif', '0000-00-00');

-- --------------------------------------------------------

--
-- Table structure for table `company_banks`
--

CREATE TABLE `company_banks` (
  `id` int(10) NOT NULL,
  `company_id` int(10) NOT NULL,
  `bank_name` varchar(255) NOT NULL,
  `branch` varchar(255) NOT NULL,
  `account_no` varchar(30) NOT NULL,
  `ifsc_code` varchar(100) NOT NULL,
  `default_bank` tinyint(1) NOT NULL
) ENGINE=InnoDB DEFAULT CHARSET=latin1;

--
-- Dumping data for table `company_banks`
--

INSERT INTO `company_banks` (`id`, `company_id`, `bank_name`, `branch`, `account_no`, `ifsc_code`, `default_bank`) VALUES
(23, 26, 'State Bank of India', 'Shobhagpura', '61299211176', 'SBIN0032485', 1),
(27, 25, 'Union Bank of India', 'New Fatehpura Udaipur', '394004010029332', 'UBIN0539406', 1),
(28, 25, 'SBBJ', 'Shobhagpura', '29762460011', 'SBBJ0011485', 0),
(29, 27, 'State Bank of India', 'Shobhagpura', '61297460226', 'SBIN0032485', 1),
(30, 28, 'sbbj', 'yfdgvf', '12345678876543234567', 'fsvreg44fre4fe4f', 1);

-- --------------------------------------------------------

--
-- Table structure for table `company_groups`
--

CREATE TABLE `company_groups` (
  `id` int(10) NOT NULL,
  `name` varchar(255) NOT NULL
) ENGINE=InnoDB DEFAULT CHARSET=latin1;

--
-- Dumping data for table `company_groups`
--

INSERT INTO `company_groups` (`id`, `name`) VALUES
(1, 'Mogra Group');

-- --------------------------------------------------------

--
-- Table structure for table `contra_vouchers`
--

CREATE TABLE `contra_vouchers` (
  `id` int(10) NOT NULL,
  `voucher_no` int(10) NOT NULL,
  `bank_cash_id` int(10) NOT NULL,
  `created_by` int(10) NOT NULL,
  `created_on` date NOT NULL,
  `payment_mode` varchar(50) NOT NULL,
  `company_id` int(10) NOT NULL,
  `transaction_date` date NOT NULL,
  `edited_by` int(10) NOT NULL,
  `edited_on` date NOT NULL,
  `cheque_no` varchar(100) NOT NULL
) ENGINE=InnoDB DEFAULT CHARSET=latin1;

-- --------------------------------------------------------

--
-- Table structure for table `contra_voucher_rows`
--

CREATE TABLE `contra_voucher_rows` (
  `id` int(10) NOT NULL,
  `contra_voucher_id` int(10) NOT NULL,
  `received_from_id` int(10) NOT NULL,
  `amount` decimal(20,5) NOT NULL,
  `cr_dr` varchar(5) NOT NULL,
  `narration` text NOT NULL
) ENGINE=InnoDB DEFAULT CHARSET=latin1;

-- --------------------------------------------------------

--
-- Table structure for table `credit_notes`
--

CREATE TABLE `credit_notes` (
  `id` int(10) NOT NULL,
  `voucher_no` varchar(10) NOT NULL,
  `created_on` date NOT NULL,
  `transaction_date` date NOT NULL,
  `customer_suppiler_id` int(10) NOT NULL,
  `company_id` int(11) NOT NULL,
  `created_by` int(11) NOT NULL,
  `edited_by` int(10) NOT NULL,
  `edited_on` date NOT NULL,
  `subject` text NOT NULL
) ENGINE=InnoDB DEFAULT CHARSET=latin1;

-- --------------------------------------------------------

--
-- Table structure for table `credit_notes_rows`
--

CREATE TABLE `credit_notes_rows` (
  `id` int(10) NOT NULL,
  `credit_note_id` int(10) NOT NULL,
  `head_id` int(10) NOT NULL,
  `amount` decimal(15,2) NOT NULL,
  `narration` text NOT NULL
) ENGINE=InnoDB DEFAULT CHARSET=latin1;

-- --------------------------------------------------------

--
-- Table structure for table `customers`
--

CREATE TABLE `customers` (
  `id` int(10) NOT NULL,
  `customer_group_id` int(10) NOT NULL,
  `customer_name` varchar(255) NOT NULL,
  `alias` varchar(255) NOT NULL,
  `district_id` int(10) NOT NULL,
  `company_group_id` int(10) NOT NULL,
  `customer_seg_id` int(10) NOT NULL,
  `tin_no` varchar(100) NOT NULL,
  `gst_no` varchar(100) NOT NULL,
  `pan_no` varchar(100) NOT NULL,
  `ecc_no` varchar(100) NOT NULL,
  `flag` int(2) NOT NULL DEFAULT '0',
  `employee_id` int(10) NOT NULL,
  `payment_terms` int(2) NOT NULL,
  `mode_of_payment` varchar(20) NOT NULL,
  `credit_limit` int(8) NOT NULL,
  `transporter_id` int(10) NOT NULL,
  `account_category_id` int(10) NOT NULL,
  `account_group_id` int(10) NOT NULL,
  `account_first_subgroup_id` int(10) NOT NULL,
  `account_second_subgroup_id` int(10) NOT NULL,
  `bill_to_bill_account` varchar(10) NOT NULL DEFAULT 'No'
) ENGINE=InnoDB DEFAULT CHARSET=latin1;

--
-- Dumping data for table `customers`
--

INSERT INTO `customers` (`id`, `customer_group_id`, `customer_name`, `alias`, `district_id`, `company_group_id`, `customer_seg_id`, `tin_no`, `gst_no`, `pan_no`, `ecc_no`, `flag`, `employee_id`, `payment_terms`, `mode_of_payment`, `credit_limit`, `transporter_id`, `account_category_id`, `account_group_id`, `account_first_subgroup_id`, `account_second_subgroup_id`, `bill_to_bill_account`) VALUES
(1, 4, 'Hindustan Zinc Ltd ', 'Dariba Smelter Complex', 4, 0, 1, '08053901768', '08AAACH7354K1ZB', 'AAACH7354K', 'AAACH7354KXM003', 0, 11, 30, 'NEFT', 1000000, 7, 1, 2, 1, 2, 'Yes'),
(2, 2, 'Ultratech Cement Limited', 'Unit-Aditya Cement Works', 2, 0, 3, '08832112853', '08AAACL6442L1ZA', 'AAACL6442L', 'AAACL6442LEM033', 0, 11, 30, 'Cheque', 1000000, 7, 1, 2, 1, 2, 'Yes'),
(3, 1, 'JK Lakshmi Cement Limited', 'JLC', 7, 0, 3, '08453300051', '08AAACJ6715G1ZN', 'AAACJ6715G', 'AAACJ6715GXM003', 0, 15, 30, 'Cheque', 1000000, 29, 1, 2, 1, 2, 'Yes'),
(4, 8, 'Shree Cement Limited', 'Shree Cement Ltd Unit 1', 3, 0, 3, '08530101044', '08AACCS8796G1ZR', 'AACCS8796G', 'AACCS8796GXM001', 0, 4, 30, 'Cheque', 1000000, 7, 1, 2, 1, 2, 'Yes'),
(5, 9, 'The India Cement Ltd', 'The India Cement', 17, 0, 3, '08513750195', '08AAACT1728P1ZZ', 'AAACI0990C', 'AAACI0990CXM002', 0, 4, 30, 'Cheque', 1000000, 12, 1, 2, 1, 2, 'Yes'),
(6, 2, 'Ultratech Cement Limited', 'Unit: Vikram Cement Works', 10, 0, 3, '23762701822', '23AAACL6442L1ZI', 'AAACL6442L', 'AAACL6442LEM031', 0, 11, 30, 'Cheque', 100000, 13, 1, 2, 1, 2, 'Yes'),
(7, 7, 'Adani Power Rajasthan Ltd.', 'Adani ', 19, 0, 8, '08932910817', '08AAGCA9379P1ZP', 'AAGCA9379P', '', 0, 15, 30, 'NEFT', 100000, 15, 1, 2, 1, 2, 'Yes'),
(8, 10, 'Shriram Rayons', 'Shriram Rayons', 13, 0, 2, '08672951700', '08AAACD0204C1ZL', 'AAACD0204C', 'AAACD0204CXM004', 0, 12, 2, 'Cheque', 100000, 3, 1, 2, 1, 1, 'Yes'),
(9, 1, 'Mangalam Cement Ltd', 'Mangalam Cement Ltd', 13, 0, 3, '08442902696', '', 'AABCM6602Q', 'AABCM6602QXM001', 0, 7, 30, 'NEFT', 100000, 15, 1, 2, 1, 2, 'Yes'),
(10, 11, 'Sutlej Textiles and Industries Limited', 'Sutlej Textiles and Industries Limited', 30, 0, 2, '08223050160', '08AAJCS1850N1ZW', 'AAJCS1850N', 'AAJCS1850NXM001', 0, 15, 15, 'NEFT', 200000, 15, 1, 2, 1, 2, 'Yes'),
(11, 1, 'Ambuja Cements Limited', 'Unit-Rabriyawas', 16, 0, 3, '08160101490', '08AAACG0569P1Z7', 'AAACG0569P', 'AAACG0569PXM008', 0, 11, 30, 'Cheque', 100000, 7, 1, 2, 1, 2, 'Yes'),
(12, 4, 'Hindustan Zinc Ltd ', 'Sindesar Khurd Mine', 4, 0, 1, '08053901768', '08AAACH7354K1ZB', 'AAACH7354K', 'AAACH7354KEM070', 0, 11, 30, 'Cheque', 1000000, 16, 1, 2, 1, 2, 'Yes'),
(15, 16, 'J K Cement Works Mangrol', 'Unit of J K Cement Ltd.', 2, 0, 3, '08841152305', '08AABCJ0355R1Z7', 'AABCJ0355R', 'AABCJ0355RXM003', 0, 15, 30, 'Cheque', 100000, 7, 1, 2, 1, 2, 'Yes'),
(16, 4, 'Hindustan Zinc Ltd', 'Haridwar Zinc Plant', 37, 0, 1, '05007432844', '', 'AAACH7354K', 'AAACH7354KXM016', 0, 11, 30, 'NEFT', 100000, 1, 1, 2, 1, 2, 'Yes'),
(17, 4, 'Hindustan Zinc Ltd', 'Rajpura Dariba Mines', 4, 0, 1, '08053901768', '08AAACH7354K1ZB', 'AAACH7354K', 'AAACH7354KXM003', 0, 11, 30, 'NEFT', 1000000, 16, 1, 2, 1, 2, 'Yes'),
(18, 4, 'Hindustan Zinc Ltd', 'Chanderia Smelter Complex (CPP)', 2, 0, 1, '08053901768', '08AAACH7354K1ZB', 'AAACH7354K', 'AAAPM7450QXD001', 0, 11, 30, 'Cheque', 200000, 7, 1, 2, 1, 2, 'Yes'),
(19, 4, 'Hindustan Zinc Ltd', 'Unit-Pyro Plant', 2, 0, 1, '08053901768', '08AAACH7354K1ZB', 'AAACH7354K', 'AAACH7354KXM005', 0, 11, 30, 'Cheque', 100000, 7, 1, 2, 1, 2, 'Yes'),
(20, 4, 'Hindustan Zinc ltd', 'Zinc Smelter Debari', 1, 0, 1, '08053901768', '08AAACH7354K1ZB', 'AAACH7354K', 'AAACH7354KXM010', 0, 11, 30, 'Cheque', 100000, 16, 1, 2, 1, 2, 'Yes'),
(21, 4, 'Hindustan Zinc Ltd', 'CPP Zawar Mines', 1, 0, 1, '08053901768', '08AAACH7354K1ZB', 'AAACH7354K', 'AAACH7354KXM008', 0, 11, 30, 'Cheque', 100000, 16, 1, 2, 1, 2, 'Yes'),
(22, 2, 'Ultratech Cement Limited', 'Unit-Birla White', 15, 0, 3, '08832112853', '08AAACL6442L1ZA', 'AAACL6442L', 'AAACL6442LEM034', 0, 11, 30, 'Cheque', 500000, 2, 1, 2, 1, 2, 'Yes'),
(23, 2, 'Ultratech Cement Limited', 'Unit-Sewagram Cement Works', 38, 0, 3, '24131300430', '24AAACL6442L1ZG', 'AAACL6442L', 'AAACL6442LEM182', 0, 11, 30, 'Cheque', 100000, 26, 1, 2, 1, 2, 'Yes'),
(24, 2, 'Ultratech Cement Limited', 'Unit-Bathinda Cement Works', 39, 0, 3, '03231021288', '03AAACL6442L1ZK', 'AAACL6442L', 'AAACL6442LEM021', 0, 11, 30, 'Cheque', 100000, 27, 1, 2, 1, 2, 'Yes'),
(25, 2, 'Ultratech Cement Limited', 'Unit-Awarpur Cement Works', 40, 0, 3, '27710299627', '27AAACL6442L1ZA', 'AAACL6442L', 'AAACL6442LXM005', 0, 11, 30, 'Cheque', 100000, 27, 1, 2, 1, 2, 'Yes'),
(26, 2, 'Ultratech Cement Limited', 'Unit-Kotputli Cement Works', 14, 0, 3, '08832112853', '08AAACL6442L1ZA', 'AAACL6442L', 'AAACL6442LEM032', 0, 15, 30, 'Cheque', 500000, 1, 1, 2, 1, 2, 'Yes'),
(29, 8, 'Shree Cement Limited', 'Unit -RAS', 16, 0, 3, '08530101044', '08AACCS8796G1ZR', 'AACCS8796G', 'AACCS8796GXM003', 0, 11, 30, 'Cheque', 500000, 7, 1, 2, 1, 2, 'Yes'),
(30, 8, 'Shree Raipur Cement Plant', 'Unit-Shree Cement Ltd', 9, 0, 3, '22851308675', '22AACCS8796G1Z1', 'AACCS8796G', 'AACCS8796GEM011', 0, 11, 30, 'Cheque', 1000000, 27, 1, 2, 1, 2, 'Yes'),
(31, 8, 'Shree Cement Unit Panipat', 'Panipat', 41, 0, 3, '06021913366', '06AACCS8796G1ZV', 'AACCS8796G', 'AACCS8796GEM016', 0, 11, 30, 'Cheque', 100000, 1, 1, 2, 1, 2, 'Yes'),
(32, 5, 'RSWM Limited', 'Power Plant', 17, 0, 2, '08041001037', '08AAACR9700M1Z3', 'AAACR9700M', 'AAACR9700MXM003', 0, 11, 30, 'Cheque', 100000, 12, 1, 2, 1, 2, 'Yes'),
(33, 5, 'RSWM Limited', 'Unit:-LNJ Denim', 17, 0, 2, '08041001037', '08AAACR9700M1Z3', 'AAACR9700M', 'AAACR9700MXM003', 0, 11, 30, 'Cheque', 100000, 12, 1, 2, 1, 2, 'Yes'),
(34, 5, 'RSWM Limited', 'Unit-Rishabhdev', 1, 0, 2, '08041001037', '08AAACR9700M1Z3', 'AAACR9700M', 'AAACR9700MXM002', 0, 11, 30, 'Cheque', 100000, 28, 1, 2, 1, 2, 'Yes'),
(35, 1, 'Cavendish Industries Limited', 'CIL', 37, 0, 4, '05015370839', '', 'AAFCC8999J', 'AAFCC8999JSD002', 0, 7, 30, 'Cheque', 50000, 3, 1, 2, 1, 2, 'Yes'),
(36, 5, 'BMD Pvt Ltd', 'BMD ', 17, 0, 2, '08671003940', '08AABCB2235N1ZO', 'AABCB2235N', 'AABCB2235NXM001', 0, 11, 30, 'Cheque', 150000, 12, 1, 2, 1, 2, 'Yes'),
(37, 1, 'Ginni international Ltd.', 'GIL', 42, 0, 2, '08570700482', '08AAACG0182E1Z1', 'AAACG0182E', 'AAACG0182EXM001', 0, 15, 15, 'Cheque', 100000, 3, 1, 2, 1, 2, 'Yes'),
(38, 10, 'Shriram Fertilisers & Chemicals', 'Shriram Fertilisers & Chemicals', 13, 0, 4, '08452101422', '', 'AAACD0097R', 'AAACD0097RST007', 0, 15, 30, 'NEFT', 50000, 15, 1, 2, 1, 2, 'Yes'),
(40, 1, 'Maharaja Shree Umaid Mills Ltd', 'Maharaja Shree Umaid Mills Ltd', 16, 0, 2, '08613251269', '08AABCM1849B1ZS', 'AABCM1849B', 'AABCM1849BXM001', 0, 4, 30, 'Cheque', 100000, 22, 1, 2, 1, 2, 'Yes'),
(41, 1, 'Banswara Syntex Limited', '-', 17, 0, 2, '08203750996', '08AAACB8403F1Z0', 'AAACB8403F', 'AAACB8403FXM001', 0, 11, 30, 'Cheque', 100000, 12, 1, 2, 1, 2, 'Yes'),
(42, 13, 'Udaipur Cement Works Ltd', 'Unit of JK Laxmi Cement', 1, 0, 3, '08134000373', '', 'AAACU8858M', 'AAACU8858MEM001', 0, 15, 30, 'Cheque', 100000, 29, 1, 2, 1, 2, 'Yes'),
(43, 1, 'Neyveli Lignite Corporation Limited', 'NLC', 11, 0, 8, '08351305980', '08AAACN1121C1Z9', 'AAACN1121C', 'AAACN1121CEM011', 0, 11, 45, 'Cheque', 100000, 3, 1, 2, 1, 2, 'Yes'),
(44, 1, 'Wonder Cement Ltd.', 'Unit-Nimbahera', 2, 0, 3, '08400058969', '08AAACW6009L1Z4', 'AAACW6009L', 'AAACW6009LEM001', 0, 15, 30, 'Cheque', 100000, 15, 1, 2, 1, 2, 'Yes'),
(45, 6, 'Sangam (India) Limited', 'Sangam India', 5, 0, 2, '08111002405', '08AACCS0486K1Z3', 'AACCS0486K', 'AACC0486KXM001', 0, 15, 30, 'Cheque', 500000, 7, 1, 2, 1, 2, 'Yes'),
(46, 5, 'RSWM Limited', 'Unit-Gulabpura', 5, 0, 2, '08041001037', '08AAACR9700M1Z3', 'AAACR9700M', 'AAACR9700MXM002', 0, 12, 30, 'Cheque', 100000, 2, 1, 2, 1, 2, 'Yes'),
(47, 1, 'Nuvoco Vistas Corp. Ltd. ', 'NVCL(Lafarge) ', 2, 0, 3, '08392113289', '08AAACL4159L1Z8', 'AAACL4159L', 'AAACL4159LEM006', 0, 15, 30, 'NEFT', 100000, 7, 1, 2, 1, 2, 'Yes'),
(48, 1, 'Jindal Saw Ltd.', 'Jindal Saw Ltd.', 5, 0, 1, '08044052269', '08AABCS7280C1ZF', 'AABCS7280C', 'AABCS7280CEM018', 0, 15, 30, 'Cheque', 1000000, 7, 1, 2, 1, 2, 'Yes'),
(49, 1, 'Kalisindh Thermal Power Project ', 'KTPP-RRVUNL', 30, 0, 8, '08332105465', '', '', '', 0, 15, 30, 'Cheque', 100000, 15, 1, 2, 1, 2, 'Yes'),
(50, 1, 'Chhabra Thermal Power Project', 'CTPS-RRVUNL', 19, 0, 8, '08332105465', '', '', '', 0, 12, 30, 'Cheque', 100000, 15, 1, 2, 1, 2, 'Yes'),
(51, 1, 'Parle Biscuit Pvt. Ltd. ', 'Parle Biscuit Pvt. Ltd. ', 42, 0, 7, '08440700796', '08AAACP0485D1ZO', 'AAACP0485D', 'AAACP0485DXM001', 0, 15, 30, 'Cheque', 100000, 27, 1, 2, 1, 2, 'Yes'),
(52, 1, 'United Spirits Limited ', 'Unit- Alwar', 42, 0, 6, '08432101045', '', '', '', 0, 15, 30, 'Cheque', 100000, 1, 1, 2, 1, 2, 'Yes'),
(53, 1, 'United Spirits Ltd.', 'Unit- Udaipur', 1, 0, 6, '08432101045', '', '', '', 0, 15, 30, 'Cheque', 100000, 29, 1, 2, 1, 2, 'Yes'),
(54, 1, 'Balkrishna Industries Ltd.', 'Unit-Chopanki', 42, 0, 7, '08470852051', '', 'AAACB3333J', 'AAACB3333JXM011', 0, 15, 30, 'Cheque', 100000, 1, 1, 2, 1, 2, 'Yes'),
(55, 1, 'Balkrishna Industries Ltd.', 'Unit-Bhiwadi', 42, 0, 7, '05470852051', '08AAACB3333J1ZW', 'AAACB3333J', 'AAACB3333JXM012', 0, 15, 30, 'Cheque', 100000, 1, 1, 2, 1, 2, 'Yes'),
(56, 1, 'Sabmiller India Ltd.', 'Unit-Rochees Breweries', 42, 0, 6, '08332202950', '08AAICS2238R1ZP', 'AAICS2238R', 'AAICS2238R', 0, 15, 30, 'Cheque', 100000, 3, 1, 2, 1, 2, 'Yes'),
(57, 10, 'Shriram Axiall', 'Shriram Axiall', 13, 0, 4, '08762960623', '', 'AAMCS7912E', 'AAMCS7912EEM001', 0, 15, 30, 'Cheque', 100000, 15, 1, 2, 1, 2, 'Yes'),
(58, 1, 'J K Tyre & Industries Ltd.', 'J K Tyre & Industries Ltd.', 4, 0, 7, '08851250124', '', 'AAACJ6716F', 'AAACJ6716FXM003', 0, 15, 30, 'Cheque', 100000, 3, 1, 2, 1, 2, 'Yes'),
(59, 1, 'Sanjeev Traders', 'Sanjeev Traders', 5, 0, 10, '08421004320', '08AGEPP7433Q1ZO', 'AGEPP7433Q', '', 0, 15, 30, 'Cheque', 100000, 7, 1, 2, 1, 2, 'Yes'),
(60, 1, 'Birla Corporation Limited', 'Unit-Birla cement Works', 2, 0, 3, '08761103461', '08AABCB2075J1ZQ', 'AABCB2075J', 'AABCB2075JXM011', 0, 15, 30, 'Cheque', 100000, 7, 1, 2, 1, 2, 'Yes'),
(61, 1, 'Chambal Fertilisers And Chemicals Limited', 'CFCL', 13, 0, 4, '08222951511', '08AAACC9762A1ZT', 'AAACC9762A', 'AAACC9762AXM002', 0, 15, 30, 'Cheque', 100000, 15, 1, 2, 1, 2, 'Yes'),
(62, 1, 'Lucid Colloid Ltd.', 'Lucid Colloid Ltd.', 15, 0, 7, '08692652832', '08AAACL2673B1ZU', 'AAACL2673B', 'AAACL2673BXM001', 0, 11, 30, 'Cheque', 100000, 2, 1, 2, 1, 2, 'Yes'),
(63, 1, 'Kota Super Thermal Power Plant ', 'KSTPS-RRVUNL', 13, 0, 8, '08332105465', '', '', '', 0, 12, 30, 'Cheque', 100000, 15, 1, 2, 1, 2, 'Yes'),
(64, 1, 'United Breweries Limited', 'Unit- Chopanki', 42, 0, 6, '08040583694', '08AAACU6053C1ZL', '', '', 0, 15, 30, 'Cheque', 100000, 1, 1, 2, 1, 2, 'Yes'),
(65, 1, 'Carlsberg India Pvt. Ltd.', 'CIPL', 42, 0, 6, '08020605967', '08AAJCS8454J1ZQ', 'AAJCS8454J', '', 0, 15, 30, 'Cheque', 100000, 3, 1, 2, 1, 2, 'Yes'),
(66, 5, 'RSWM Limited', 'Unit- Mandpam', 5, 0, 2, '08041001037', '08AAACR9700M1Z3', 'AAACR9700M', 'AAACR9700MXM001', 0, 15, 30, 'Cheque', 100000, 7, 1, 2, 1, 2, 'Yes'),
(67, 1, 'H S Engineering and Marketing', 'HSEM', 43, 0, 10, '27640135784', '27ADDPD7272P1Z4', 'AAEHV9693L', '', 0, 11, 30, 'Cheque', 100000, 10, 1, 2, 1, 2, 'Yes'),
(68, 1, 'Suratgarh Super thermal Power Station', 'SSTPS-RRVUNL', 26, 0, 8, '08332105465', '', 'AABCR7436B', '', 0, 18, 30, 'NEFT', 1000000, 1, 1, 2, 1, 2, 'Yes'),
(69, 1, 'United Breweries Ltd-Dharuhera', 'Unit-Dharuhera', 44, 0, 6, '06482703178', '', '', '', 0, 15, 30, 'Cheque', 100000, 3, 1, 2, 1, 2, 'Yes'),
(70, 1, 'Honda Cars India Pvt. Ltd.', 'HCIPL', 42, 0, 5, '0828054435', '08AAACH1765Q1Z4', 'AAACH1765Q', 'AAACH1765QXM002', 0, 15, 30, 'Cheque', 100000, 3, 1, 2, 1, 2, 'Yes'),
(71, 1, 'Wasser Technochem (India) Ltd.', 'WTIL', 18, 0, 10, '08810002823', '', 'ACGPM7046L', 'ACGPM7046LXD001', 0, 15, 30, 'Cheque', 100000, 7, 1, 2, 1, 2, 'Yes'),
(72, 1, 'Bhavik Terryfab', 'Unit of KG Petrochem Limited', 14, 0, 2, '08511659554', '08AAACK7052R1ZZ', 'AAACK7052R', 'AAACK7052RXM002', 0, 15, 30, 'Cheque', 100000, 1, 1, 2, 1, 2, 'Yes'),
(73, 1, 'Rajasthan Liquors Ltd', 'Rajasthan Liquors Ltd', 14, 0, 6, '08591757383', '', '', '', 0, 15, 30, 'Cheque', 100000, 1, 1, 2, 1, 2, 'Yes'),
(74, 1, 'Varun Beverages Ltd.', 'Chopanki', 42, 0, 6, '08621650618', '08AAACV2678L1ZU', 'AAACV2678L', 'AAACV2678LXM005', 0, 15, 30, 'Cheque', 100000, 3, 1, 2, 1, 2, 'Yes'),
(75, 1, 'Nissin Brake India Pvt. Ltd.', 'Nissin Brake India Pvt. Ltd.', 42, 0, 5, '08880702699', '', 'AACCN3633K', 'AACCN3633KXM001', 0, 15, 30, 'Cheque', 100000, 1, 1, 2, 1, 2, 'Yes'),
(76, 1, 'Saint Gobain Glass India Ltd.', 'Saint Gobain Glass India Ltd.', 42, 0, 7, '08710855314', '', 'AABCS4338M', 'AABCS4338MEM007', 0, 15, 30, 'Cheque', 100000, 3, 1, 2, 1, 2, 'Yes'),
(77, 1, 'Kajaria Ceramics Ltd.', 'KCL', 42, 0, 7, '08930850925', '08AABCK1613R1ZB', 'AABCK1613R', 'AABCK1613RXM001', 0, 15, 30, 'Cheque', 100000, 1, 1, 2, 1, 2, 'Yes'),
(78, 7, 'Adani Wilmar Ltd.', 'Unit- Alwar', 42, 0, 12, '08592105419', '', 'AABCA8056G', '', 0, 15, 30, 'Cheque', 100000, 1, 1, 2, 1, 2, 'Yes'),
(79, 1, 'Jaquar & Company Pvt. Ltd.', 'Unit-Bhiwadi', 42, 0, 7, '08320852279', '', 'AAACJ2324F', 'AAACJ2324FXM003', 0, 15, 30, 'Cheque', 100000, 1, 1, 2, 1, 2, 'Yes'),
(80, 1, 'Siegwerk India Pvt. Ltd.', 'Siegwerk India Pvt. Ltd.', 42, 0, 7, '08330853777', '08AAACG4845N1Z8', 'AAACG4845N', 'AAACG4845NXM010', 0, 15, 30, 'Cheque', 100000, 1, 1, 2, 1, 2, 'Yes'),
(81, 1, 'Crystal Chemicals & Engineers', 'CCE', 14, 0, 7, '08041651034', '08AFCPS1819Q1ZV', 'AFCPS1819Q', '', 0, 15, 30, 'Cheque', 100000, 1, 1, 2, 1, 2, 'Yes'),
(83, 4, 'Hindustan Zinc Ltd', 'Rampura Agucha Mines', 5, 0, 1, '08053901768', '08AAACH7354K1ZB', 'AAACH7354K', 'AAACH7354KXM002', 0, 11, 30, 'NEFT', 1000000, 7, 1, 2, 1, 2, 'Yes'),
(84, 1, 'Dabur India Limited-Alwar Unit', 'Unit-Alwar', 42, 0, 6, '08720600732', '08AAACD0474C1Z5', 'AAACD0474C', 'AAACD0474CXM008', 0, 15, 30, 'Cheque', 100000, 3, 1, 2, 1, 2, 'Yes'),
(85, 1, 'Sika India Pvt. Ltd.', 'Sika India Pvt. Ltd.', 14, 0, 5, '08152105370', '08AAECS1119F1ZO ', 'AAECS1119F', '', 0, 15, 30, 'Cheque', 100000, 1, 1, 2, 1, 2, 'Yes'),
(86, 1, 'Nachi Technology India Pvt Ltd ', 'Nachi Technology India Pvt Ltd ', 42, 0, 5, '08200704420', '08AADCN9030F1ZK', 'AADCN9030F', 'AADCN9030FEM001', 0, 15, 25, 'Cheque', 100000, 3, 1, 2, 1, 2, 'Yes'),
(88, 16, 'J.K White Cement Works ', 'Unit of JK Cement Ltd. ', 33, 0, 3, '08841152305', '08AABCJ0355R1Z7', 'AABCJ0355R', 'AABCJ0355RXM001', 0, 11, 25, 'NEFT', 100000, 2, 1, 2, 1, 2, 'Yes'),
(89, 1, 'Ajanta Polymer Pvt Ltd', 'APPL', 42, 0, 4, '08360607429', '08AAHCA6181G1ZL', 'AAHCA6181G', 'AAHCA6181GEM001', 0, 15, 30, 'Cheque', 100000, 1, 1, 2, 1, 2, 'Yes'),
(90, 1, 'Daikin Airconditioning India Pvt. Ltd. ', 'DAIPL', 42, 0, 7, '8452105399', '08AABCD0971F1ZW', 'AABCD0971F', 'AABCD0971FXM001', 0, 15, 30, 'Cheque', 100000, 3, 1, 2, 1, 2, 'Yes'),
(91, 1, 'Vintage Distillers Ltd.', 'Vintage Distillers Ltd.', 42, 0, 6, '08440600401', '', 'AAACV2120K', '', 0, 15, 30, 'Cheque', 100000, 1, 1, 2, 1, 2, 'Yes'),
(92, 14, 'Rajshree Pulp And Board Mills Pvt. Ltd.', 'Rajshree Pulp And Board Mills Pvt. Ltd.', 14, 0, 7, '08022253512', '', 'AACCR7812G', 'AACCR7812GXM001', 0, 15, 30, 'Cheque', 100000, 1, 1, 2, 1, 2, 'Yes'),
(93, 1, 'Sodexo Food Solution India Pvt. Ltd', '(Jodhpur)', 15, 0, 6, '08222551677', '08AAACR2547Q1ZW', 'AAACR2547Q', '', 0, 11, 0, 'NEFT', 0, 2, 1, 2, 1, 2, 'Yes'),
(94, 1, 'A H Corporation', 'A H Corporation', 1, 0, 10, '08184003789', '', 'AEDPH2393N', '', 0, 11, 7, 'Cheque', 50000, 29, 1, 2, 1, 2, 'Yes'),
(95, 4, 'Hindustan Zinc Ltd', 'Hydro -I ,Unit II', 2, 0, 1, '08053901768', '08AAACH7354K1ZB', 'AAACH7354K', 'AAACH7354KXM005', 0, 11, 30, 'NEFT', 100000, 7, 1, 2, 1, 2, 'Yes'),
(96, 15, 'RSPL Limited', 'RSPL Limited- Sagar Unit', 55, 0, 11, '23157504482', '23AADCS7820A1ZV', 'AADCS7820A', 'AADCS7820AXM026', 0, 15, 0, 'NEFT', 500000, 1, 1, 2, 1, 2, 'Yes'),
(97, 1, 'Rajasthan Rajya Vidhyut Utpadan Ltd', '(Banswara)', 17, 0, 8, '08332105465', '', '', '', 0, 11, 30, 'Cheque', 1000000, 12, 1, 2, 1, 2, 'Yes'),
(98, 7, 'Adani Wilmar Ltd.', 'Unit-Bundi', 21, 0, 12, '08592105419', '', 'AABCA8056G', 'AABCA8056GXM004', 0, 15, 30, 'Cheque', 100000, 15, 1, 2, 1, 2, 'Yes'),
(101, 1, 'Advantage Oils Pvt. Ltd.', 'AOPL', 21, 0, 12, '08512807355', '08AAMCA0464H1ZO', 'AAMCA0464H', '', 0, 15, 30, 'Cheque', 100000, 15, 1, 2, 1, 2, 'Yes'),
(102, 0, 'Mahesh Edible Oil Industries Ltd.', 'Mahesh Edible Oil Industries Ltd.', 13, 0, 12, '08342909638', '', '', '', 0, 15, 30, 'Cheque', 100000, 15, 1, 2, 1, 2, 'Yes'),
(103, 1, 'ACC Limited', 'Unit-Lakheri Cement  Works', 21, 0, 3, '08252801090', '', 'AAACT1507C', 'AAACT1507CXM013', 0, 15, 30, 'Cheque', 100000, 15, 1, 2, 1, 2, 'Yes'),
(104, 1, 'Ruchi Soya Industries Ltd.', 'Ruchi Soya Industries Ltd.', 26, 0, 12, '08071606834', '', 'AAACR2892L', 'AAACR2892LEM012', 0, 15, 30, 'Cheque', 100000, 1, 1, 2, 1, 2, 'Yes'),
(105, 1, 'K.S.Oils Limited', 'K.S.Oils Limited', 13, 0, 12, '08052558803', '', '', '', 0, 15, 30, 'Cheque', 100000, 15, 1, 2, 1, 2, 'Yes'),
(106, 1, 'Khilari Infrastructure Pvt. Ltd.', 'KIPL', 1, 0, 10, '08123965604', '', 'AAFCA9143A', '', 0, 15, 30, 'Cheque', 100000, 29, 1, 2, 1, 2, 'Yes'),
(107, 10, 'Shriram Cement Works ', 'Shriram Cement Works ', 13, 0, 3, '08452101422', '', 'AAAC0097R', 'AAAC0097RXM003', 0, 15, 30, 'Cheque', 100000, 15, 1, 2, 1, 2, 'Yes'),
(108, 1, 'KEI Industries Limited ', 'Kei Industries Limited', 42, 0, 13, '08600850088', '', 'AAACK0251C', 'AAACK0251CXM004', 0, 15, 30, 'Cheque', 100000, 1, 1, 2, 1, 2, 'Yes'),
(109, 1, 'Juneja Wires Pvt. Ltd.', 'Juneja Wires Pvt. Ltd.', 14, 0, 13, '08552162089', '', 'AABCJ9179M', '', 0, 15, 30, 'Cheque', 100000, 1, 1, 2, 1, 2, 'Yes'),
(110, 8, 'Shree Cement Ltd.,', '(Khushkhera Cement Grinding Project)', 42, 0, 3, '08530101044', '08AACCS8796G1ZR', 'AACCS8796G', 'AACCS8796GXM004', 0, 11, 30, 'Cheque', 20000, 1, 1, 2, 1, 2, 'Yes'),
(111, 1, 'Cattle Feed Plant ', 'A Unit of Rajasthan Dairy Federation Ltd', 20, 0, 6, '08890752007', '', '', '', 0, 15, 30, 'Cheque', 100000, 1, 1, 2, 1, 2, 'Yes'),
(112, 1, 'Sigma Electric Manufacturing  Pvt. Ltd.', 'SEMPL', 14, 0, 13, '08161665712', '08AADCS9493H1ZS', 'AADCS9493H', 'AADCS9493HXM004', 0, 15, 30, 'Cheque', 100000, 1, 1, 2, 1, 2, 'Yes'),
(114, 8, 'Shree Cement Limited', '(Shree Mega Power)', 3, 0, 3, '08530101044', '08AACCS8796G1ZR', 'AACCS8796G', 'AACCS8796GXM001', 0, 11, 30, 'Cheque', 200000, 7, 1, 2, 1, 2, 'Yes'),
(115, 1, 'Raj West Power Limited', 'RWPL', 12, 0, 8, '08771763589', '', 'AAACR8812L', 'AAACR8812LEM001', 0, 4, 30, 'NEFT', 150000, 2, 1, 2, 1, 2, 'Yes'),
(116, 0, 'Heavy Water Project Stores', 'Stores Unit', 13, 0, 8, '08591101081', '', '', '', 0, 11, 30, 'Cheque', 100000, 15, 1, 2, 1, 2, 'Yes'),
(117, 1, 'G.D. Foods Mfg.(I) Pvt. Ltd.', 'G.D. Industrial', 42, 0, 6, '08120700972', '', '', '', 0, 15, 30, 'Cheque', 100000, 1, 1, 2, 1, 2, 'Yes'),
(118, 1, 'Jai Maaa Sagra Construction ', 'JMSC', 2, 0, 7, '08271105525', '', 'AHYPJ6824A', '', 0, 11, 30, 'Cheque', 100000, 7, 1, 2, 1, 2, 'Yes'),
(119, 1, 'Mark Splendour Nonwovens (P) Limited', 'MSNPL', 42, 0, 10, '08920853889', '', 'AAECM4716A', 'AAECM4716AXM001', 0, 15, 30, 'Cheque', 100000, 3, 1, 2, 1, 2, 'Yes'),
(120, 1, 'Binani Cement Ltd.', 'BCL', 7, 0, 3, '08763301287', '', 'AABCB3087C', 'AABCB3087CXM001', 0, 15, 30, 'Cheque', 100000, 29, 1, 2, 1, 2, 'Yes'),
(121, 1, 'Bestex MM India Pvt. Ltd. ', 'BIPL', 42, 0, 7, '08714200068', '08AACCB8837H1ZG', 'AACCB8837H', 'AACCB8837HXM001', 0, 15, 30, 'Cheque', 100000, 1, 1, 2, 1, 2, 'Yes'),
(122, 1, 'Taya Ceramics Pvt. Ltd. ', 'TCPL', 1, 0, 7, '08703952772', '', 'AACCT5454E', '', 0, 11, 30, 'Cheque', 100000, 29, 1, 2, 1, 2, 'Yes'),
(123, 1, 'PI Industries Ltd.', 'PI', 1, 0, 7, '08613951706', '08AABCP2183M1Z5', 'AABCP2183M', 'AABCP2183MXM001', 0, 4, 30, 'Cheque', 100000, 29, 1, 2, 1, 2, 'Yes'),
(124, 1, 'Ronak Processors Pvt.Ltd', 'RPPL', 5, 0, 2, '08761004618', '', '', '', 0, 15, 30, 'Cheque', 100000, 7, 1, 2, 1, 2, 'Yes'),
(125, 1, 'Fateh Enviro Engineers Pvt Ltd', 'FEPL', 12, 0, 7, '08932406320', '', 'AACCF4379G', '', 0, 4, 0, 'NEFT', 100000, 23, 1, 2, 1, 1, 'Yes'),
(126, 0, 'Reliance Chemotex Industries Limited', 'RCIL', 1, 0, 2, '08253904471', '', 'AABCR3739H', 'AABCR3739HXM001', 0, 4, 7, 'Cheque', 100000, 29, 1, 2, 1, 2, 'Yes'),
(127, 1, 'Tripple Star Agri Pvt. Ltd.', 'TSAPL', 23, 0, 7, '08434352124', '', 'AADCT8301M', '', 0, 15, 0, 'Cheque', 100000, 32, 1, 2, 1, 2, 'Yes'),
(128, 1, 'JCT Limited', 'Integrated Textile Solutions   ', 49, 0, 2, '', '', '', '', 0, 15, 0, 'NEFT', 0, 3, 1, 2, 1, 2, 'Yes'),
(129, 1, 'Otsuka Chemical (India) Pvt. Ltd.', 'Otsuka Chemical (India) Pvt. Ltd.', 14, 0, 4, '08442190619', '08AAACO8042K1Z9', 'AAACO8042K', '', 0, 15, 7, 'Cheque', 25000, 1, 1, 2, 1, 2, 'Yes'),
(130, 1, 'China Coal No 5 Construction India Pvt. ltd.', 'CCCIL', 4, 0, 7, '08821262799', '08AAEFF0911B1Z5', 'AAECC5646F', '', 0, 11, 0, 'Cheque', 1000000, 29, 1, 2, 1, 2, 'Yes'),
(132, 5, 'RSWM Ltd. ', 'Unit - Ringas', 35, 0, 2, '08041001037', '08AAACR9700M1Z3', 'AAACR9700M', 'AAACR9700MXM010', 0, 15, 20, 'NEFT', 100000, 3, 1, 2, 1, 2, 'Yes'),
(134, 5, 'RSWM Limited Lodha', 'Lodha Unit', 17, 0, 2, '08041001037', '08AAACR9700M1Z3', 'AAACR9700M', 'AAACR9700MXM003', 0, 11, 30, 'Cheque', 100000, 12, 1, 2, 1, 2, 'Yes'),
(135, 1, 'Havells India Limited', 'HIL(Cable Division)', 42, 0, 13, '08150602355', '', 'AACH0351E', 'AACH0351EXM004', 0, 15, 30, 'NEFT', 100000, 1, 1, 2, 1, 2, 'Yes'),
(136, 1, 'Shree Radhey Krishna Enterprise', 'SRKE', 14, 0, 10, '', '', '', '', 0, 15, 30, 'Cheque', 100000, 1, 1, 2, 1, 2, 'Yes'),
(137, 1, 'Asia Industrial Textile Co. Ltd.', 'AITCL- Kota', 13, 0, 2, '', '', '', '', 0, 15, 30, 'NEFT', 100000, 7, 1, 2, 1, 2, 'Yes'),
(138, 1, 'Jindal Aluminium Limited', 'Rolling Mill Division ', 51, 0, 1, '29620058356', '29AAACJ4324M1ZD', 'AAACJ4324M', 'AAACJ4324MXM001', 0, 15, 0, 'NEFT', 0, 11, 1, 2, 1, 2, 'Yes'),
(139, 10, 'Shriram Vinyl & Chemical Industries', 'A Division of DCM Shriram Ltd.', 13, 0, 4, '08452101422', '08AAACD0097R1Z7', 'AAACD0097R', 'AAACD0097RXM003', 0, 15, 0, 'NEFT', 0, 15, 1, 2, 1, 2, 'Yes'),
(140, 1, 'Prem Sakhi Fertilizers Ltd', 'PSFL', 1, 0, 4, '08463953680', '08AACCP2360H1ZK', 'AACCP2360H', '', 0, 11, 7, 'Cheque', 100000, 29, 1, 2, 1, 2, 'Yes'),
(141, 1, 'Shree Ganesh Electricals', 'SGE', 1, 0, 7, '', '', '', '', 0, 4, 0, 'Cheque', 100000, 29, 1, 2, 1, 2, 'Yes'),
(142, 1, 'Shri Shyam Enterprises ', 'SSE', 42, 0, 10, '08570706302', '', 'ACVFS1928E', '', 0, 15, 0, 'NEFT', 0, 6, 1, 2, 1, 2, 'Yes'),
(143, 13, 'JK Lakshmi Cement Limited', 'JLC- Kalol Unit', 8, 0, 3, '', '', '', '', 0, 15, 30, 'NEFT', 0, 1, 1, 2, 1, 2, 'No'),
(144, 1, 'Asian Colour Coated Ispat Ltd.', 'ACCIL-Bawal', 44, 0, 5, '', '', '', '', 0, 15, 0, 'NEFT', 0, 3, 1, 2, 1, 2, 'Yes'),
(145, 1, 'Reliant Drilling Ltd.', 'Reliant Drilling Ltd.', 4, 0, 1, '08891262421', '', 'AAGCR1560F', '', 0, 11, 0, 'NEFT', 0, 16, 1, 2, 1, 2, 'Yes'),
(146, 1, 'Therachem Research Medilab (india) Pvt. Ltd.', 'TRM- Jaipur', 14, 0, 4, '08932111828', '', 'AACCT6557E', 'AACCT6557EEM001', 0, 15, 0, 'NEFT', 100000, 1, 1, 2, 1, 2, 'Yes'),
(147, 1, 'Ahimsa Technical Services', 'Ion Exchange Customer Care Center ', 13, 0, 10, '08722916122', '', 'ABGFA7067A', '', 0, 15, 0, 'Cheque', 50000, 15, 1, 2, 1, 2, 'Yes'),
(148, 15, 'RSPL Limited', 'RSPL Limited- Bhognipur', 46, 0, 11, '09645600217', '09AADCS7820A1ZL', 'AADCS7820A', 'AADCS7820AXM007', 0, 15, 0, 'NEFT', 100000, 1, 1, 2, 1, 2, 'Yes'),
(149, 1, 'SPX Flow Technology ( India) Private Limited', 'Johnson pump ( India) Private Limited', 8, 0, 7, '', '', '', '', 0, 15, 0, 'NEFT', 0, 9, 1, 2, 1, 2, 'Yes'),
(151, 15, 'RSPL Limited', ' Alwar Unit', 42, 0, 11, '08590602598', '08AADCS7820A1ZN', 'AADCS7820A', 'AADCS7820AXM015', 0, 15, 0, 'NEFT', 0, 3, 1, 2, 1, 2, 'Yes'),
(152, 1, 'Chetak Mall', 'Chetak Mall', 1, 0, 7, '', '', '', '', 0, 11, 0, 'Cheque', 200000, 29, 1, 2, 1, 2, 'Yes'),
(153, 16, 'J.K Cement Works, Muddapur', 'Unit:J. K Cement Ltd.', 6, 0, 3, '29550727452', '', 'AABCJ0355R', 'AABCJ0355RXM006', 0, 15, 30, 'NEFT', 100000, 11, 1, 2, 1, 2, 'Yes'),
(154, 5, 'RSWM Ltd', 'RSWM-Unit KanyaKheri', 5, 0, 2, '08041001037', '08AAACR9700M1Z3', 'AAACR9700M', 'AAACR9700MEM011', 0, 15, 15, 'NEFT', 100000, 7, 1, 2, 1, 2, 'Yes'),
(155, 8, 'Shree Cement Ltd.(Unit-Suratgarh Cement Grinding Project)', 'Unit-Suratgarh Cement Grinding Project.', 26, 0, 3, '08530101044', '08AACCS8796G1ZR', 'AACCS8796G', 'AACCS8796GXM005', 0, 11, 30, 'NEFT', 500000, 1, 1, 2, 1, 2, 'Yes'),
(156, 1, 'Ambatech Engineering', 'OEM-Bhiwadi', 42, 0, 5, '', '', '', '', 0, 15, 0, 'NEFT', 100000, 3, 1, 2, 1, 2, 'Yes'),
(157, 1, 'Power Equipment', 'OEM-Kota', 13, 0, 10, '08822903069', '', 'AFRPS6734H', '', 0, 15, 0, 'NEFT', 0, 15, 1, 2, 1, 2, 'Yes'),
(158, 1, 'Max Consultaants ', 'Max Consultaants ', 4, 0, 7, '08963853204', '', 'AHLPA0529N', '', 0, 11, 0, 'Cheque', 100000, 29, 1, 2, 1, 2, 'Yes'),
(159, 15, 'RSPL Limited ( Unit - Raipur)', ' Unit - Raipur', 9, 0, 11, '22894202745', '22AADCS7820A1ZX', 'AADCS7820A', 'AADCS7820AEM041', 0, 15, 15, 'NEFT', 500000, 3, 1, 2, 1, 2, 'Yes'),
(160, 1, 'Shree System Enterprises', 'SSE', 8, 0, 7, '33371440338', '33ALEPK9393H1ZT', 'ALEPK9393H', '', 0, 11, 0, 'Cheque', 50000, 27, 1, 2, 1, 2, 'Yes'),
(161, 1, 'Lucky Biscuits Factory ', 'Lucky Biscuits Factory ', 14, 0, 6, '08231701709', '', '', '', 0, 15, 15, 'Cheque', 100000, 32, 1, 2, 1, 2, 'No'),
(162, 1, 'H S Engineering and Marketing', 'H S Engineering and Marketing', 43, 0, 10, '27570929622C', '27AAGFH7941D1ZD', 'AAEHV96937', '', 0, 15, 0, 'NEFT', 100000, 10, 1, 2, 1, 2, 'Yes'),
(163, 1, 'Wolkem India Limited', 'WIL', 1, 0, 1, '08743901922', '08AAACW1831A1ZB', 'AAACW1831A', '', 0, 11, 30, 'Cheque', 100000, 29, 1, 2, 1, 2, 'Yes'),
(164, 1, 'The Leela Palace Udaipur', 'The Leela Palace Udaipur', 1, 0, 7, '', '', '', '', 0, 4, 0, 'Cheque', 100000, 29, 1, 2, 1, 2, 'Yes'),
(165, 1, 'Fluid Management & Solutions LLP', 'Fluid Management & Solutions LLP', 1, 0, 7, '08453967799', '08AAEFF0911B1Z5', 'AAEFF0911B', '', 0, 16, 30, 'NEFT', 50000000, 29, 1, 2, 1, 2, 'Yes'),
(166, 1, 'Relaxo Footwears Ltd', 'Relaxo Footwears Ltd-Unit III', 42, 0, 7, '08080851247', '', '', '', 0, 15, 30, 'Cheque', 1000000, 1, 1, 2, 1, 2, 'Yes'),
(167, 0, 'Emami Cement Limited', 'Unit-Risda', 9, 0, 3, '22622501077', '22AABCE7927L1ZI', 'AABCE7927L', 'AABCE7927L', 0, 11, 30, 'Cheque', 100000, 27, 1, 2, 1, 2, 'Yes'),
(168, 15, 'RSPL Limited-(Unit -Dhar)', 'Unit -Dhar', 10, 0, 11, '23157504482', '23AADCS7820A1ZV', 'AADCS7820A', 'AADCS7820AXM012', 0, 15, 15, 'NEFT', 100000, 20, 1, 2, 1, 2, 'Yes'),
(169, 1, 'HSIL Limited', 'HSIL Limited-(Hindustan Sanitary-ware & Ind. Ltd.)', 42, 0, 7, '08440855220', '08AAACH7564H1ZE', 'AAACH7564H', 'AAACH7564HEM009', 0, 15, 7, 'Cash', 100000, 17, 1, 2, 1, 2, 'Yes'),
(170, 1, 'Mahindra & Mahindra Ltd.', 'Mahindra & Mahindra Ltd.-Jaipur', 14, 0, 5, '08492101400', '', 'AAACM3025E', '', 0, 15, 15, 'NEFT', 200000, 1, 1, 2, 1, 2, 'Yes'),
(171, 1, 'Don Construction Chemicals India Limited', 'DCCIL-Jaipur', 14, 0, 4, '08701659692', '', '', '', 0, 15, 0, 'NEFT', 50000, 1, 1, 2, 1, 2, 'Yes'),
(172, 16, 'J.K Cement Works', 'J.K Cement Works-Nimbahera', 2, 0, 3, '08841152305', '08AABCJ0355R1Z7', 'AABCJ0355R', 'AABCJ0355RXM002', 0, 15, 30, 'NEFT', 500000, 13, 1, 2, 1, 2, 'Yes'),
(173, 1, 'Minaxi Industries', 'Minaxi Industries-Balotra', 12, 0, 2, '08332402091', '08AANPG7100Q1ZC', 'AANPG7100Q', '', 0, 11, 0, 'NEFT', 50000, 2, 1, 2, 1, 2, 'Yes'),
(174, 10, 'Shriram Power Plant', 'Shriram Power Plant', 13, 0, 8, '', '', '', '', 0, 15, 7, 'NEFT', 200000, 15, 1, 2, 1, 2, 'Yes'),
(175, 8, 'Bihar Cement Plant ( A Unit of Shree Cement Ltd )', 'Bihar Cement Plant ( A Unit of Shree Cement Ltd )', 52, 0, 3, '10010949063', '10AACCS8796G1Z6', 'AACCS8796G', 'AACCS8796GEM010', 0, 11, 30, 'NEFT', 1000000, 1, 1, 2, 1, 2, 'Yes'),
(176, 8, 'UP Grinding Unit', '(A Unit of Shree Cement Ltd)', 54, 0, 3, '09990900438', '09AACCS8796G1ZP', 'AACCS8796G', 'AACCS8796GSD013', 0, 11, 30, 'Cheque', 1000000, 27, 1, 2, 1, 2, 'Yes'),
(177, 1, 'JSR Engineering & Associates', 'JSR Engineering & Associates', 2, 0, 7, '', '', '', '', 0, 4, 0, 'Cheque', 200000, 7, 1, 2, 1, 2, 'Yes'),
(178, 1, 'Bhansali Engineering Polymers Ltd', 'BEPL', 7, 0, 7, '08283101440', '08AAACB3368H1ZQ', 'AAACB3368H', '', 0, 4, 30, 'Cheque', 200000, 2, 1, 2, 1, 2, 'Yes'),
(179, 1, 'Shilpa Trade Links Pvt. Ltd.', 'Shilpa Trade Links Pvt. Ltd.', 1, 0, 7, '08743900079', '08AACCS0229A1ZZ', 'AACCS0229A', 'AACCS0229A', 0, 12, 30, 'NEFT', 5000000, 29, 1, 2, 1, 2, 'Yes'),
(180, 1, 'Ravi Infra Projects Pvt Ltd', 'Ravi Infra Projects Pvt Ltd', 1, 0, 7, '', '', '', '', 0, 11, 0, 'Cheque', 100000, 29, 1, 2, 1, 2, 'Yes'),
(181, 1, 'Guljag Industeris Ltd', 'Guljag Industeris Ltd', 15, 0, 7, '08802656991', '', '', '', 0, 4, 0, 'Cheque', 10000, 2, 1, 2, 1, 2, 'Yes'),
(182, 1, 'Bhiwadi Jal Pradushan Niwaran Trust', 'BJPNT-Bhiwadi', 42, 0, 7, '', '08AABTB7555N1ZB', 'AABTB7555N', '', 0, 15, 0, 'NEFT', 200000, 3, 1, 2, 1, 2, 'Yes'),
(183, 5, 'RSWM LTD', 'Fabrics Division', 17, 0, 2, '08041001037', '08AAACR9700M1Z3', 'AAACR9700M', '', 0, 11, 30, 'Cheque', 200000, 12, 1, 2, 1, 2, 'Yes'),
(184, 1, 'Gill Brothers', 'Gill Brothers', 26, 0, 7, '', '08AADFGI384LI27', 'AADFGI384L', '', 0, 11, 30, 'NEFT', 50000, 17, 1, 2, 1, 2, 'Yes'),
(185, 1, 'Bharat Timber & Construction Co.', 'BTCC', 43, 0, 1, '', '', '', '', 0, 15, 0, 'NEFT', 100000, 29, 1, 2, 1, 2, 'Yes'),
(186, 1, 'Janki Corp Limited', 'Janki Corp Limited', 5, 0, 7, '', '29AAACJ3638A1ZV', 'AAACJ3638A', '', 0, 15, 30, 'NEFT', 100000, 7, 1, 2, 1, 2, 'Yes'),
(187, 1, 'Kalpataru Power Transmission Limited', 'KPTL', 2, 0, 7, '', '08AAACK8387R2Z1', 'AAACK8387R', '', 0, 15, 15, 'NEFT', 100000, 1, 1, 2, 1, 2, 'Yes'),
(188, 1, 'S N Chemicals', 'S N Chemicals-Bhilwara', 5, 0, 4, '08151053405', '', 'ABMFS8490B', '', 0, 15, 0, 'NEFT', 100000, 7, 1, 2, 1, 2, 'Yes'),
(189, 1, 'Mangalam Cement Ltd.', 'Mangalam Cement Ltd.-Aligarh', 57, 0, 3, '', '09AABCM6602Q1Z2', 'AABCM6602Q', '', 0, 15, 30, 'NEFT', 100000, 20, 1, 2, 1, 2, 'Yes'),
(190, 1, 'National Engineering Industries Ltd.', 'NBC Bearing Ltd.-NEI', 14, 0, 5, '08301752353', '08AAACN9969L1ZM', 'AAACN9969L', 'AAACN9969LXM 002', 0, 15, 15, 'NEFT', 100000, 3, 1, 2, 1, 2, 'Yes'),
(191, 1, 'Gulshan Chemicals Ltd.,', 'Gulshan Chemicals Ltd.,', 42, 0, 4, '08510850574', '', 'AAACG4002H', '', 0, 15, 0, 'NEFT', 100000, 3, 1, 2, 1, 2, 'Yes'),
(192, 1, 'Asahi India Glass Ltd.', 'AIGL', 44, 0, 5, '', '', '', '', 0, 15, 7, 'NEFT', 100000, 3, 1, 2, 1, 2, 'Yes'),
(193, 1, 'A.M. Beston Suppliers', 'A.M. Beston Suppliers', 46, 0, 10, '', '', '', '', 0, 15, 0, 'NEFT', 100000, 3, 1, 2, 1, 2, 'Yes'),
(194, 1, 'Alka Laboratories Pvt. Ltd.,', 'ALPL', 42, 0, 4, '08270854101', '08AACCA7721R1Z7', 'AACCA7721R', 'AACCA7721RXM001', 0, 12, 30, 'NEFT', 200000, 1, 1, 2, 1, 2, 'Yes'),
(195, 1, 'Toshcon Jesco (India) Pvt. Ltd.,', 'Toshcon Jesco (India) Pvt. Ltd.,', 18, 0, 10, '', '', '', '', 0, 15, 0, 'NEFT', 100000, 17, 1, 2, 1, 2, 'Yes'),
(196, 1, 'S-CCI INDIA PVT. LTD.', 'S-CCI INDIA PVT. LTD.', 42, 0, 5, '', '', '', '', 0, 15, 0, 'Cheque', 200000, 3, 1, 2, 1, 2, 'Yes'),
(197, 1, 'Vandana Enterprises', 'Vandana Enterprises', 63, 0, 10, '', '', '', '', 0, 15, 0, 'NEFT', 100000, 17, 1, 2, 1, 2, 'Yes'),
(198, 1, 'Synergy Associates', 'Hitech Engineers', 14, 0, 10, '', '08AAWFS3528D1ZV', 'AAWFS3528D', '', 0, 15, 0, 'NEFT', 100000, 32, 1, 2, 1, 2, 'Yes'),
(199, 1, 'Deccan Cement Limited', 'DCL', 60, 0, 3, '', '36AAACD8406G1ZU', 'AAACD8406G', '', 0, 11, 7, 'NEFT', 100000, 17, 1, 2, 1, 2, 'Yes'),
(200, 1, 'Krishna Phoschem Ltd.', 'KPL-Oswal Group', 5, 0, 4, '', '', '', '', 0, 15, 0, 'NEFT', 100000, 7, 1, 2, 1, 2, 'Yes'),
(201, 1, 'VS Lignite Power Private Limited', 'VS LP', 11, 0, 8, '', '08AACCM7306G1ZL', 'AACCM7306G', '', 0, 11, 10, 'NEFT', 100000, 20, 1, 2, 1, 2, 'Yes'),
(202, 1, 'Jodhpur Pradushan Niwaran Trust', 'JPNT', 15, 0, 9, '', '', '', '', 0, 11, 6, 'NEFT', 100000, 2, 1, 2, 1, 2, 'Yes'),
(203, 1, 'Nandan Denim Pvt. Ltd.', 'Chiripal Group ', 8, 0, 2, '', '', '', '', 0, 15, 0, 'NEFT', 100000, 7, 1, 2, 1, 2, 'Yes'),
(204, 1, 'Durga Associates', 'STP OEM', 14, 0, 10, '', '', '', '', 0, 15, 0, 'NEFT', 100000, 1, 1, 2, 1, 2, 'Yes'),
(205, 1, 'Schreiber Dynamix Dairies Pvt. ltd', 'SDDPL', 62, 0, 6, '', '27AAACD3743J1ZO', '', '', 0, 11, 20, 'NEFT', 500000, 27, 1, 2, 1, 2, 'Yes'),
(206, 15, 'RSPL Limited', 'RSPL Limited- Jhansi', 58, 0, 11, '', '09AADCS7820A1ZL', 'AADCS7820A', '', 0, 15, 15, 'NEFT', 100000, 20, 1, 2, 1, 2, 'Yes'),
(207, 1, 'Hydromicals ', 'OEM STP', 14, 0, 10, '', '08BIPPR6342L1ZH', '', '', 0, 15, 0, 'NEFT', 100000, 32, 1, 2, 1, 2, 'Yes'),
(208, 1, 'Urban Improvement Trust ', 'UIT-Udaipur', 1, 0, 9, '', '08AAALU0072E1Z7', '', '', 0, 15, 6, 'Cheque', 100000, 29, 1, 2, 1, 2, 'Yes'),
(209, 6, 'Sangam (India) Limited- (Denim)', 'Sangam (India) Limited- (Denim)', 5, 0, 2, '', '08AACCS0486K1Z3', 'AACCS0486K', '', 0, 15, 30, 'NEFT', 100000, 7, 1, 2, 1, 2, 'Yes'),
(210, 1, 'Nav Durga Services', 'NDS', 1, 0, 7, '', '08AJSPR6857P12T', 'AJSPR6857P', '', 0, 11, 1, 'Cheque', 50000, 29, 3, 7, 6, 8, 'Yes'),
(211, 1, 'Auronext Pharma Pvt. Ltd. ', 'APPL', 42, 0, 4, '', '', '', '', 0, 15, 0, 'NEFT', 100000, 1, 1, 2, 1, 2, 'Yes'),
(212, 1, 'ACC Limited', 'Chaibasa Cement Works', 64, 0, 3, '', '', '', '', 0, 15, 0, 'NEFT', 200000, 1, 1, 2, 1, 2, 'Yes'),
(213, 7, 'dimple1', 'dimpu1', 6, 0, 13, 'asd1231', 'gst1231', 'pan1231', 'ecc1231', 0, 16, 41, 'Cash', 10001, 7, 2, 4, 22, 32, 'No');

-- --------------------------------------------------------

--
-- Table structure for table `customer_address`
--

CREATE TABLE `customer_address` (
  `id` int(11) NOT NULL,
  `customer_id` int(11) NOT NULL,
  `address` text NOT NULL,
  `district_id` int(10) NOT NULL,
  `telephone` varchar(20) NOT NULL,
  `mobile` varchar(10) NOT NULL,
  `transporter_id` int(10) NOT NULL,
  `default_address` tinyint(1) NOT NULL DEFAULT '0'
) ENGINE=InnoDB DEFAULT CHARSET=utf8;

--
-- Dumping data for table `customer_address`
--

INSERT INTO `customer_address` (`id`, `customer_id`, `address`, `district_id`, `telephone`, `mobile`, `transporter_id`, `default_address`) VALUES
(71, 39, 'Kailash Nagar, Nimbahera-312617\r\nDistt-Chittorgarh,(Rajasthan)\r\nContact no.-01477220205\r\n', 2, '', '', 7, 1),
(141, 58, 'J K Tyre & Industries Ltd.\r\nJaykaygram, PO-Tyre Factory,\r\nKankroli-313342(Raj)', 4, '', '', 0, 1),
(157, 63, 'Kota Super Thermal Power Plant,\r\nRajsthan Rajya Vidyut Utpadan Nigam Limited,\r\nSakatpura, Kota-313003', 13, '', '', 7, 1),
(173, 82, 'Rampura Agucha Mines ,\r\nPO Agucha Dist. Bhilwara - 311029', 5, '', '', 0, 0),
(181, 87, 'P.O Gotan ,Dist. Nagaur- 342 902 Rajasthan ', 33, '', '', 0, 0),
(215, 97, 'The Executive Engineer ( O&M/Ph-I)\r\nGeneration Circle,Vidhyut nagar\r\nBanswara-327001', 17, '', '', 0, 1),
(221, 100, 'NH-12, Ramganj Balaji, Bundi, Rajasthan-323001', 21, '', '', 0, 1),
(223, 102, 'Kathori, Kota (Raj.)', 13, '', '', 0, 1),
(226, 104, 'A-69-70, RICCO Industrial Area Sriganganagar-335002', 26, '', '', 0, 1),
(227, 105, 'Jiwaji Ganj, Morena (M.P.)', 48, '', '', 0, 0),
(228, 105, 'Industrial Area, A.B. Road, Morena (M.P.)', 48, '', '', 0, 0),
(229, 105, 'Baran Road, Village-Tathed, Ditt- Kota, ', 13, '', '', 0, 1),
(231, 107, 'Shriram Nagar, Kota-324004', 13, '', '', 0, 1),
(232, 57, '(Division of DCM Shriram Ltd.)\r\nShriram Nagar, Kota-324004', 13, '', '', 7, 1),
(241, 73, 'Room 2 & 57th Floor,\r\nRaghukul Tower, \r\nKhatipura Mod , Srisi Road,\r\nJaipur-302021', 14, '', '', 7, 1),
(244, 92, '(Dalmia Group Of Companies)\r\nA-129 (N-1), Road No. 9-D, \r\nV.K.I. Area, Jaipur-302013', 14, '', '', 7, 1),
(248, 75, 'SP-1-33-35, New Industrial Area, Phase-III, Neemrana-301705', 42, '', '', 7, 1),
(249, 76, 'Plot No. SP-1, Kahrani\r\nIndustrial Area, (Bhiwadi\r\nExtension), RICCO Bhiwadi-\r\n301019', 42, '', '', 7, 1),
(256, 49, 'Rajasthan Rajya vidyut Utpadan Nigam Limited,\r\nVill-Undal, Tehsil- Jhalarapatn, Distt-Jhalawar\r\nPIN-326023 ', 30, '', '', 6, 1),
(262, 38, '(A Division of DCM Shriram Cement) Shriram Nagar, Kota-3240004', 13, '', '', 7, 1),
(268, 78, 'S. No. 121/135,\r\n Nr. M.I.A. RIICO  Idustrial Area,\r\nAt-Roondh Dhooninath,\r\nTeh-Ramgarh, \r\nNr. Ashok Leyland-999999\r\nAlwar (Raj)\r\n', 42, '', '', 7, 1),
(269, 98, 'Unit-Bundi\r\nSilor Road, \r\nKota-Jaipur Highway\r\nBundi-323001 (Raj)', 21, '', '', 6, 1),
(279, 108, 'A, 280-284 RIICO \r\nIndustrial Area,\r\nChopanki, Distt-Alwar\r\n301019 (Raj.)', 42, '', '', 6, 1),
(281, 54, 'Unit-Chopanki\r\nA-300-305 & 306-313, \r\nRIICO Industrial Area,\r\nPhase-VIII, Chopanki-301707\r\nAlwar', 42, '', '', 6, 1),
(285, 50, 'Chhabra Thermal Power   Project, \r\nRajasthan Rajya Vidyut Utpadan Nigam Limited,\r\nMotipura Chowki, \r\nBaran -325220  \r\n', 19, '', '', 30, 1),
(287, 35, 'Laksar Tyre Plant 2\r\nVill-Khedimubarakpur, \r\nTeh.: Laksar, -247663\r\nHaridwar  (Uttrakhand)', 37, '', '', 6, 1),
(304, 79, 'SP-53, RIICO Industrial Area, Bhiwadi-301019,\r\n', 42, '', '', 7, 1),
(309, 106, '376, Rukamani Sadan,\r\nNear Alok School, \r\nSector-11, \r\nUdaipur-313001 (Raj.)', 1, '', '', 29, 1),
(313, 16, 'Haridwar Zinc Plant\r\nPlot No 2D-1, Sector 10,\r\nIIE , SIDCUL \r\nHaridwar-249403\r\nUttrakhand', 37, '', '', 6, 1),
(317, 113, 'RSPL Group, Plot No.119-121, Block P&T, Kalpi Road, Fazalganj, Kanpur-208012 (UP)\r\n', 46, '', '', 0, 1),
(318, 113, 'Plot No. 42 to 47, 49 to 54, MPIIDC Growth Center Sector- MP', 47, '', '', 0, 0),
(325, 116, 'Stores Officer, Stores Unit\r\nP.O. Anushakti, Via Kota Distt. Kota-323303 (Raj.)', 13, '', '', 0, 1),
(326, 117, 'Plot. No. SP 15 & 16,\r\nRIICO Industrial Area , \r\nNeemarana, Distt.: Alwar\r\n301705 (Raj.)', 42, '', '', 0, 1),
(327, 118, 'Vill- Ajoliya Ka Khera, \r\nNear Hindustan Zinc Ltd.,\r\nCLZS Chanderia,\r\nDistt-Chittorgarh\r\n312021 (Raj.) ', 2, '', '', 0, 1),
(328, 119, 'E- 535, Industrial Area,\r\nChopanki, Bhiwadi,\r\nDistt.- Alwar\r\n301019 (Raj.)', 42, '', '', 0, 1),
(331, 122, 'Dakan Kotra,\r\n12 Km Miles Stone,\r\nUdaipur-Banswara Road,\r\nDistt- Udaipur,\r\n313001 (Raj.)', 1, '', '', 0, 1),
(339, 68, 'The Executive Engineer (O & M)\r\nSuratgarh Super thermal Power,\r\nRajasthan Rajya Vidyut Utpadan Nigam Limited, Near Village-Raiawali,\r\nSuratgarh-335804\r\nSri Ganganagar (Raj.)', 26, '', '', 31, 1),
(343, 99, 'Aditya Nagar, Morak-326520, Distt-Kota (Raj.) ', 13, '', '', 7, 1),
(344, 9, 'P.O. Adityanagar - 326 520\r\nMORAK, Distt. Kota (Rajasthan)', 13, '', '', 6, 1),
(345, 124, 'G-138 to 142,4th Phase,\r\nRiico Industrial Area, Bhilwara-311001\r\n(Raj.)\r\n', 5, '', '', 0, 1),
(350, 126, 'P.B. 73 ,\r\nKanpur Madri\r\nUdaipur-313003', 1, '', '', 0, 1),
(356, 127, 'E-1 RIICO Industrial Area,\r\nLalsot\r\nDausa -303511', 23, '', '', 7, 1),
(363, 131, 'Udai Sagar Road\r\nMIA, Near FCI\r\nUdaipur', 1, '', '', 0, 1),
(382, 133, 'B-25 RIICO Housing Colony\r\nRoad No. 1D, Vishwakarma Industrial Are,\r\nJAIPUR-302013', 14, '', '', 0, 1),
(383, 128, 'Village Chohal |Hoshiarpur |146024 Punjab | India\r\n', 49, '', '', 6, 1),
(389, 136, 'A-27, Kumawat badi Khatipura,\r\nJaipur-302012 (Raj.)', 14, '', '', 6, 1),
(416, 143, 'Kalol Grinding Unit\r\n\r\nVillage : Moti Bhoyan\r\n\r\nTaluka : Kalol, Dist.: Gandhinagar', 8, '', '', 6, 1),
(418, 94, '206, MTN, \r\nNeemach Kheda Main Road, \r\nNeenach Mata Scheme, Dewali, UDAIPUR-313001 (Raj.)', 1, '', '', 29, 1),
(419, 145, 'S. K Mines Complex\r\nDariba -313211 Dist- Rajsamand', 4, '', '', 6, 1),
(421, 141, 'Village : Bhanwarasia\r\nVaya- Dabok\r\nUdaipur-313022', 1, '', '', 29, 1),
(432, 142, 'Near Baba Kedarnath Dharmkanta\r\nOpp. Hero Motocorps.\r\nNeemrana\r\nAlwar-301705\r\n', 42, '', '', 6, 1),
(433, 103, 'Unit-Lakheri Cement  Works\r\nPO- Lakheri, \r\nDisst- Bundi-323603 (Raj.)', 21, '', '', 6, 1),
(440, 137, 'Bakhshi Enterprises\r\nIndraprasth Ind. Area, \r\nKota, Raj. - 324005\r\n\r\n', 13, '', '', 6, 1),
(441, 144, 'Works   : 7 -12, Sec - 6,  \r\nHSIIDC, Bawal\r\nDis. Rewari :123501, Haryana, ', 44, '', '', 6, 1),
(445, 120, 'P.O. Binanigram, \r\nSirohi -307031 (Raj.)', 7, '', '', 29, 1),
(449, 42, 'Rajasthan State Highway 9, \r\nSripati Nagar, Dabok, Udaipur-313201\r\nRajasthan \r\n', 1, '', '', 29, 1),
(453, 69, '68th Milestone, N.H.8, Village-Joniawas,\r\nDharuhera-122100,\r\nRewari,(Haryana)', 44, '', '', 6, 1),
(454, 52, 'United Spirits Limited, \r\nUnit- Alwar\r\n201-202,M.I.A,\r\nAlwar-301030', 42, '', '', 6, 1),
(455, 53, 'Udaisagar Road,\r\nUdaipur-313003', 1, '', '', 6, 1),
(456, 91, '117, M.I.A , Alwar (Raj.)', 42, '', '', 6, 1),
(457, 71, 'F-149, \"SAKAR\"\r\nChandrawardai Nagar,\r\nAjmer-305003 (Raj.)', 18, '', '', 6, 1),
(462, 149, 'Survey No. 275, Odhav,Ahmedabad-382415', 8, '', '', 6, 1),
(467, 152, 'Chetak Circle\r\nUdaipur', 1, '', '', 29, 1),
(469, 109, 'G-1017-1018, Phase-III,\r\nSitapura Industrial Area,\r\nTonk Road, Jaipur-302022', 14, '', '', 7, 1),
(476, 135, 'A-461/462 & SP-215, \r\nM.I.A., Alwar-301030\r\n(Raj.)', 42, '', '', 6, 1),
(488, 156, 'TB-332&333, Capital Galleria, UIT, \r\nBhiwadi, Dist. Alwar, Rajastan, Pin -301 019, India.', 42, '', '', 6, 1),
(492, 158, 'Kankroli', 4, '', '', 29, 1),
(494, 157, 'Road No. 5, Inderprastha Industrial Area\r\nKota-324005', 13, '', '', 6, 1),
(499, 161, 'KC & Brother, \r\nHira Wala Industrial Area,		\r\nKanota, JAIPUR (Raj.)		', 14, '', '', 6, 1),
(505, 164, 'Post Box No 125\r\nLake Pichola\r\nUdaipur-313001', 1, '', '', 29, 1),
(507, 125, 'WATER & WASTE WATER MANAGEMENT]\r\nPlat No.25 Near Kankariya Textile, \r\n1st Phase, RIICO Ind. Area,\r\nBalotra-344022\r\n', 12, '', '', 6, 1),
(508, 115, 'Village-Bhadresh\r\nBarmer -344001', 12, '', '', 7, 1),
(510, 166, 'Plant Code 1003 Unit-III\r\nA1130 & 1130A Industrial Area, Phase III\r\nBhiwadi- Alwar\r\n', 42, '', '', 6, 1),
(512, 147, 'Ion Exchange Customer Care Center\r\nIn front of UIT Colony Balita Road ,\r\nKunhari ,Kota-324008', 13, '', '', 6, 1),
(514, 111, 'A unit of Rajasthan Cooperative Dairy Federation Ltd\r\nNadbai, \r\nBhratpur 321602 (Raj.)\r\n', 20, '', '', 6, 1),
(518, 170, 'Farm Division Agri Development Center,\r\nVill.: MAHLA-303012, Teh.: Dudu\r\nAjmer Road, JAIPUR (Raj.)', 14, '', '', 6, 1),
(519, 171, 'T-14, Alankar Plaza, Central Spine, Vidhyadhar Nagar\r\n\r\nTel-0141-2230581 & 0141-2235159\r\n\r\nJaipur-Rajasthan-303712', 14, '', '', 6, 1),
(524, 153, 'Works : Vill- Muddapur, Tal.Mudhol\r\nDist. Bagalkot ( KAR)-587122', 6, '', '', 6, 1),
(528, 174, 'DCM Shriram ltd.\r\nShriram Nagar,\r\nKota-324004, Rajasthan,', 13, '', '', 6, 1),
(536, 177, 'Chittorgarh', 2, '', '', 6, 1),
(537, 178, 'SP 138-143, Ambaji Industrial Area , \r\nAbu Road 307026\r\n', 7, '', '', 6, 1),
(540, 114, '(Unit-Shree Mega Power)\r\nBangur Nagar, Beawar-305901 \r\nDistt: Ajmer (Raj.)', 18, '', '', 7, 1),
(545, 175, 'Biada Industrial Growth Centre, Near Jasoia Mor,\r\nAurangabad - 824101', 52, '', '', 1, 1),
(546, 31, '( A Unit of Shree Cement Ltd )\r\nJind Road\r\nKhukhrana,Assan Kalan\r\nPanipat Haryana-132103', 41, '', '', 6, 1),
(547, 30, 'Village -Khapradig ,Teh :-Simga\r\nBhatapara ,Baloda Bazar Raipur -493332\r\nChattisgarh', 9, '', '', 7, 1),
(548, 2, 'Unit-Aditya Cement Works\r\nAdityapuram Shambhura\r\nChittorgarh', 2, '', '', 6, 1),
(549, 6, 'Unit: Vikram Cement Works\r\nKHOR, Tehsil: Jawad \r\nNeemuch (MP)-458470', 10, '', '', 14, 1),
(550, 22, 'Unit-Birla White\r\nRajashree Nagar, Kharia Khangar\r\nVillage :-Kharia Khangar\r\nDist. Jodhpur 342606', 15, '', '', 6, 1),
(551, 23, 'Unit-Sewagram Cement Works\r\nVillage Vayor , Taluka Abdasa\r\nDist.-Kutch-370511', 38, '', '', 6, 1),
(552, 24, 'Unit-Bathinda Cement Works\r\nLehra Mohabbat, \r\nRampurphul\r\nBathinda (Punjab) - 151111', 39, '', '', 6, 1),
(553, 25, 'Unit-Awarpur Cement Works\r\nP.O. Awarpur\r\nTal :Korpana\r\nDist. Chandrapur \r\nMaharastra -442917', 40, '', '', 6, 1),
(555, 11, 'Unit- Rabriyawas\r\nTehsil-jaitaran \r\nPali (Raj)\r\n\r\n', 16, '', '', 7, 1),
(556, 11, 'City Office:\r\n21-22 Ganpati plaza \r\nBhagat Chauraha\r\nBeawar-305901', 3, '', '', 7, 0),
(558, 176, '(A Unit of Shree Cement Ltd)\r\n12 Sikandrabad Industrial Area\r\nSikandrabad\r\nBulandshahr', 54, '', '', 6, 1),
(560, 51, 'Sp 2-4, RIICO Industrial Area, Delhi-Jaipur Highway,\r\nNeemrana, Teh. Behror, Distt- Alwar-301705', 42, '', '', 7, 1),
(561, 40, 'Pali-Marwar-306401\r\nRajastahn', 16, '', '', 7, 1),
(562, 1, 'Dariba Smelter Complex\r\nRajpura Dariba Mines\r\nRajsamand - 313211', 4, '', '', 6, 1),
(563, 1, 'Captive Power Plant Dariba Smelter Complex\r\nRajpura Dariba Mines\r\nRajsamand - 313211', 4, '', '', 6, 0),
(564, 1, 'Lead Plant Dariba Smelter Complex\r\nRajpura Dariba Mines\r\nRajsamand - 313211', 4, '', '', 6, 0),
(565, 12, 'Sindesar Khurd Mine\r\nP.O. Dariba\r\nRajsamand', 4, '', '', 16, 1),
(571, 19, 'Unit-Pyro Plant\r\nChanderiya Lead Zinc Smelter\r\nChittorgarh', 2, '', '', 6, 1),
(572, 20, 'Zinc Smelter\r\nDebari\r\nUdaipur-313024', 1, '', '', 16, 1),
(573, 21, 'CPP Zawar Mines\r\nZawar Mines\r\nDist. Udaipur', 1, '', '', 16, 1),
(574, 83, 'Rampura Agucha Mines ,\r\nPO Agucha Dist. Bhilwara - 311029', 5, '', '', 6, 1),
(575, 95, 'Hydro -I ,Unit II\r\nChanderai Lead Zinc Smelter,\r\nChittorgarh-312021', 2, '', '', 6, 1),
(576, 88, 'P.O Gotan ,Dist. Nagaur- 342 902 Rajasthan ', 33, '', '', 7, 1),
(577, 160, 'H-26 Central Avenue\r\nKorattur\r\nChennai-600080', 8, '', '', 6, 1),
(578, 173, 'E-86 (A), 3rd Phase RIICO Industrial Area\r\nBalotra -344022', 12, '', '', 6, 1),
(581, 8, 'Unit Of - DCM Shriram Industries Limited\r\nShriram Nagar, Kota-324004', 13, '', '', 1, 1),
(582, 101, 'NH-12, Ramganj Balaji, \r\nBundi-323001 (Raj)', 21, '', '', 6, 1),
(583, 172, '(Unit of J. K Cement Ltd.)\r\nKailash Nagar, Nimbahera - 312617,\r\nDist: Chittorgarh ( Raj)', 2, '', '', 6, 1),
(584, 86, 'SP-86, NIC (M), RIICO \r\nIndustrial Area, Phase -II \r\nNeemrana , Alwar-301705, (Raj.) ', 42, '', '', 7, 1),
(585, 129, 'SP3-10 to 11, RIICO Industrial Area, Teh.: Kotputli, Keshwana Rajpoot, Distt: Jaipur (Raj.)', 14, '', '', 7, 1),
(593, 96, 'Plot No.119-121, Block P&T, \r\nKalpi Road, Fazalganj, \r\nKanpur-208012 (UP)\r\n\r\n', 46, '', '', 6, 0),
(594, 96, 'Sagar Unit -II -for OBA \r\nPlot No. 42 to 47, 49 to 54, \r\nMPIIDC Growth Center Sector -SAGAR, MP', 47, '', '', 6, 1),
(597, 64, 'Unit- Chopanki\r\nBlock No. SP 971, RICCO Industrial Area,\r\nCHOPANKI-301019', 42, '', '', 6, 1),
(598, 74, 'Plot No. SP 290-292,\r\nRIICO Industrial Area,\r\nPhase-VII, Chopanki, \r\nBhiwadi, Alwar-301019', 42, '', '', 6, 1),
(599, 67, '1003,Magnum Tower, 2nd Cross Lane, Swami Samarth Nagar,\r\n Andheri (W)-400053,\r\nMumbai(Maharashtra)', 43, '', '', 6, 1),
(600, 162, '1901, Ashwood, ACME Ozone\r\nManpadam Thane (W) -400610', 43, '', '', 6, 1),
(601, 62, 'B 5/7 Marudhar Industrial Area, Jodhpur-342005 ', 15, '', '', 6, 1),
(602, 180, 'Hiran Magri sector 11\r\nUdaipur', 1, '', '', 29, 1),
(603, 130, 'SK Mines\r\nRajpura Dariba ', 4, '', '', 7, 1),
(606, 26, 'Unit-Kotputli Cement Works\nVillage - Mohanpura\nTeh - Kotputli, Dist. Jaipur-303108', 14, '', '', 6, 1),
(607, 181, 'Nahata Bhawan\r\nChopasni road\r\nJodhpur', 15, '', '', 6, 1),
(609, 132, 'Unit - Ringas\r\nSP-1, Industrial Area, Ringas - 332404 (Raj.)\r\n', 35, '', '', 6, 1),
(611, 89, 'A-321,A-321(A), \r\nMatsay Industrial Area , \r\nAlwar-301030 (Raj)', 42, '', '', 6, 1),
(612, 89, '10001, 10th Floor,\r\n Agarwal Corporate Heights,\r\n Netaji Subhash Place, \r\nPitampura , \r\nDelhi-110034', 45, '', '', 6, 0),
(613, 66, '(Unit- Mandpam)\r\nPB No. 13\r\nBhilwara-311001', 5, '', '', 7, 1),
(614, 121, 'Plot No. SPL-2B, \r\nTapukara Industrial Area,\r\nBhiwadi Alwar Road, Tapukara, \r\nAlwar-301707 (Raj.)', 42, '', '', 7, 1),
(615, 5, '(Formerly Indo Zinc Ltd)\r\n(A Subsidiary of The India Cements Ltd)\r\nPost Wajwana\r\nBanswara -327025', 17, '', '', 1, 1),
(620, 77, '19 KM Stone,\r\n Bhiwadi-Alwar Road, \r\nVill-Gailpur \r\nBhiawdi-301707\r\nDistt-Alwar (Raj.)', 42, '', '', 7, 1),
(623, 185, '1 A, Anchorage, 7,Vachha Gandhi Road,New Gamdevi, Mumbai - 400 007\r\n', 43, '', '', 6, 1),
(624, 81, 'B-25-26, RIICO Housing Colony\r\nRoad No. 1-D, V.K.I. Area, \r\nJaipur-302013', 14, '', '', 6, 1),
(625, 182, 'Bhiwadi', 42, '', '', 6, 1),
(626, 123, 'Udai Sagar Road,\r\nDistt- Udaipur, \r\n313001 (Raj.)', 1, '', '', 29, 1),
(627, 3, 'Jaykaypuram\r\nBanas\r\nDist. Sirohi', 7, '', '', 29, 1),
(628, 186, 'Corres.: D.NO. 77, Ward No.22,2nd, Cross\r\nKappagal Road, Bellary-583101,\r\nKarnataka, ', 5, '', '', 6, 1),
(629, 43, '25, Rajasthan Project\r\nA.O. Building Barsingsar-334402\r\nBikaner (Raj.)', 11, '', '', 6, 1),
(633, 65, 'Plot# SP1 to & B5 to 8 \r\nAgro Park, M.I.A. (Extention )\r\nAlwar-301030 (Raj.)', 42, '', '', 6, 1),
(634, 84, 'SPC-162, MIA,\r\n Alwar -301030\r\n', 42, '', '', 6, 1),
(635, 61, 'P.O. Gadepan\r\nKota -325208', 13, '', '', 6, 1),
(636, 33, 'Unit:-LNJ Denim\r\nPost Box No 28\r\nLNJ Nagar Mordi\r\nBanswara-327001 (Raj.)', 17, '', '', 6, 1),
(637, 32, 'Power Plant\r\nLNJ Nagar\r\nVillage :Mordi\r\nBanswara-327001 (Raj.)', 17, '', '', 6, 1),
(638, 36, 'Post Box No 35\r\nLNJ Nagar , Mordi\r\nBanswara ( Raj)', 17, '', '', 6, 1),
(639, 37, 'RIICO Industrial Area\r\nNeemrana\r\n Alwar-301705', 42, '', '', 6, 1),
(640, 29, 'Bangur City\r\nPO RAS-306107\r\nTehsil :Jaitaran\r\nDist. Pali (Rajasthan)\r\n', 16, '', '', 6, 1),
(641, 4, 'Bangur Nagar \r\nPost Box no 33\r\nBeawar; 305901 Distt: Ajmer (Rajasthan)', 3, '', '', 6, 1),
(642, 155, '(Suratgarh Cement Grinding Project) Near N.H. No 15, Udaipur, Udasar, Suratgarh (Rajasthan)', 26, '', '', 6, 1),
(643, 155, 'Shree Cement Ltd,  \r\nBangur Nagar P.O. Box no. 33', 3, '', '', 6, 1),
(644, 110, '(Khushkhera Cement Grinding Project)\r\nPlot No. SP3-II, A-1, \r\nRIICO Industrial Area\r\nBhiwadi, Taluka-Tijara,\r\nKhushkhera-301707\r\nDistt: Alwar (Rajasthan)', 42, '', '', 7, 1),
(645, 44, 'R. K. Nagar, Nimbahera\r\nChittorgarh-312601', 2, '', '', 14, 1),
(646, 187, '(Biomass Energy Division)\r\nVillage# 27 BB, Gajsinghpur Road , Tehsil: Padampur-335041 Distt: Sri GAnganagar (Rajasthan)', 26, '', '', 6, 1),
(647, 187, 'NM Chambers\r\n3, Ashutosh Nagar,Above UCO Bank \r\nCHITTORGARH-312001 (Rajasthan)', 2, '', '', 6, 0),
(648, 188, '22, km. Ajmer road\r\nVill.Bearn Tah.Banera\r\nBhilwara-311001', 5, '', '', 6, 1),
(649, 10, 'Sutlej Textiles and Industries Limited\r\nUnit-Rajasthan Textile Mills, \r\nPachpahar Road Bhawanimandi-326502 Distt: Jhalawar', 30, '', '', 3, 1),
(654, 59, '7J 4,RC Vyas Colony,\r\nBhilwara', 5, '', '', 7, 1),
(656, 189, 'K/1, CDF Complex, Anoop Shahar Road, \r\nAligarh-202122 ( U.P)', 57, '', '', 6, 1),
(660, 41, 'Industrial Area, Dahod Road,\r\nBANSWARA-327001 (Raj.)', 17, '', '', 6, 1),
(661, 80, '7-8 KM Stone, Bhiwadi-\r\nAlwar Road, Khijuriwas (PO), \r\nAlwar (Dist), Bhiwadi, \r\nRajasthan 301018', 42, '', '', 7, 1),
(667, 146, 'E-969 969 A, RIICO Industrial Area, Sitapura, Jaipur-302022.', 14, '', '', 6, 1),
(668, 139, 'Shriram Nagar, Kota-324004\r\n', 13, '', '', 6, 1),
(670, 55, 'Unit-Bhiwadi\r\nSP-923,Phase-III, \r\nRIICO Industrial Area,\r\nBhiwadi-301019\r\nAlwar\r\n', 42, '', '', 6, 1),
(671, 184, 'C/o Shri Heera Lal Prasad\r\nR-5/351, STPS Colony,\r\nSURATGARH-335805, Distt: ShriGanganager (Raj.)', 26, '', '', 17, 1),
(672, 169, '(Formely Hindustan Sanitaryware & Ind. Ltd.)\r\nPlot No SP 1 -254\r\nKaharani Industrial Area\r\nBhiwadi-301019\r\nDist.-Alwar', 42, '', '', 17, 1),
(673, 140, 'Jhamar Kotra Road\r\nVillage -Lakadwas\r\nUdaipur (Raj)', 1, '', '', 29, 1),
(674, 179, '\"A-SQUARE\" 3rd Floor, 100 ft. Road, 1, Shobhagpura, Udaipur', 1, '', '', 29, 1),
(675, 163, 'Wolkem House\r\nPost Box No 21\r\nE-101 MIA\r\nUdaipur-313003', 1, '', '', 29, 1),
(676, 163, 'Wolkem India Limited (Sirohi)\r\nNear Railway Station \r\nSirohi Road 307021', 7, '', '', 29, 1),
(677, 191, 'A-595, RIICO Industrial Area,\r\nBHIWADI-301019,\r\nDistt: Alwar (Raj.)', 42, '', '', 6, 1),
(679, 192, '94.4 K.M. Stone, NH-8, Delhi-Jaipur Highway\r\nVill-Jaliawas, Tehsil-Bawal\r\nDist.-Rewari-123501\r\nHaryana', 44, '', '', 6, 1),
(680, 193, 'EWS. 633, Barra -2\r\nKanpur -208027', 46, '', '', 6, 1),
(681, 46, 'RSWM Limited, \r\nKharigram, \r\nP.O. Gulabpura.', 5, '', '', 6, 1),
(682, 154, 'Unit -Kanya Kheri Bhilwara\r\nPIN : 311025 (Rajasthan)', 5, '', '', 6, 1),
(683, 34, 'Unit-Rishabhdev\r\nPost ;- Rishabhdev 313802\r\nDist. Udaipur (Raj.)\r\n', 1, '', '', 6, 1),
(684, 134, 'Mayur Nagar,\r\nLodha-327001\r\nBanswara (Raj.)', 17, '', '', 7, 1),
(686, 183, 'Fabrics Division\r\nLNJ Nagar \r\nMordi Banswara', 17, '', '', 6, 1),
(687, 56, 'Unit-Rochees Breweries,\r\nSP 2-3, RICCO Industrial Area, NH-8, Vill-Neemrana,\r\nTehsil- Behror,PIN-301705\r\n', 42, '', '', 7, 1),
(688, 165, '\"A _Square\" 3rd Floor 100 Ft. Road\r\nShobhagpura\r\nUdaipur -313011', 1, '', '', 29, 1),
(690, 17, 'Rajpura Dariba Mines\r\nP.O. Dariba Mines\r\nRajsamand', 4, '', '', 16, 1),
(691, 17, 'Lead Plant Dariba Smelter Complex\r\nRajpura Dariba Mines\r\nRajsamand - 313211', 4, '', '', 16, 0),
(692, 17, 'Lead Plant Dariba Smelter Complex\r\nRajpura Dariba Mines\r\nRajsamand - 313211', 4, '', '', 16, 0),
(693, 17, 'Dariba Smelter Complex\r\nRajpura Dariba Mines\r\nRajsamand - 313211', 4, '', '', 16, 0),
(694, 90, 'SP2-15 & SP2-24 to SP2-27, \r\nRIICO New Industrial Complex\r\nMajrakath,Neemrana, \r\nAlwar-301705 (Raj.)', 42, '', '', 6, 1),
(695, 7, 'NH 90, Atru Road, \r\nVillage Kawai, Taluka Atru, \r\nBaran 325 219, (Raj)', 19, '', '', 6, 1),
(696, 45, 'Sangam (India) Limited\r\n(Spinning unit-I)\r\nPost Box No. 126, Biliya Kalan, Chittorgarh Road, Bhilwara-3111001 (Raj.)', 5, '', '', 7, 0),
(697, 45, 'Sangam House, Atun, Chittorgarh Road, \r\nBhilwara-311001(Rajasthan)', 5, '', '', 7, 1),
(698, 195, 'Kutchery Road,\r\nAjmer - 305001\r\nDistt. Ajmer (Rajasthan),', 18, '', '', 17, 1),
(699, 196, 'A287-288, Industrial Area, Chopanki,\r\nBhiwadi Distt. Alwar (Raj.) 301707', 42, '', '', 6, 1),
(700, 48, 'Jindal Saw Ltd. \r\nAraji No. 9697/6711,\r\nNear Tiranga Hills, \r\nVill- PUR, Tehsil- Bhilwara\r\n311802(Raj.)', 5, '', '', 7, 1),
(706, 148, 'Bhognipur Unit Store\r\n542-544, Haidarpur Bhognipur\r\nUttar Pradesh ', 46, '', '', 6, 1),
(707, 148, 'RSPL Limited (Jhansi Unit Store)\r\nC611,,Bijauli growth centre industrial area, \r\nJHANSI DEF,Uttar Pradesh\r\n', 58, '', '', 6, 0),
(711, 199, 'Deccan Chamber\r\n6-3 -666/B Somajiguda\r\nHyderabad', 60, '', '', 6, 0),
(712, 199, '( Thermal Power Division )\r\nBhavanipuram, Vill: mahakaligudem\r\nJanpahad : 508335, Nereducherla Mandal\r\nNear Miryalaguda, Dist : Nalgonda ( Telangana) ', 60, '', '', 6, 1),
(713, 72, 'Unit of KG Petrochem Limited\r\nSP-4/3,  RIICO Industrial Area,\r\nVill.: Keshwana, Teh.: Kotputli-303108,\r\nDistt: Jaipur (Raj.) ', 14, '', '', 6, 1),
(715, 200, '5-O-20, R.C.VYAS COLONY,\r\nBHILWARA,RAJASTHAN\r\n', 5, '', '', 6, 1),
(716, 198, '22, Jai Ambey Colony, Ajmer Road\r\nOpposite Civil Lines,\r\nJaipur ( Raj)', 14, '', '', 6, 1),
(718, 201, 'Gurha Village, Tehsil : Kolayat,\r\nBikaner - 334301 Rajastan', 11, '', '', 20, 1),
(720, 202, 'Plot No. SP-1,\r\nSangaria Industrial Area,  2nd phase\r\nSangaria, Jodhpur', 15, '', '', 6, 1),
(721, 18, 'Chanderia Smelter Complex (CPP)\r\nPO Putholi\r\nChittorgarh', 2, '', '', 6, 1),
(722, 60, 'Unit- Birla cement works,\r\nChanderia , 302021\r\nChittorgarh', 2, '', '', 6, 1),
(723, 15, '(Unit of J.K. Cement Ltd.)\r\nKailash nagar \r\nNimbahera - 312617', 2, '', '', 7, 1),
(724, 85, 'A-127 RIICO Indusrial Area,\r\nManda, Kala Dera, Sikar\r\nRoad, Chomu,\r\nJaipur-3037121', 14, '', '', 7, 1),
(725, 203, 'Vraj Integrated Textile Park, \r\nPO : Bidaj, N.H.8 Bareja, ', 8, '', '', 6, 1),
(726, 167, 'Unit-Risda\r\nVillage-Ridsa\r\nSuhela Road\r\nBaloda Bazar -433032', 9, '', '', 6, 1),
(727, 70, 'SPL 1, Tapukara Industrial\r\nArea, Khuskhera\r\nDistt-Alwar \r\n301707 (Raj.)', 42, '', '', 6, 1),
(728, 204, '38/263,Rajat path, Mansarover,\r\nJaipur-302020', 14, '', '', 6, 1),
(729, 168, 'Unit-I Store\r\nShed No. S-3/2, S -3/3,S-4/3, S-4/4\r\nSector-III District -Dhar ( M.P)', 9, '', '', 20, 1),
(730, 159, 'Raipur Unit \r\nPlot No. 31 to 37, Kanera Road Accholi ( URLA)\r\nRaipur-Chhatisgarh', 9, '', '', 6, 1),
(731, 151, 'Plot No. 10, Matsya Industrial Area,Alwar\r\nRajasthan ', 42, '', '', 6, 1),
(732, 93, 'C-17,Panchwati Colony\r\nNear Bhaskar Circle,\r\nRatanada , Jodhpur -342001', 15, '', '', 7, 1),
(734, 205, 'E - 94, MIDC, Bhigwan Road, Tal-Baramati', 62, '', '', 27, 1),
(735, 190, 'Khatipura Road,\r\nJaipur - 302006', 14, '', '', 3, 1),
(736, 206, 'Jhansi Unit Store\r\nC611,Bijauli Growth Centre Industrial  Area, \r\nJhansi - DEF, Uttar Pradesh-284135\r\n\r\n', 58, '', '', 20, 1),
(737, 207, '7 Rajawat  House, \r\nDashahra Kothi , Amer Road\r\nJaipur-302002  ', 14, '', '', 6, 1),
(738, 194, 'B-1125, RIICO Industrial Area, Phase-III, BHIWADI-301019, Distt: Alwar (Raj.)', 42, '', '', 6, 1),
(739, 208, 'New Fatehpura \r\n Moti Magri Road, Udaipur, Rajasthan 313001', 1, '', '', 29, 1),
(740, 197, '1st Floor , Bhuwaneswari Bhawan\r\nAlpana Market,Patliputra.Patna:-13 (Bihar )\r\n', 63, '', '', 6, 1),
(741, 112, 'A-135-135-136, Road no. 12, Vishwakarma indusrial Area, Jaipur-302013', 14, '', '', 6, 1),
(743, 138, 'Rolling Mill division,\r\nKIADB Industrial area,\r\nTumkur Road, Dobbaspet,\r\nNelamangala taluk,\r\nBangaluru rural dist- 562111 India\r\nPH. NO. 080-27735051/52,', 51, '', '', 6, 1),
(744, 209, 'Biliya Kalan, Chittorgarh Road, \r\nBhilwara-3111001 (Raj.)', 5, '', '', 6, 1),
(745, 209, 'Saroopganj Choraha , Biliya Kalan, Chittorgarh Road, \r\nBHILWARA - 311001 ( Raj.)', 5, '', '', 6, 1),
(746, 210, '10 B, Jai Shri Colony\r\nBohra Ganesh Ji Choraha\r\nUdaipur 313001', 1, '', '', 29, 1),
(747, 211, 'A-1128, RIICO Ind Area,\r\nPhase -III, Bhiwadiu-301019\r\nDist - Alwar Rajasthan', 42, '', '', 6, 1),
(749, 212, 'Chaibasa Cement Works\r\nP.O. - Jhinkpani, Dist - West Singhbhum, \r\nJharkhand - 833215', 64, '', '', 6, 1),
(750, 47, 'Chittor cement plant,\r\nVill- Bhavliya, Tehsil- Nimbahera-312620', 2, '', '', 14, 1),
(751, 47, '(formerly Lafarge India Limited)  \r\nDLF IT Park - 1, Block A1, 8th floor, New Town, Rajarhat,\r\nKolkata 700 156  Office: +91 (0) 33 3983 2229 \r\n', 18, '', '', 6, 0),
(752, 47, 'Sonadih Cement Plant\r\nNuvoco vistas Corp. Ltd.\r\nP.O. Raseda, Dist- Baloda Bazar\r\nChattisgarh-493332', 9, '', '', 6, 0),
(754, 213, 'lala ranga colony,bheri lal street,rvadta fre nagar,\r\nbakripur', 2, '', '', 12, 1);

-- --------------------------------------------------------

--
-- Table structure for table `customer_companies`
--

CREATE TABLE `customer_companies` (
  `customer_id` int(10) NOT NULL,
  `company_id` int(10) NOT NULL
) ENGINE=InnoDB DEFAULT CHARSET=latin1;

--
-- Dumping data for table `customer_companies`
--

INSERT INTO `customer_companies` (`customer_id`, `company_id`) VALUES
(0, 25),
(0, 26),
(0, 27),
(0, 28),
(1, 25),
(2, 25),
(3, 25),
(4, 25),
(5, 25),
(6, 25),
(7, 25),
(8, 25),
(9, 25),
(10, 25),
(11, 25),
(12, 25),
(15, 25),
(16, 25),
(17, 25),
(18, 25),
(19, 25),
(20, 25),
(21, 25),
(22, 25),
(23, 25),
(24, 25),
(25, 25),
(26, 25),
(29, 25),
(30, 25),
(31, 25),
(32, 25),
(33, 25),
(34, 25),
(35, 25),
(36, 25),
(37, 25),
(38, 25),
(40, 25),
(41, 25),
(42, 25),
(43, 25),
(44, 25),
(45, 25),
(46, 25),
(47, 25),
(48, 25),
(49, 25),
(50, 25),
(51, 25),
(52, 25),
(53, 25),
(54, 25),
(55, 25),
(56, 25),
(57, 25),
(58, 25),
(59, 25),
(59, 27),
(60, 25),
(61, 25),
(62, 27),
(63, 25),
(64, 25),
(65, 25),
(66, 25),
(67, 27),
(68, 25),
(69, 25),
(70, 25),
(71, 27),
(72, 25),
(73, 27),
(74, 25),
(75, 25),
(76, 25),
(77, 25),
(78, 25),
(79, 25),
(80, 25),
(81, 27),
(83, 25),
(84, 25),
(85, 25),
(86, 25),
(88, 25),
(89, 25),
(90, 25),
(91, 25),
(91, 27),
(92, 25),
(93, 27),
(94, 27),
(94, 28),
(95, 25),
(96, 27),
(97, 25),
(98, 25),
(101, 25),
(102, 25),
(103, 25),
(104, 25),
(105, 25),
(106, 25),
(107, 25),
(108, 25),
(109, 25),
(110, 25),
(111, 25),
(112, 25),
(114, 25),
(115, 25),
(116, 25),
(117, 25),
(118, 25),
(119, 25),
(120, 25),
(121, 25),
(122, 25),
(123, 25),
(124, 25),
(125, 27),
(126, 25),
(127, 25),
(127, 26),
(127, 27),
(128, 25),
(128, 26),
(128, 27),
(129, 25),
(130, 25),
(130, 26),
(130, 27),
(132, 25),
(134, 25),
(135, 25),
(136, 25),
(137, 25),
(138, 25),
(138, 27),
(139, 25),
(140, 25),
(140, 27),
(141, 25),
(141, 27),
(142, 25),
(142, 27),
(143, 25),
(144, 25),
(145, 27),
(146, 27),
(147, 27),
(148, 27),
(149, 25),
(151, 27),
(152, 25),
(152, 27),
(153, 25),
(154, 25),
(155, 25),
(156, 27),
(157, 27),
(158, 25),
(158, 27),
(159, 27),
(160, 25),
(160, 27),
(161, 27),
(162, 27),
(163, 25),
(163, 27),
(164, 25),
(164, 27),
(165, 25),
(165, 26),
(166, 25),
(166, 27),
(167, 25),
(167, 27),
(168, 27),
(169, 25),
(169, 27),
(170, 25),
(171, 27),
(172, 25),
(173, 27),
(174, 25),
(175, 25),
(176, 25),
(176, 27),
(177, 25),
(177, 27),
(178, 25),
(178, 27),
(179, 26),
(179, 27),
(180, 25),
(180, 27),
(181, 25),
(181, 27),
(182, 27),
(183, 25),
(183, 26),
(183, 27),
(184, 25),
(185, 27),
(186, 27),
(187, 25),
(188, 27),
(189, 25),
(190, 25),
(191, 27),
(192, 25),
(193, 27),
(194, 25),
(195, 27),
(196, 25),
(197, 27),
(198, 27),
(199, 27),
(200, 25),
(201, 25),
(202, 25),
(203, 27),
(204, 27),
(205, 25),
(205, 27),
(206, 27),
(207, 27),
(208, 27),
(209, 25),
(210, 25),
(210, 26),
(210, 27),
(211, 27),
(212, 25),
(213, 26),
(213, 27),
(213, 28);

-- --------------------------------------------------------

--
-- Table structure for table `customer_contacts`
--

CREATE TABLE `customer_contacts` (
  `id` int(10) NOT NULL,
  `contact_person` varchar(100) NOT NULL,
  `customer_id` int(11) NOT NULL,
  `designation` varchar(100) NOT NULL,
  `telephone` varchar(15) NOT NULL,
  `email` varchar(255) NOT NULL,
  `mobile` varchar(10) NOT NULL,
  `default_contact` tinyint(1) NOT NULL
) ENGINE=InnoDB DEFAULT CHARSET=latin1;

--
-- Dumping data for table `customer_contacts`
--

INSERT INTO `customer_contacts` (`id`, `contact_person`, `customer_id`, `designation`, `telephone`, `email`, `mobile`, `default_contact`) VALUES
(87, 'Piyush Tiwari', 39, 'Astt. Manager-Procurement ', '01477220205', 'Piyush.Tiwari@jkcement.com', '0147722020', 1),
(170, 'Mr. S.S. Sharma', 58, 'Purchase Officer', '02952232090', 'sss@ktp.jkmail.com', '2952232091', 1),
(188, 'Mr. V.K. Golani', 63, 'Superintending Engineer (MM)', '07442370002', 'semktps@gmail.com', '7442370002', 1),
(206, 'Rupesh Jain', 82, 'sales', '01483229521', 'rupesh.jain@vedanta.co.in', '0148322952', 0),
(214, 'Bikram Koshlia', 87, 'Store Department', '01591230211', 'bikram.koshlia@jkcement.com', '0159123021', 0),
(251, 'Mr Manish', 97, 'XEN', '9413348292', 'xenmahihydro@gmail.com', '9413348292', 1),
(258, 'Mr. Yusuf Ansari', 100, 'Purchase Head', '07475130021', 'yusuf.ansari@advantageoils.com', '7073458817', 1),
(260, 'Sandhya Sharma', 102, 'Purchase Executive', '8003994354', 'purchase@maheshoil.com', '8003994354', 1),
(263, 'Mr. S.L. Kaushik', 104, 'Manager (Production)', '9829191050', 'sl_kaushik@ruchigroup.com', '9829191050', 1),
(264, 'Mr. Ashok Sharma', 105, 'Purchase Officer', '9352597942', 'ashoksharma@ksoils.com', '9352597942', 1),
(266, 'Mr. Nitin Paliwal', 107, 'Purchaser ', '9829895738', 'nitinpaliwal@dcmshriram.com', '9829895738', 1),
(267, 'Mr. Dileep Sisodia', 57, 'Dy. Manager (Commercial)', '07442480991', 'dileep.sisodia@shriramaxiall.com', '9829516611', 1),
(276, 'Mr. Vijay Gaur ', 73, 'Purchase Manager ', '9828454836', 'gaurvijay33@yahoo.co.in', '9214334333', 1),
(279, 'Mr. Jitendra Singh Shekhawat', 92, 'Purchase Executive ', '01412330156', 'Shushildalmia2009@gmail.com', '9928038290', 1),
(283, 'Mr. Pradeep Kumar Tripathi', 75, 'Sr. ER(Maintenance)', '01494246733', 'p.tripathi@nissinindia.com', '9680705837', 0),
(284, 'Mr. Niraj Yadav', 76, 'Purchase Executive', '01493301273', 'niraj.yadav@saint-gobain.com', '8000194203', 1),
(292, 'Mr R P Kapoor', 49, 'Superintending Engg  MM', '07432243009', 'katpp_mm@rediffmail.com', '7432243009', 0),
(298, 'Mr. Neelambuj Pareek', 38, 'Purchase manager', '9460483470', 'neelambujpareek@dcmshriram.com', '9460483470', 1),
(304, 'Mr. Imran Ali', 78, 'Purchase Officer', '01442881299', 'imran.ali@adaniwilmar.in', '7665006863', 1),
(305, 'Mr. Sachin Kanungo', 98, 'Purchase Head', '9672971122', 'sachin.kanungo@adaniwilmar.in', '9672971122', 1),
(314, 'Mr. Dilip Mishra ', 108, 'Purchaser', '01493260202', 'dilip.mishra@kei-ind.com', '9672992331', 1),
(316, 'Mr. Prashant Choudhary', 54, 'Purchase Executive', '01493516607', 'purchase.chopanki@bkt-tires.com', '1493260116', 1),
(320, 'Mr. A.K. Maheshwari', 50, 'Superintending Engineer(MM)', '07452225013', 'ctppse.mm@gmail.com', '7452225013', 1),
(322, 'Gaurav Bisht', 35, 'Procurement', '7535001388', 'gaurav.bisht@jkmail.com', '7535001388', 1),
(343, 'Mr. Jitender  Yadav', 79, 'Purchase Executive', '01493518608', 'jitender@jaquar.com', '9887849680', 1),
(349, 'Mr. Lalit Trivedi', 106, 'Technical Officer', '9829202913', 'khilrai_udaipur@hotmail.com', '9829202913', 1),
(354, 'Mahendra Yadav', 16, 'Store Incharge', '9557456262', 'mahendra.yadav2@vedanta.co.in', '9557456262', 1),
(358, 'Mr. Akshay Agarwal ', 113, 'AM-Procurement', '05122221201', 'akshayk.agarwal@rsplgroup.com', '7318214777', 1),
(363, 'Mr.M. Madal', 116, 'Astt. Stores Officer', '01475242228', 'storesofficer@kot.hwb.gov.in', '1475242228', 1),
(364, 'Mr.Pradyut Kar', 117, 'DGM (Purchase)', '01145233333', 'pradyut.kar@tops.co.in', '9268567234', 1),
(365, 'Mr. Satya Narayan  Jat', 118, 'Purchaser', '9928565025', 'jms.cost@yahoo.in', '9928565025', 1),
(366, 'Mr. Deenpreet Singh ', 119, 'Purchaser', '99901493606161', 'Office.marksplendour@gmail.com', '9999274727', 1),
(369, 'Mr. Mahendra Taya', 122, 'Proprietor', '029400000000000', 'mtaya@rediffmail.com', '0294000000', 1),
(379, 'Mr. Bhagwan Das Jatav', 68, 'Assistant Engineer', '01509245662', 'proc.stps.suratgarh@gmail.com', '1509245662', 0),
(380, 'Mr. Manish Gupta', 68, 'Asst. Account Officer', '01509245689', 'proc.stps.suratgarh@gmail.com', '1509245689', 0),
(384, 'Mr. vipesh Gupta', 99, 'GM (Purchase)', '07459232794', 'vipesh.gupta@mangalamcement.com', '9351468146', 1),
(385, 'Vipesh Gupta', 9, 'GM Purchase', '9351468146', 'vipesh.gupta@mangalamcement.com', '9351468146', 1),
(386, 'Mr. Atul ', 124, 'Purchase Manager', '09460578251', 'ronakprocessorspvtltd@gmail.com', '9001895174', 1),
(391, 'Mr. SK Verdia', 126, 'Manager Stores', '02942490488', 'stores@reliancechemotex.com', '2942490488', 1),
(398, 'Mr. Deepak', 127, 'Purchase Executive', '7737745746', 'tripplestarjpr@gmail.com', '7737745746', 1),
(405, 'Mr. Vimal Nagar', 131, 'Asst. Manager ', '02946651165', 'v.nagar@piind.com', '9214351889', 1),
(422, 'Mr. Vinod Sharma', 133, 'Purchaser', '01412330467', 'vks12.crystal@gmail.com', '9414077213', 1),
(423, 'Shamsher Singh', 128, 'Purchase Officer', '1882258780', 'shamsher_singh@jctltd.com', '9876166995', 1),
(430, 'Mr. D.P. Sharma', 136, 'Proprietor', '8058022667', 'shreeradhey_krishna@rediffmail.com', '8058022667', 1),
(453, 'Rahul Agarwal', 143, 'Purchase Manager', '7624005135', 'rahulagarwal@lc.jkmail.com', '7624005135', 1),
(455, 'Mr. Ali Hussain', 94, 'Director', '02947073291', 'ahcorp.udr@gmail.com', '9828186876', 1),
(456, 'Hemant Sharma', 145, 'Purchase Manager', '9521116250', 'hemant@reliantdrilling.co.in', '9521116250', 1),
(458, 'Mr. Jagdish Lohar', 141, 'Prop', '2942655743', 'shreeganesh.udr@gmail.com', '9414682180', 1),
(459, 'Mr. Rajkumar Lohar', 141, 'Prop.', '2942655743', 'shreeganesh.udr@gmail.com', '9414809216', 1),
(469, 'Ankit ', 142, 'Owner', '9521276252', 'shrishyamenterprisesneemrana@gmail.com', '9521276252', 1),
(470, 'Mr.Pankaj Kumar', 103, 'Purchase Head', '8003195532', 'pankaj.kumar@acclimited.com', '8003195532', 1),
(477, 'Mr. Tejbir Singh Bakhshi', 137, 'Purchaser', '9352602235', 'tejbakhshi54@gmail.com', '9352602235', 1),
(478, 'Abhishek Kumar Tiwari', 144, 'Sr. Executive Purchase', '01284265300', 'purchase@accil.com', '9996117965', 1),
(482, 'Mr. Pankaj Kulkarni', 120, 'Purchaser', '02971235005', 'bcl.purchase@binanicement.co.in', '2971235005', 1),
(486, 'Rahul Jain', 42, 'Purchase Executive', '02971244417', 'rahuljain@ucwl.jkmail.com', '7728886069', 1),
(490, 'Mr. Rajnish Malik', 69, 'Procurement', '01274267126', 'rajnishmalik@ubmail.com', '1274267126', 0),
(491, 'Mr. Ajay Prakash Singh', 69, 'Procurement', '01274267126', 'ajayprakash@ubmail.com', '9991735166', 1),
(492, 'Mr. Harsharan Singh ', 52, 'Store Manager', '01442881415', 'harsharan.singh@unitedspirits.in', '8239477381', 0),
(493, 'Mr. Vikas Chawla', 52, 'Store Manager', '01442881417', 'Vikas.chawla@unitedspirits.in', '7073070044', 0),
(494, 'Mr. Sagar Roy', 53, 'Store Manger', '02942492333', 'sagar.roy@unitedspirits.in', '2942492333', 1),
(495, 'Mr. Ram Arjun ', 91, 'DGM-VDL', '01442881247', 'ramarjun.vdl@gmail.com', '7665432554', 1),
(496, 'Khushboo Jain', 71, 'Dy. Manager(Commercial)', '01452691456', 'accounts@wassertechnochem.cm', '1452691456', 1),
(502, 'Mayank Gadhavi', 149, 'Manager', '9909985454', 'mayank.gadhavi@spxflow.com', '9909985454', 1),
(510, 'Mr. Ram Sumer', 152, 'Project Eng.', '9983636955', 'rccpl.chetakb@gmail.com', '9983636955', 1),
(512, 'Mr. Monal Juneja', 109, 'Proprietor', '8094017010', 'junejawires@yahoo.com', '8094017010', 1),
(517, 'Mr. Prashant Choudhary', 135, 'Purchaser', '01445158100', 'prashant.choudhary@havells.com', '9610086456', 1),
(525, 'Albert J Vazhappilly', 156, 'Owner', '9660770969', 'albertvj8@gmail.com', '9660770969', 1),
(529, 'Aacharya', 158, 'Director', '8058693755', 'max.consultaants@gmail.com', '8058693755', 1),
(531, 'Mr Aashish Ji ', 157, 'Owner', '9928017714', 'sales@powercontrolskota.com', '9928017714', 1),
(535, 'Mr Kishore JI', 161, 'Owner', '9829014185', 'rahulsakhrani@gmail.com', '9829014185', 1),
(540, 'Dinesh Soni', 164, 'Asst. Manager Engineering', '2946701328', 'dinesh.soni@theleela.com', '9587030687', 1),
(542, 'Mr. Aslam', 125, 'Purchase Manager', '9414755534', 'aslamcetp@gmail.com', '9983755534', 1),
(543, 'Muheet Mateen', 115, 'Purchase Executive', '02982229100', 'muheet.mateen@jsw.in', '2982229100', 1),
(545, 'Mr. Ranjit Kund', 166, 'Maint', '9672976697', 'rkund@relaxofootwear.com', '9672976697', 1),
(547, 'Kapil Jain', 147, 'Owner', '9829792064', 'ahimsatechservices@gmail.com', '9829792064', 1),
(549, 'Mr. Satish Sharma', 111, 'Purchaser', '05643276530', 'cfpnadbai786@gmail.com', '5643276530', 1),
(555, 'Manoj Kumar', 170, 'Purchase', '9660650699', 'KUMAR.MANOJ100@mahindra.com', '9660650699', 1),
(556, 'Naresh Upadhyay', 171, 'Purchase ', '9414052230', 'Naresh.Upadhyay@dcp-int.com', '9414052230', 1),
(561, 'S Sivanesvaran', 153, 'Section Head Procurement', '9611199401', 's.sivanesvaran@jkcement.com', '9611199401', 1),
(566, 'Mukesh Gupta', 174, 'Adll. GM (Power)', '9829060935', 'mukeshgupta@dcmshriram.com', '9829060935', 1),
(574, 'Mr Rajendra Agal', 177, 'Director', '9414859464', 'jsrchittor@gmail.com', '9887441470', 1),
(575, 'Ravi Kant Sharma', 178, 'Officer ( Engg. Purchase )', '8003198812', 'ravisharma@bhansaliabs.com', '8003198812', 1),
(578, 'Vivek Saxena', 114, 'Purchaser', '1462228101', 'saxena@shreecementltd.com', '9214337462', 1),
(583, 'Prateek Agrawal', 175, 'Purchase Executive', '1462228101', 'agrawalpk@shreecementltd.com', '7024219779', 1),
(584, 'Mr Gaurav Maheshwari', 31, 'Purchase Executive', '01462228101', 'maheshwar@shreecementltd.com', '9214337632', 0),
(585, 'Mr Vivek Saxena', 31, 'Purchase Executive', '01462228101', 'saxenav@shreecementltd.com', '9214337462', 1),
(586, 'Shadaab Alam Rizvi', 30, 'Purchase Executive', '8349301232', 'rizvis@shreecementltd.com', '8349301232', 1),
(587, 'Satish Shukla', 2, 'Manager Purchase', '1472221001', 'satish.shukla@adityabirla.com', '1472221002', 1),
(588, 'Ankit Swarnkar', 6, 'Purchase Executive', '7420230525', 'anki.swarnkar@adityabilra.com', '7420230525', 1),
(589, 'Hari Kumar Maloo', 6, 'Purchase Excutive', '9826564600', 'hari.maloo@adityabirla.com', '9826564600', 0),
(590, 'Kuldeep Singh Shekhawat', 22, 'Purchase Executive', '02920264040', 'kuldeep.shekhawat@adityabirla.com', '2920264040', 1),
(591, 'Sharik Ahmad', 23, 'Purchase Executive', '9909920364', 'md.ahmad@adityabirla.com', '9909920364', 1),
(592, 'Rajiv Arora', 24, 'Purchase Executive', '01642863170', 'rajiv.arora@adityabirla.com', '0164286317', 1),
(593, 'Amit Kumar Jain', 25, 'Purchase Executive', '07173266342', 'amit.jain@adityabirla.com', '9763712778', 1),
(594, 'TVS Ramkrishna', 25, 'Purchase Executive', '07173266342', 'tangirala.krishna@adityabirla.com', '7722039483', 0),
(597, 'Mr Nirmal Kumar Bansal', 11, 'Purchase Executive', '9816046481', 'nirmal.bansal@ambujacement.com', '9816046481', 1),
(598, 'Mr Sanjay Jain', 11, 'Purchase Executive', '01462251909', 'sanjay.jain@ambujacement.com', '0146225190', 0),
(599, 'Mr Radhey Shyam Mundra', 11, 'Manager Procurement', '02939288034', 'radheyshyam.mundra@ambujacement.com', '9001013332', 0),
(601, 'Mr. Vivek Sharma', 176, 'Purchase Executive', '9214337462', 'saxenav@shreecementltd.com', '9214337462', 1),
(603, 'Mr. Subhash Prajapati', 51, 'Sr. Executive Purchase', '01494246312', 'subhash.prajapati@parle.biz', '9785301234', 1),
(604, 'Mr. Tapasvi Vaidya', 40, 'Manager Material', '2932220286', 'tapasvi.vaidya@lnbgroup.com', '9001099411', 1),
(605, 'Debasish Chakladar', 1, 'Store Encharge', '0800309709', 'debasish.chakladar@vedanta.co.in', '8003097090', 1),
(606, 'Aditya jalan', 12, 'Purchase Executive', '8003093638', 'aditya.jalan@vedanta.co.in', '8003093638', 1),
(609, 'Sandeep Paliwal', 19, 'Purchase Excutive', '01472254285', 'sandeep.paliwal@vedanta.co.in', '0147225428', 1),
(610, 'Sanjay Chaturvedi', 20, 'Store Incharge', '9829405556', 'sanjay.chaturvedi@vedanta.co.in', '9829405556', 1),
(611, 'PC Pareek', 21, 'Purchase Msanager', '9928013967', 'pc.pareek@vedanta.co.in', '9928013967', 1),
(612, 'Rupesh Jain', 83, 'Store Incharge', '01483229521', 'rupesh.jain@vedanta.co.in', '0148322952', 1),
(613, 'Mr PC Pareek', 95, 'Purchase Excutive', '9928013967', 'pc.pareek@vedanta.co.in', '9928013967', 1),
(614, 'Bikram Koshlia', 88, 'Store Department', '01591230211', 'bikram.koshlia@jkcement.com', '0159123021', 0),
(615, 'Mohan Rengan', 160, 'Purchase', '9381015552', 'jeevandos@gmail.com', '9381015552', 1),
(616, 'Dinesh Gupta', 173, 'owner', '8332402091', 'minaxi.industries77@gmail.com', '8332402091', 1),
(619, 'Ram Kshteri', 8, 'Purchase Manager', '9929590865', 'ramkshetri@dcmsr.com', '9929590865', 1),
(620, 'Mr. Yusuf Ansari', 101, 'Purchase Head', '07475130021', 'yusuf.ansari@advantageoils.com', '7073458817', 1),
(621, 'Mr K B Agarwal', 172, 'GM Purchase', '01477220087', 'Piyush.Tiwari@jkcement.com', '9799257999', 1),
(622, 'Sachin Sharma ', 86, 'Purchase Dept.', '01494671305', 'sachin@nachi-india.com', '0149467130', 0),
(623, 'Mr. Pritpal Singh rai', 129, 'Purchase Executive', '01244597979', 'purchase@otsukaindia.com', '9718811140', 1),
(631, 'Mr. Akshay Agarwal ', 96, 'AM-Procurement', '05122221201', 'akshayk.agarwal@rsplgroup.com', '7318214777', 1),
(636, 'Mr. Nitin Jain ', 64, 'Purchase Executive', '01493512313', 'nitinjain@ubmail.com', '9982044478', 1),
(637, 'Mr. Nitin Tiwari', 74, 'Purchase Manager', '01493302765', 'purchase.tiwari@rjcorp.in', '1493302765', 1),
(638, 'Mr. Vijay Deshpande', 67, 'Proprietor', '9820203612', 'hsems20@yahoo.com', '9850035415', 1),
(639, 'Mr. Vijay Deshpande', 162, 'Proprietor', '9820203612', 'hsems20@yahoo.com', '9850035415', 1),
(640, 'Mr. Bharat Goyal', 62, 'Purchase Executive', '9314760025', 'bgoyal@lucidgroup.com', '9314760025', 1),
(641, 'Mr. Jivendra', 180, 'Purchase', '9799392341', 'jivendra@raviinfra.com', '9799392341', 1),
(642, 'Mr. Narendra Kumar', 130, 'Purchase Executive', '9782895862', 'zuohe1981@gmail.com', '9782895862', 1),
(647, 'Mr Pradeep Ranka', 26, 'Purchase Executive', '01421325703', 'pradeep.ranka@adityabirla.com', '9887480241', 1),
(648, 'Ms Jyoti Sharma', 26, 'Purchase Manager', '8058044442', 'jyoti.sharma@adityabirla.com', '8058044442', 0),
(649, 'BL Sharma', 181, 'Purchase Manager', '98297790577', 'purchase@guljag.com', '9829779057', 1),
(650, 'Mr. Hanuman Singh Sisodia', 181, 'Purchase Officer', '98297790585', 'hanuman.singh@guljag.com', '9829779058', 1),
(652, 'Rajesh Kumar Dixit', 132, 'Store & Purchase Deptt.', '01575225321', 'storepur.ringas@lnjbhilwara.com', '9413357092', 1),
(654, 'Mr. Ankit Sharma ', 89, 'Purchase Executive', '01149811111', 'ankit@ajantagroup.in', '9555749096', 1),
(655, 'Mr. C.P. Chaturvedi', 66, 'Head-Materials', '01482249512', 'cp.chaturvedi@lnjbhilwara.com', '9414034874', 1),
(656, 'Mr. Mr. Subrata Sinha', 121, 'Purchaser', '01493250587', 'subratasinha@bestex.co.in', '1493250587', 1),
(657, 'Jitendra Sharma', 5, 'Purchase Executive', '0296230151', 'jitendra.s@indiacements.co.in', '0296230151', 1),
(662, 'Mr. Hari Prakash Jasaiwal', 77, 'Purchase Executive', '09887516123', 'glpvtpuchase@kajariaceramics.com', '9680449223', 1),
(665, 'Mr Rajesh', 185, 'Manager', '02223804368', 'mumbai@gandhimining.com', '0222380436', 1),
(666, 'Vinod Kumar', 81, 'purchaser', '01412330467', 'vks12.crystal@gmail.com', '9414077213', 1),
(667, 'Hariom Choudhary', 182, 'Manager', '9352449480', 'cetppradushan@gmail.com', '9352449480', 1),
(668, 'Mr. Vimal Nagar', 123, 'Purchaser', '02942492451', 'v.nagar@piind.com', '2942492451', 1),
(669, 'Mr R V Verma', 3, 'Manager Purchase', '0297124440', 'rvverma@lc.jkmail.com', '0297124440', 1),
(670, 'Mr. Jagdeesha', 186, 'Purchaser', '9448284147', 'va@jcl.co.in', '9448284147', 1),
(671, 'KK Bachhavate', 43, 'Enggineer', '1234567890', 'kk.bachhavate@lncindia.com', '1234567890', 1),
(674, 'Mr. Anshul Kumar', 65, 'Sr. Executive-Purchase', '09887555388', 'Anshul.Kumar@carlsberg.asia', '8266921599', 1),
(675, 'Mr. Dinesh Kumar Sharma', 84, 'Purchase Executive', '014442881542', 'dineshsharma@mail.dabur', '9414431447', 1),
(676, 'Mr. Akant Khanduri', 61, 'Dy. Manager-Purchase', '07442782614', 'AKANT.KHANDURI@CHAMBAL.IN', '7442782614', 1),
(677, 'Mr. Udai Sing Hada', 33, 'Purchase Executive', '02961131661', 'purchasedenim@lnjbhilwara.com', '2961131661', 1),
(678, 'Mr. Parveen Rawal', 32, 'Purchase Sr Executive', '9413357059', 'powerpurchase.rswm@lnjbhilwara.com', '9413357059', 1),
(679, 'Mr. Mamtesh Jain', 32, 'Purchase Executive', '02961231672', 'mamteshjain@lnjbhilwara.com', '2961231672', 0),
(680, 'Mr. Manoj Mittal', 36, 'Sr.Purchase Executive', '02962224213', 'manoj.mittal@lnjb.com', '9982232273', 0),
(681, 'Mr. R/Nilesh Shah', 36, 'Purchase Executive', '02962224213', 'bstores@lnjb.com', '9982232902', 1),
(682, 'Mr. Lokesh', 36, 'Enggineer', '02962224213', 'bmdengg@lnjb.com', '9982534110', 0),
(683, 'D K Jain', 37, 'DGM Purchase', '01494246070', 'dk.jain@ginniint.com', '8739892031', 1),
(684, 'Virender Singh', 37, 'Purchase', '01494246070', 'Purchase.Denim@ginniint.com', '0941358672', 0),
(685, 'Gaurav Maheshwari', 29, 'Purchase Executive', '01462228101', 'maheshwarig@shreecementltd.com', '9214337632', 1),
(686, 'Gaurav Maheshwar', 4, 'Purchase Executive', '0146222811', 'maheshwari@shreecementltd.com', '9214337632', 1),
(687, 'Mr. Vivek Saxena', 155, 'Purchase ', '9214337462', 'saxenav@shreecementltd.com', '9214337462', 1),
(688, 'Navneet', 110, 'Purchase Executive', '1462228101', 'navneet13596@shreecementltd.com', '9251077025', 1),
(689, 'Vishnu Sharma', 44, 'Purchaser', '09610019610', 'nbh.pur3@wondercement.com', '9610019610', 1),
(690, 'Punit Singh Gurjar', 44, 'Purchaser', '08003095846', 'punit.gurjar@wondercement.com', '8003095846', 0),
(691, 'Mr. Ajay Sharma', 187, 'Purchaser', '9602612561', 'ajay.sharma@kalpatarupower.com', '9828675206', 1),
(692, 'Kamal Ji', 188, 'Owner', '9309242011', 'dhirendra213@yahoo.in', '9309242011', 1),
(693, 'Bhanwar Tripathi', 10, 'Sr Purchase officer', '07433222052', 'btripathi@sutlej-rtm.co.in', '9116009797', 1),
(698, 'Mr. Sanjeev Ji', 59, 'Proprieter', '9351734430', 'sanjeevtradersbhl@gmail.com', '9351734430', 1),
(700, 'S R SINHA', 189, 'Vice President ', '9351468143', 'purchase.project@mangalamcement.com', '9351468143', 1),
(704, 'Mr. SK Pathan', 41, 'Purchase Manager ', '02962257679', 'storebsw@banswarafabrics.com', '9251014350', 1),
(705, 'Mr. Ankush Saxena', 80, 'A.M-Indirect Purchase', '01493298371217', 'ankush.saxena@siegwerk.com', '8107291735', 1),
(712, 'Khel Shanker', 146, 'Purchase ', '8440047521', 'ksharma@therachem.org', '8440047521', 1),
(713, 'Harish jain', 139, 'Manager Purchase', '07442480991', 'harishjain@dcmshriram.com', '0744248099', 1),
(715, 'Mr. Anurag Jain', 55, 'Purchase deptt', '01493220075', 'purchase.bhiwadi@bkt-tires.com', '1493220075', 1),
(716, 'Mr. S.D. Sharma', 184, 'Purchaser', '9413385855', 'sharma_85855@rvun.in', '9413385855', 1),
(717, 'Ajay Kashyap', 169, 'Purchase Head', '1493225752', 'ajaykahsyap@hindware.co.in', '9116017268', 1),
(718, 'Pradeep Yadav', 169, 'ASM Purchase', '1493225752', 'purchase-kaharani@hindware.co.in', '9950032634', 1),
(719, 'Mr. Puneet Sharma', 140, 'Plant Incharge', '8890970954', 'dr.puneetsharma85@gmail.com', '8890970954', 1),
(720, 'Jitendra Singh Jhala', 179, 'Executive', '02942980435', 'dispatch@mogragroup.com', '9785177828', 1),
(721, 'Bipin Kumar', 163, 'Purchase Executive', '2942494600', 'bipin.kumar@wolkem.com', '8107234792', 1),
(722, 'D K Jain', 191, 'Owner', '9772604777', 'gulshanchemicals@airtelmail.in', '9772604777', 1),
(724, 'Prakash Ranjan', 192, 'Purchase Manager', '9053363562', 'prakash.ranjan@aisglass.com', '9053363562', 1),
(725, 'Dinesh Awasthi', 193, 'Owner', '9415051242', 'ambeston@gmail.com', '9415051242', 1),
(726, 'S M Jain ', 46, 'Dy Manager (Materials)', '01483223144', 'smjain@lnjbhiwara.com', '1483223150', 1),
(727, 'Ramesh Heda', 154, 'Purchase Manager', '9414029821', 'ramesh.heda@lnjbhilwara.com', '9414029821', 1),
(728, 'Mr. PC Jain', 34, 'Purchase Manager', '02907230321', 'pcjain@lnjbhilwara.com', '9414005132', 1),
(729, 'Mr. Ravindra Suthar', 134, 'purchase executive', '2962254321', 'ravindrasuthar@lnjbhilwara.com', '2962254321', 1),
(731, 'Mr. Parag Bansal', 183, 'Purchase Manager', '2961231230', 'storedept.mordi@lnjbhilwara.com', '2961231230', 1),
(732, 'Mr. Anirban Mitra', 56, 'RBl', '09672692777', 'anirban.mitra@in.Sabmiller.com', '9672692777', 0),
(733, 'Mr. Anshul Mogra', 165, 'Director', '8696029999', 'dispatch@mogragroup.com', '8696029999', 1),
(736, 'Ronny Thomas', 17, 'Store Incharge', '8003195347', 'ronny.thomas@vedanta.co.in', '8003195347', 1),
(737, 'Mr. Manoj Dhiman ', 90, 'Purchase Executive ', '8003394752', 'manoj.dhiman@daikinindia.com', '8003394752', 1),
(738, 'Sanjay Jain', 7, 'Dy Manager Commercial', '8875024904', 'Jain.Sanjay@adani.com', '8875024904', 1),
(739, 'Pankaj Bhardwaj', 45, 'Purchase Executive', '01482249071', 'purchase1@sangamgroup.com', '0148224907', 0),
(740, 'Rahul Tiwari', 45, 'Corporate Sourcing', '1482304000', 'csdsangam@sangamgroup.com', '7727006054', 1),
(741, 'Deepak Santram', 195, 'Owner', '9314397737', 'metering1@toshcon.com', '9314397737', 1),
(742, 'Aakash Mehrotra', 196, 'Manager', '01493250975', 'works@scci.co.in', '0149325097', 1),
(743, 'Mr. Abhishek Sharma ', 48, 'Purchase Executive', '08003091651', 'abhishek.sharma@jindalsaw.com', '8003091651', 1),
(749, 'Ashutosh Dixit', 148, 'Purchase Executive', '7054300927', 'ashutosh.dixit@rspl.net.in', '7054300927', 1),
(750, 'Mr Raghvendra ', 148, 'Purchase Executive', '8858368050', 'ashutosh.dixit@rspl.net.in', '8858368050', 0),
(754, 'Mr Gopi', 199, 'Purchase Officer', '04023310902', 'gopi.g@deccancement.com', '0402331090', 1),
(755, 'Mr. Naveen Kumar', 72, 'Purchaser Manager', '01412331231', 'naveen.jpr@bhavik.com', '9983340275', 1),
(757, 'Chandresh Jain', 200, 'Purchase Manger', '9414112575', 'chandresh@ostwal.in', '9414112575', 1),
(758, 'Ashok Dahiya', 198, 'Owner', '9352959114', 'asinghdahiya@gmail.com', '9352959114', 1),
(760, 'Mr. Saumitra Singh', 201, 'Purchase Manager', '01534234594', 'saumitra.s@ksk.co.in', '9680997865', 1),
(762, 'Mr. Deepak', 202, 'purchase Manager', '7230000736', 'cetp_jdr@yahoo.co.in', '7230000736', 1),
(763, 'Rameshwar Sharma', 18, 'Store Incharge', '01472254464', 'rameshwar.sharma@vedanta.co.in', '1472254464', 1),
(764, 'Mr. Abhishek Sood', 60, 'AVP(Materials)', '01472256601', 'purchase@birlacement.com', '1472256601', 1),
(765, 'Ajay Raj Vaishnav', 15, 'Purchase Excutive', '1477220087', 'ajayraj.vaishnav@jkcement.com', '9799039255', 1),
(766, 'Akshay Agarwal', 15, 'Purchase Excutive', '1477220087', 'purchase.nbh@jkcement.com', '1477220087', 0),
(767, 'Mr, Sunil Nayak ', 85, 'Purchase Manager', '9166011119', 'nayak.sunil@in.sika.com', '9166011119', 1),
(768, 'Mr Rahul Tiwari', 203, 'Purchase Manager', '9979899246', 'rahul.tiwari@chiripalgroup.com', '9979899246', 1),
(769, 'Amit Gupta', 167, 'Purchase Officer', '75838070763', 'amit.gupta@emamicement.com', '7583807076', 1),
(770, 'Mr. Arun Sharma', 70, 'Sr. Executive-General Purchase', '01493250561', 'arunsharma1@hondacarindia.com', '8800283377', 1),
(771, 'Sanjay Saxena', 204, 'Owner', '01412399243', 'durgawater@rediffmail.com', '9829067842', 1),
(772, 'Mr. Saddam', 168, 'Store Executive', '7415582139', 'Akshayk.agrawal@rsplgroup.com', '7415582139', 1),
(773, 'Shanbhu Dayal', 159, 'Purchase Executive', '8417860707', 'ashutosh.dixit@rspl.net', '8417860707', 1),
(774, 'Akshay Agarwal', 151, 'Purchase Manager', '7318214777', 'akshayk.agrawal@rsplgroup.com', '7318214777', 1),
(775, 'Ashutosh Dixit', 151, 'Purchase Executive', '7054300927', 'ashutosh.dixit@rspl.net.in', '7054300927', 1),
(776, 'Manoj Kumar', 93, 'Head Technical Service', '02271016166', 'manoj.k@sodexo.com', '9930284954', 0),
(777, 'Mangesh Kawade', 93, 'Purchase Executive', '02271016166', 'Mangesh.KAWADE@sodexo.com', '7742505505', 1),
(778, 'Chandrashekhar Ghadigaonkar', 93, 'Purchase Executive', '02271016166', 'Chandrashekhar.GHADIGAONKAR@sodexo.com', '7742555944', 0),
(780, 'Mr. Prakash Dattatreya', 205, 'Sr. Associate Purchase', '9049987296', 'prakash.dattatreya@schreiberfoods.com', '9049987296', 1),
(781, 'Rajesh Bagda', 190, 'Purchase Manager', '9829872206', 'rbagda@nbcbearings.in', '9829872206', 1),
(782, 'Mr. Raghuvendra', 206, 'Store Incahrge', '8858368050', 'ashutosh.dixit@rspl.net.in', '8858368050', 1),
(783, 'Navjeet Singh', 207, 'Owner', '7891037371', 'hydromicals@gmail.com', '7891037371', 1),
(784, 'Mr. Ankur Todi', 194, 'Accountant', '9352760700', 'accounts.bhiwadi@alkabs.com', '9414691689', 1),
(785, 'Mr. R.P.Rao', 194, 'Purchaser', '9828333980', 'raorp.1972@hotmail.com', '9828333980', 1),
(786, 'Hitesh Ji', 208, 'AEN', '9460084145', 'uitudaipur@rediffmail.com', '9460084145', 1),
(787, 'Pandey Ji', 197, 'Owner', '9006031749', 'info.vandanaenterprises@gmail.com', '9006031749', 1),
(788, 'Mr. Pankaj Kalani', 112, 'Dy. Manager (Material)', '01413064900', 'pkalani@sigmaelectric.com', '9785022279', 1),
(790, 'Asst. Purchase Manager', 138, 'Asst. Purchase Manager', '08027735051', 'jrmpur@jindalaluminium.com', '0802773505', 1),
(791, 'Tanmay Pal', 209, 'Purchase Officer', '9829250765', 'denimpurchase@sangamgroup.com', '9829250765', 1),
(792, 'Mr. Gopal Singh', 210, 'Owner', '9799480639', 'navdurga17@gmail.com', '9799480639', 1),
(793, 'Sonu Sharma', 211, 'Purchase Officer', '9314844616', 'sonu.sharma@auronext.com', '9467726141', 1),
(795, 'Anwesh Gope', 212, 'Chief Manager Procurement', '7389934842', 'anwesh.gope@acclimited.com', '7389934842', 1),
(796, 'Mr  Abhineet Agarwal ', 47, 'Sr Executive Purchase ', '01477225121', 'abhineet.agarwal@lafarge.com', '8003490569', 1),
(797, 'C G Gangadhar', 47, 'Manager Purchase  EOO Industrial goods and services', '03339832229', 'channaveer.gangadhar@nuvoco.in', '9163394284', 0),
(799, 'gopu1', 213, 'software engineere1', '029556756451', 'lalala@gmail.com', '9878676651', 1);

-- --------------------------------------------------------

--
-- Table structure for table `customer_groups`
--

CREATE TABLE `customer_groups` (
  `id` int(10) NOT NULL,
  `name` varchar(100) NOT NULL
) ENGINE=InnoDB DEFAULT CHARSET=latin1;

--
-- Dumping data for table `customer_groups`
--

INSERT INTO `customer_groups` (`id`, `name`) VALUES
(1, 'General'),
(2, 'UltraTech'),
(4, 'Vedanta'),
(5, 'LNJ Bhilwara'),
(6, 'Sangam'),
(7, 'Adani'),
(8, 'Shree Cement'),
(9, 'The India Cement'),
(10, 'Shriram Group'),
(11, 'Sutlej Textiles'),
(12, 'Johnson'),
(13, 'JK Laxmi'),
(14, 'Dalmia '),
(15, 'RSPL'),
(16, 'J.K Cement Ltd. ');

-- --------------------------------------------------------

--
-- Table structure for table `customer_segs`
--

CREATE TABLE `customer_segs` (
  `id` int(10) NOT NULL,
  `name` varchar(255) NOT NULL
) ENGINE=InnoDB DEFAULT CHARSET=latin1;

--
-- Dumping data for table `customer_segs`
--

INSERT INTO `customer_segs` (`id`, `name`) VALUES
(1, 'Metal & Mines'),
(2, 'Textile'),
(3, 'Cement Industries'),
(4, 'Fertiliser & Chemicals'),
(5, 'Automobile & Ancillary Units'),
(6, 'Food & Beverages'),
(7, 'Others'),
(8, 'Power Plants'),
(9, 'Other Government Departments'),
(10, 'OEM Customers'),
(11, 'Detergent'),
(12, 'Oil And Refinery'),
(13, 'Cables');

-- --------------------------------------------------------

--
-- Table structure for table `debit_notes`
--

CREATE TABLE `debit_notes` (
  `id` int(10) NOT NULL,
  `voucher_no` varchar(10) NOT NULL,
  `created_on` date NOT NULL,
  `transaction_date` date NOT NULL,
  `customer_suppiler_id` int(10) NOT NULL,
  `company_id` int(11) NOT NULL,
  `created_by` int(11) NOT NULL,
  `edited_by` int(10) NOT NULL,
  `edited_on` date NOT NULL,
  `subject` text NOT NULL
) ENGINE=InnoDB DEFAULT CHARSET=latin1;

-- --------------------------------------------------------

--
-- Table structure for table `debit_notes_rows`
--

CREATE TABLE `debit_notes_rows` (
  `id` int(10) NOT NULL,
  `debit_note_id` int(10) NOT NULL,
  `head_id` int(10) NOT NULL,
  `amount` decimal(15,2) NOT NULL,
  `narration` text NOT NULL
) ENGINE=InnoDB DEFAULT CHARSET=latin1;

-- --------------------------------------------------------

--
-- Table structure for table `departments`
--

CREATE TABLE `departments` (
  `id` int(10) NOT NULL,
  `name` varchar(100) NOT NULL
) ENGINE=InnoDB DEFAULT CHARSET=latin1;

--
-- Dumping data for table `departments`
--

INSERT INTO `departments` (`id`, `name`) VALUES
(1, 'Sales & Marketing'),
(2, 'Finance And Accounts'),
(3, 'Purchases'),
(5, 'Service Department'),
(6, 'HR & Administration'),
(8, 'Logistics');

-- --------------------------------------------------------

--
-- Table structure for table `designations`
--

CREATE TABLE `designations` (
  `id` int(10) NOT NULL,
  `name` varchar(100) NOT NULL
) ENGINE=InnoDB DEFAULT CHARSET=latin1;

--
-- Dumping data for table `designations`
--

INSERT INTO `designations` (`id`, `name`) VALUES
(1, 'Sales Executive'),
(2, 'Commercial Executive'),
(3, 'Purchase Executive'),
(4, 'Office Assistant'),
(5, 'Chairman'),
(6, 'Director'),
(8, 'Workshop Supervisor'),
(10, 'Dy. Sales Manager'),
(11, 'Asst. Sales Manager'),
(12, 'Accounts Executive'),
(13, 'Service Engineer'),
(14, 'Service Executive');

-- --------------------------------------------------------

--
-- Table structure for table `districts`
--

CREATE TABLE `districts` (
  `id` int(11) NOT NULL,
  `state_id` int(11) NOT NULL,
  `district` varchar(100) NOT NULL
) ENGINE=InnoDB DEFAULT CHARSET=latin1;

--
-- Dumping data for table `districts`
--

INSERT INTO `districts` (`id`, `state_id`, `district`) VALUES
(1, 8, 'Udaipur'),
(2, 8, 'Chittorgarh'),
(3, 8, 'Beawer'),
(4, 8, 'Rajsamand'),
(5, 8, 'Bhilwara'),
(6, 8, 'Nimbahera'),
(7, 8, 'Sirohi'),
(8, 24, 'Ahmedabad'),
(9, 22, 'Raipur'),
(10, 23, 'Dhar'),
(11, 8, 'Bikaner'),
(12, 8, 'Barmer'),
(13, 8, 'Kota'),
(14, 8, 'Jaipur'),
(15, 8, 'Jodhpur'),
(16, 8, 'Pali'),
(17, 8, 'Banswara'),
(18, 8, 'Ajmer'),
(19, 8, 'Baran'),
(20, 8, 'Bharatpur'),
(21, 8, 'Bundi'),
(22, 8, 'Churu'),
(23, 8, 'Dausa'),
(24, 8, 'Dholpur'),
(25, 8, 'Dungarpur'),
(26, 8, 'Ganganagar'),
(27, 8, 'Hanumangarh'),
(28, 8, 'Jaisalmer'),
(29, 8, 'Jalor'),
(30, 8, 'Jhalawar'),
(31, 8, 'Jhujhunu'),
(32, 8, 'Karauli'),
(33, 8, 'Nagaur'),
(34, 8, 'Sawai Madhopur'),
(35, 8, 'Sikar'),
(36, 8, 'Tonk'),
(37, 5, 'Haridwar'),
(38, 24, 'Kutch'),
(39, 3, 'Bathinda'),
(40, 27, 'Chandrapur'),
(41, 6, 'Panipat'),
(42, 8, 'Alwar'),
(43, 27, 'Mumbai'),
(44, 6, 'Rewari'),
(45, 7, 'Delhi'),
(46, 9, 'Kanpur'),
(47, 23, 'Bhopal'),
(48, 23, 'Morena'),
(49, 3, 'Hoshiarpur'),
(50, 19, 'Kolkata'),
(51, 29, 'BANGALURU'),
(52, 10, 'Aurangabad'),
(53, 23, 'Neemuch'),
(54, 9, 'Bulandshahr'),
(55, 23, 'Sagar'),
(56, 29, 'Bellary'),
(57, 9, 'Aligarh'),
(58, 9, 'Jhansi'),
(60, 36, 'Nalgonda'),
(62, 27, 'Pune'),
(63, 10, 'Patna'),
(64, 20, 'West Singhbhum');

-- --------------------------------------------------------

--
-- Table structure for table `employees`
--

CREATE TABLE `employees` (
  `id` int(10) NOT NULL,
  `name` varchar(100) NOT NULL,
  `sex` varchar(6) NOT NULL,
  `dipartment_id` int(10) NOT NULL,
  `designation_id` int(5) NOT NULL,
  `mobile` varchar(10) NOT NULL,
  `email` varchar(100) NOT NULL,
  `signature` varchar(100) NOT NULL,
  `account_no` varchar(20) NOT NULL,
  `bank_name` varchar(100) NOT NULL,
  `branch_name` varchar(100) NOT NULL,
  `ifsc_code` varchar(11) NOT NULL,
  `permanent_address` text NOT NULL,
  `residence_address` text NOT NULL,
  `phone_no` varchar(12) NOT NULL,
  `dob` date NOT NULL,
  `marital_status` varchar(10) NOT NULL,
  `date_of_anniversary` date NOT NULL,
  `spouse_name` varchar(40) NOT NULL,
  `children` int(11) NOT NULL,
  `spouse_working` varchar(3) NOT NULL,
  `qualification` varchar(40) NOT NULL,
  `last_company` varchar(50) NOT NULL,
  `join_date` date NOT NULL,
  `permanent_join_date` date NOT NULL,
  `blood_group` varchar(4) NOT NULL,
  `account_category_id` int(10) NOT NULL,
  `account_group_id` int(10) NOT NULL,
  `account_first_subgroup_id` int(10) NOT NULL,
  `account_second_subgroup_id` int(10) NOT NULL,
  `ledger_account_id` int(10) NOT NULL,
  `otp_no` int(10) NOT NULL,
  `status` int(11) NOT NULL
) ENGINE=InnoDB DEFAULT CHARSET=latin1;

--
-- Dumping data for table `employees`
--

INSERT INTO `employees` (`id`, `name`, `sex`, `dipartment_id`, `designation_id`, `mobile`, `email`, `signature`, `account_no`, `bank_name`, `branch_name`, `ifsc_code`, `permanent_address`, `residence_address`, `phone_no`, `dob`, `marital_status`, `date_of_anniversary`, `spouse_name`, `children`, `spouse_working`, `qualification`, `last_company`, `join_date`, `permanent_join_date`, `blood_group`, `account_category_id`, `account_group_id`, `account_first_subgroup_id`, `account_second_subgroup_id`, `ledger_account_id`, `otp_no`, `status`) VALUES
(4, 'Jagdish Salvi', 'Male', 1, 1, '9983247774', 'jagdish@mogragroup.com', '58b3ddec698e8.png', '61333933354', 'SBBJ', 'Shobhagpura', 'SBBJ0011485', 'Tulsi Ram Salvi,\r\nHouse No. 77, B Block, Sector 9,\r\nSavina , Udaipur 313001 ( Raj )', 'R C Gehlot, \r\nHouse No. 20/21, Behind Mahadev Properties, Gokul Village, Sector 9,\r\nSavina , Udaipur 313001 ( Raj )', '7300277882', '1980-10-07', 'Married', '2008-02-23', 'Lalita Salvi', 2, 'Yes', 'B Sc.', 'Manikaran Enterprises', '2016-08-24', '2016-09-24', 'A+', 1, 2, 7, 10, 22, 3962, 0),
(8, 'Jitendra Singh Jhala', 'Male', 2, 2, '9785177828', 'dispatch@mogragroup.com', '58b3ef21c6926.png', '394002010066287', 'Union Bank Of India', 'Fatehpura', 'UBIN0539406', '11, Ganpati Nagar A, Near Bohra Ganesh ji Temple, Sunderwas, Udaipur', '11, Ganpati Nagar A, Near Bohra Ganesh ji Temple, Sunderwas, Udaipur', '', '1985-01-05', 'Married', '2012-02-10', 'Asha Ranawat', 1, 'Yes', 'M.A., M.Sc., M.B.A.', 'Lakecity Infraproject Pvt. Ltd.,', '2014-08-19', '2015-02-20', 'O+', 1, 2, 7, 10, 31, 9397, 1),
(9, 'Usha Mali', 'Female', 3, 3, '9166228856', 'purchase@mogragroup.com', '592402e63235a.png', '51111161500', 'SBBJ ', 'Madri ', 'SBBJ0010415', 'H.N. 114 UIT Colony Kanpur Madri .Udaipur  ', 'H.N. 114 UIT Colony Kanpur Madri .Udaipur  ', '0294 2980435', '1992-06-27', 'Single', '1970-01-01', '', 0, '', 'XII', 'AGHQ ', '2015-07-15', '2016-01-15', 'B+', 1, 2, 7, 10, 32, 4228, 1),
(11, 'Pushpendra Nath Chauhan', 'Male', 1, 10, '9672994770', 'pushpendra@mogragroup.com', '58bd0c2f3fb02.png', '394002010064093', 'Union Bank Of India', 'New Fatehpura Udaipur', 'UBIN0539406', 'T 62 Tilak Nagar Hiran Mangri Sector 3 Udaipur', 'T 62 Tilak Nagar Hiran Mangri Sector 3 Udaipur', '8696029999', '1984-12-21', 'Married', '2010-11-23', 'Mrs. Kavita Kanwar', 1, 'No', 'MBA (MKTG & HR)', 'Bhatnagar Engineers', '2010-10-20', '2010-10-20', 'O+', 1, 2, 7, 10, 44, 9399, 1),
(12, 'Vikram Singh Rao', 'Male', 1, 1, '9772604777', 'vikram@mogragroup.com', '58df6633240bc.png', '55545154566', 'SBBJ', 'Shobhagpura', 'SBBJ0011485', 'Bhanwar Singh \r\nVPO -Basantgarh\r\nTehsil -Pindwara\r\nDist. Sirohi', 'C/O Bhagwat Singh\r\nMeera Nagar\r\nbehind Ambience Hotel\r\nUdaipur', '9828232546', '1994-03-30', 'Single', '1970-01-01', '', 0, '', 'B.Tech ( Mech.)', 'Fresher', '2017-02-27', '2017-08-28', 'A+', 1, 2, 7, 10, 45, 6247, 1),
(13, 'Bhopal Singh Jhala', 'Male', 8, 8, '9828447774', 'works@mogragroup.com', '5937ca3fbaa10.png', '394002010064416', 'Union Bank Of India', 'New Fatehpura', 'UBIN0539406', 'Narayan Singh Jhala\r\nVillage-Talavada\r\nPO -Bilot Teh -Dungla\r\nDist. Chittorgarh', 'C/O Ramesh Jain\r\nH.N. 159 Vivek Nagar\r\nSector no 3\r\nUdaipur', '9828447774', '1980-01-16', 'Married', '2007-03-12', 'Jaya kunwer jhala', 1, 'Yes', 'B.A.', 'Shilpa Trade Links', '2011-11-21', '2012-05-15', 'A+', 1, 2, 7, 10, 46, 6686, 0),
(14, 'Reena Khandelwal', 'Female', 6, 4, '9649965452', 'info@mogragroup.com', '58be59bdf2895.docx', '394002100066517', 'Union Bank', 'New Fatehpura', 'UBIN0539406', 'C/o N.K.Gupta , 13-B Kanta Niwas, Snatosh Nagar , Street  No-7,Gariyawas, Udaipur', 'C/o N.K.Gupta , 13-B Kanta Niwas, Snatosh Nagar , Street  No-7,Gariyawas, Udaipur', '9649965452', '1979-01-31', 'Married', '1970-01-01', 'Gopal Khandelwal', 2, 'Yes', 'MA ', 'Phosphate India Pvt.Ltd', '2015-01-16', '2015-07-16', 'B+', 1, 2, 7, 10, 52, 6450, 1),
(15, 'Mohammed Arif', 'Male', 1, 11, '9649004777', 'arif@mogragroup.com', '58c397efb67fe.jpg', '310102010457570', 'Union Bank Of India', 'Town Hall', 'UBIN0531014', '15/3 Opposite Matlob Masjid, Rajput Colony, \r\n62 futta road Saharanpur UP', 'Opposite soni general Store, Ganesh nagaer\r\npayda University Road, Udaipur raj', '', '1987-09-17', 'Married', '2014-10-27', 'Bushra Arif', 1, 'No', 'B.Sc and PGDBM', 'Kirloskar', '2011-11-16', '2012-04-02', 'B-', 1, 2, 7, 10, 70, 2312, 1),
(16, 'Anshul Mogra', 'Male', 1, 6, '9772704777', 'anshul@mogragroup.com', '58e3324748064.png', '001410091506700', 'IDBI', 'Udaipur', 'IDBI', '560, OTC Scheme,\r\nAmbamata,\r\nUdaipur', '560, OTC Scheme,\r\nAmbamata,\r\nUdaipur', '0294 2980435', '1977-05-23', 'Married', '2007-04-20', 'Priya Mogra', 1, 'Yes', 'CA', 'Danube Building ', '2008-11-12', '2008-11-12', 'B+', 2, 6, 2, 37, 75, 7981, 1),
(17, 'Priya Mogra', 'Female', 2, 6, '9772704888', 'priya@mogragroup.com', '58e0ffa003ced.jpg', '1234567890', 'UCO Bank', 'Ambamata', 'uCO12345', '560 OTC Scheme \r\nAmbamata Udaipur', '560 OTC Scheme \r\nAmbamata Udaipur', '02942431510', '1981-11-08', 'Married', '2007-04-20', 'Anshul Mogra', 1, 'Yes', 'MCA', 'None', '2007-05-01', '2007-05-01', 'A-', 2, 6, 2, 37, 0, 1240, 1),
(18, 'Mukesh Jain ', 'Male', 1, 11, '9829042542', 'mukesh@mogragroup.com', '58e33d60a0bf9.docx', '394002010064091', 'Union Bank ', 'Kota Arodurm Barnch', 'UBIN0535265', '1488,  RK.PURAM, NEAR WATER TANK, KOTA,', '113/28 , Partap Nagar Sector -11, JAIPUR', '', '2069-10-15', 'Married', '1995-04-20', 'Sonali Jain', 1, 'Yes', 'BSC', 'Shilpa Trade Links Pvt. Ltd.', '2009-07-15', '2010-01-15', 'AB-', 1, 2, 7, 10, 0, 0, 0),
(19, 'Jayanti Jain ', 'Female', 2, 12, '9079110306', 'accounts@mogragroup.com', '59368f3f59071.png', '000', 'SBBJ', 'Shobhagpura', 'SBBJ0011485', '-----', '-----', '', '2063-08-16', 'Married', '2007-05-01', 'Subhas  Mehta ', 0, 'No', 'BCOM', '-', '2016-12-02', '2016-12-02', 'A-', 1, 2, 7, 10, 0, 4247, 1),
(20, 'Devraj Singh Chouhan ', 'Male', 1, 1, '9784960745', 'devrajsinghchouhan4201@gmail.com', '590343e0d6477.docx', '51092208537', 'SBBJ ', 'Bhopal Ganj ', 'SBBJ0010094', '446, Chandra Shaker Azad Nagar, Bhilwara', '446, Chandra Shaker Azad Nagar, Bhilwara', '', '1992-08-04', 'Single', '1970-01-01', '', 0, '', 'B.Tech Elect.', 'J.K.Cement', '2017-04-12', '2017-04-12', 'B+', 1, 2, 7, 10, 0, 4541, 0),
(21, 'Pallav Pujari', 'Male', 1, 1, '9950595253', 'pallavpujari@gmail.com', '5938f20dd8a6b.png', '00', 'SBBJ', 'Mavli', '00', '7, Nakoda Nagar II, Near Transport Nagar, Udaipur', '7, Nakoda Nagar II, Near Transport Nagar, Udaipur', '', '1993-01-13', 'Married', '2017-01-22', 'Komal Sharma', 0, 'No', 'B.Tech', 'Tempsons', '2017-04-12', '2017-04-12', '', 1, 2, 7, 10, 0, 3894, 1),
(22, 'Vikram Singh Meena', 'Male', 5, 13, '9928544560', 'vsm@mogragroup.com', '590f15094c9fb.jpg', '3040040100999', 'Union Bank Of India', 'New Fatehpura', 'UBIN0539406', 'Kherwara', 'Sector 11', '', '1980-07-10', 'Married', '1970-01-01', '', 0, 'No', '12th', 'Courier', '1992-04-10', '1992-04-10', 'A-', 1, 2, 7, 10, 0, 0, 0),
(23, 'Ankit Sisodiya', 'Male', 5, 4, '9549993335', 'ankit@phppoets.com', '59301553ca9ed.png', '111111', 'Canra Bank', 'Qqqq', 'qq', '-', '-', '', '1991-06-16', 'Single', '1970-01-01', '', 0, '', '', '', '2017-06-01', '1970-01-01', '', 2, 6, 2, 37, 0, 8964, 0),
(24, 'Mahendra Kumar Darji', 'Male', 2, 12, '7891970769', 'mahitailor6@gmail.com', '5964cb2f7f139.png', '61176715083', 'State Bank Of India ', 'Sarada Branch  ', 'SBIN0031224', 'Village Post Chawand , Tehsil Sarada', 'Behind Choudahry Hospital , Sector -4, Hiran Magari- Udaipur ', '7014167322', '1993-05-01', 'Single', '1970-01-01', '', 0, '', 'CA', '', '2017-06-26', '2017-06-26', 'A+', 1, 2, 7, 10, 0, 1112, 1),
(25, 'Deepika  Totla', 'Female', 2, 12, '8829900446', 'finance@mogragroup.com', '59cb3f6825b63.png', '20418670360', 'State Bank Of India', 'Madhuban  Branch ', 'SBIN0001533', 'Laddha Professional Academy , 3rd floor , MM plaza, Ayad  Road , Udaipur -313001', 'Laddha Professional Academy , 3rd floor , MM plaza, Ayad  Road , Udaipur -313001', '', '1991-11-05', 'Married', '2016-04-30', 'Ganpat  Laddha', 0, 'Yes', 'CA', 'Manish Agarwal & sons ', '2017-09-14', '2017-09-14', 'A+', 1, 2, 7, 10, 0, 4677, 1),
(26, 'Priyanka  Sewarsa', 'Female', 2, 12, '7200521763', 'priyankasewarsa@gmail.com', '59cb440c607ea.png', '0', 'SBI', 'S', 's', 'Meera Nagar, Opposite to water Tank, Udaipur -313001', '-----', '', '1996-07-17', 'Single', '1970-01-01', '', 0, '', 'B.COM', 'NA', '2017-09-27', '2017-09-27', 'A-', 1, 2, 7, 10, 0, 1572, 1),
(27, 'Kavi', 'Male', 8, 12, '1234567890', 'a@gmail.com', '5a1e4af5801e4.jpeg', '123456781234567', 'Bhikari Bank', 'Bhikaripur', 'bhi123', 'vp:thakurpu', 'vp:thakurpu', '1234567890', '1988-11-30', 'Single', '1970-01-01', '', 0, '', 'b.tech', 'asdfghjkl', '2017-10-04', '2017-11-30', 'A+', 2, 6, 25, 38, 0, 0, 0);

-- --------------------------------------------------------

--
-- Table structure for table `employee_companies`
--

CREATE TABLE `employee_companies` (
  `employee_id` int(10) NOT NULL,
  `company_id` int(10) NOT NULL,
  `freeze` int(11) NOT NULL DEFAULT '0'
) ENGINE=InnoDB DEFAULT CHARSET=latin1;

--
-- Dumping data for table `employee_companies`
--

INSERT INTO `employee_companies` (`employee_id`, `company_id`, `freeze`) VALUES
(4, 25, 0),
(8, 25, 0),
(8, 28, 0),
(9, 25, 0),
(9, 26, 0),
(9, 27, 0),
(11, 25, 0),
(11, 26, 0),
(11, 27, 0),
(11, 28, 0),
(12, 25, 0),
(12, 26, 0),
(12, 27, 0),
(13, 25, 0),
(13, 26, 0),
(13, 27, 0),
(14, 25, 0),
(15, 25, 0),
(15, 26, 0),
(15, 27, 0),
(16, 25, 0),
(16, 26, 0),
(16, 27, 0),
(17, 25, 0),
(17, 26, 0),
(17, 27, 0),
(18, 25, 0),
(18, 26, 0),
(18, 27, 0),
(19, 25, 0),
(19, 26, 0),
(19, 27, 0),
(20, 25, 1),
(20, 27, 1),
(21, 25, 1),
(21, 27, 1),
(22, 25, 0),
(23, 25, 0),
(23, 26, 0),
(23, 27, 0),
(23, 28, 0),
(24, 25, 0),
(24, 26, 0),
(24, 27, 0),
(25, 25, 0),
(25, 26, 0),
(25, 27, 0),
(26, 25, 0),
(26, 26, 0),
(26, 27, 0),
(27, 25, 0),
(27, 26, 0),
(27, 27, 0),
(27, 28, 0);

-- --------------------------------------------------------

--
-- Table structure for table `employee_contact_persons`
--

CREATE TABLE `employee_contact_persons` (
  `id` int(10) NOT NULL,
  `employee_id` int(10) NOT NULL,
  `name` varchar(255) NOT NULL,
  `mobile` varchar(10) NOT NULL,
  `landline` varchar(15) DEFAULT NULL,
  `email` varchar(255) NOT NULL,
  `relation` varchar(255) NOT NULL
) ENGINE=InnoDB DEFAULT CHARSET=latin1;

--
-- Dumping data for table `employee_contact_persons`
--

INSERT INTO `employee_contact_persons` (`id`, `employee_id`, `name`, `mobile`, `landline`, `email`, `relation`) VALUES
(1, 2, 'VIjay', '9983247774', '9983247774', 'vijay@mogragroup.com', 'Freinds'),
(2, 2, 'Harshit', '9983257774', '9983257774', 'harshit@mogragroup.com', 'Freinds'),
(7, 5, 'Dharma Prakash Chasta', '9785701991', '9785701991', 'dsgaur@gmail.com', 'Freinds'),
(8, 5, 'Vinay Taly', '7877858880', '7877858880', 'vinay_taly@yahoo.co.in', 'Freinds'),
(11, 6, 'Satish Patel', '9950999240', NULL, 'hpharsh0@gmail.com', 'Father'),
(12, 6, 'Harshit Patel', '9950278209', NULL, 'hpharsh0@gmail.com', 'Self'),
(53, 14, 'Gopal Khnadelwal', '9782056114', '9782056114', 'khureenabik@gmail.com', 'Husband'),
(54, 14, 'Ramesh Chandra Gupta', '9214404463', '9214404463', 'khureenabik@gmail.com', 'Father'),
(55, 7, 'Satish Patel', '9950999240', '', 'hpharsh0@gmail.com', 'Father'),
(56, 7, 'Satish Patel', '9950999240', '', 'hpharsh0@gmail.com', 'Father'),
(57, 4, 'Dharam Prakash Chasta', '9460726671', '9460726671', 'dharam@gmail.com', 'Friend'),
(58, 4, 'Vinay Tali', '7877858880', '7877858880', 'Vinay@gmail.com', 'Friend'),
(61, 15, 'Bushra', '7895925857', '', 'bushraarif23@gmail.com', 'Wife'),
(62, 15, 'Ankit Jain', '9828877772', '', 'jain.ankit0002@yahoo.in', 'Friend'),
(67, 11, 'Mr. B S Jhala', '9828447774', '9828447774', 'bhopalsingh.jhala@yahoo.com', 'Brother'),
(68, 11, 'Mr.  Mhmd. Arif', '9649004777', '9649004777', 'arif@mogragroup.com', 'Brother'),
(75, 8, 'Bhopal Singh Jhala', '9460509987', '', 'bhopal@gmail.com', 'Father'),
(76, 8, 'Asha Ranawat', '9783376214', '', 'asharanawatldc@gmail.com', 'Wife'),
(91, 10, 'Anshul Mogra', '9772704777', '2431510', 'anshul@mogragroup.com', 'Husband'),
(92, 10, 'KS Mogra', '9829042326', '123', 'ksmogra@mogragroup.com', 'Father'),
(101, 18, 'Sonali Jain', '9982687697', '9982687697', 'sonali.sonalijain.sonalijn@gmail.com', 'Wife'),
(102, 18, 'Atika Jain ', '9116110880', '9116110880', 'atikajain95@gmail.com', 'Daughter'),
(111, 20, 'Narayn Kuwar', '9001612459', '', 'devrajsinghchouhan4201@gmail.com', 'Mother'),
(112, 20, 'Yovraj Singh Chouhan', '8890212745', '', 'devrajsinghchouhan4201@gmail.com', 'Brother'),
(119, 22, 'Vikram', '0000000000', '', 'vs@gmail.com', 'Self'),
(120, 22, 'Vikram', '0000000000', '', 'v@gmail.com', 'Self'),
(121, 12, 'Bhagwat Singh', '9828232546', '9828232546', 'bsinghrana@gmail.com', 'Brother'),
(122, 12, 'Rajveer Singh', '7665510559', '7665510559', 'rajveer.rr497@gmail.com', 'Brother'),
(123, 17, 'Prakash Chhajed', '9425067062', '', 'prakashchhajed@rediffmail.com', 'Father'),
(124, 17, 'Pratibha Chhajed', '9755386566', '', 'pratibha@rediffmail.com', 'Mother'),
(143, 9, 'Roop Lal JI ', '9610602013', '9610602013', 'rlj@gmail.com', 'Father '),
(144, 9, 'Satish ', '8003993600', '9460890164', 'satish@gmail.com', 'Friend '),
(149, 23, 'Abhilash', '9636653883', '02942419335', 'abhilash@phppoets.in', 'Employee'),
(150, 23, 'Gopal', '9001855886', '02942419335', 'gopal@phppoets.in', 'Employee'),
(151, 19, 'Subhas Jain', '9414253644', '', 'accounts@mogragreoup.com', 'Husband'),
(152, 19, 'Subhas Jain', '9414253644', '', 'accounts@mogragreoup.com', 'Husband'),
(153, 13, 'Pushpendra Nath Chauhan', '9672994770', '9672994770', 'pushpendrac08@gmail.com', 'Brother Inlow'),
(154, 13, 'Jagdish Salvi', '7300277882', '7300277882', 'jagdishsalvi1980@gmail.com', 'Freind'),
(155, 21, 'Komal  Sharma', '9773490915', '', 'pallavpujari@gmail.com', 'Wife'),
(156, 21, 'Mukesh Pujari', '9784188506', '', 'pallavpujari@gmail.com', 'Father'),
(165, 24, 'Naresh Darji', '9660381675', '9660381675', 'mahitailor6@gmail.com', 'Father '),
(166, 24, 'Abhilash  Lohar ', '9636653883', '9636653883', 'mahitailor6@gmail.com', 'Friend '),
(167, 16, 'K S Mogra', '9829042326', '2431510', 'ksmogra@mogragroup.com', 'Father'),
(168, 16, 'Priya Mogra', '9772704777', '2431510', 'priya@mogragroup.com', 'Wife'),
(169, 25, 'Ganpat  Laddha ', '8385068878', '8385068878', 'deepika_totla@yahoo.com', 'Husband'),
(170, 25, 'Gayarti Devi Totla', '9214944092', '9214944092', 'eepika_totla@yahoo.com', 'Mother'),
(171, 26, 'Vikram  Singh Rao', '8005719155', '', 'vikram@mogragroup.com', 'Cusion Brother'),
(172, 26, 'Ugam Singh', '8005769148', '', 'vikram@mogragroup.com', 'Brother'),
(173, 27, 'Nana ', '1234567890', '1234567890', 'nana@gmail.com', 'Doughter'),
(174, 27, 'Allu Bhikari', '1234567890', '1234567890', 'bhikari@bhikari.com', 'Friend');

-- --------------------------------------------------------

--
-- Table structure for table `employee_personal_informations`
--

CREATE TABLE `employee_personal_informations` (
  `id` int(10) NOT NULL,
  `first_name` varchar(100) NOT NULL,
  `middle_name` varchar(100) NOT NULL,
  `last_name` varchar(100) NOT NULL,
  `date_of_birth` date NOT NULL,
  `family_member_type` varchar(50) NOT NULL,
  `family_member_name` varchar(100) NOT NULL,
  `gender` varchar(20) NOT NULL,
  `identity_mark` varchar(100) NOT NULL,
  `caste` varchar(50) NOT NULL,
  `religion` varchar(50) NOT NULL,
  `home_state` int(10) NOT NULL,
  `adhar_card_no` varchar(100) NOT NULL,
  `passport_no` varchar(100) NOT NULL,
  `account_type` varchar(30) NOT NULL,
  `account_no` bigint(20) NOT NULL,
  `branch_ifsc_code` varchar(50) NOT NULL,
  `martial_status` varchar(30) NOT NULL,
  `height` int(11) NOT NULL,
  `category` varchar(50) NOT NULL,
  `blood_group` varchar(30) NOT NULL,
  `home_district` int(11) NOT NULL,
  `driving_licence_no` varchar(50) NOT NULL,
  `pan_card_no` varchar(60) NOT NULL,
  `bank_branch` varchar(200) NOT NULL,
  `present_address` text NOT NULL,
  `present_state` int(11) NOT NULL,
  `present_district` int(11) NOT NULL,
  `present_pin_code` varchar(10) NOT NULL,
  `present_mobile_no` varchar(20) NOT NULL,
  `present_phone_no` varchar(20) NOT NULL,
  `present_email` varchar(50) NOT NULL,
  `permanent_address` text NOT NULL,
  `permanent_state` int(11) NOT NULL,
  `permanent_district` int(11) NOT NULL,
  `permanent_pin_code` varchar(10) NOT NULL,
  `permanent_mobile_no` varchar(20) NOT NULL,
  `permanent_phone_no` varchar(20) NOT NULL,
  `permanent_email` varchar(50) NOT NULL,
  `nominee_name` varchar(100) NOT NULL,
  `relation_with_employee` varchar(50) NOT NULL,
  `nomination_type` varchar(50) NOT NULL,
  `nominee_present_address` text NOT NULL,
  `nominee_state` int(11) NOT NULL,
  `nominee_district` int(11) NOT NULL,
  `nominee_pin_code` varchar(10) NOT NULL,
  `nominee_mobile_no` varchar(20) NOT NULL,
  `appointment_date` date NOT NULL,
  `employee_id` varchar(30) NOT NULL,
  `dept_joining_date` date NOT NULL,
  `initial_designation` varchar(50) NOT NULL,
  `office_name` varchar(100) NOT NULL,
  `recruitment_mode` varchar(50) NOT NULL,
  `reporting_to` int(11) NOT NULL,
  `basic_pay` bigint(20) NOT NULL,
  `retirement_date` date NOT NULL,
  `deduction_type` varchar(100) NOT NULL,
  `gpf_no` varchar(60) NOT NULL
) ENGINE=InnoDB DEFAULT CHARSET=latin1;

-- --------------------------------------------------------

--
-- Table structure for table `employee_personal_information_rows`
--

CREATE TABLE `employee_personal_information_rows` (
  `id` int(10) NOT NULL,
  `employee_personal_information_id` int(11) DEFAULT NULL,
  `detail_type` varchar(50) NOT NULL,
  `name` varchar(100) DEFAULT NULL,
  `dob` date DEFAULT NULL,
  `address` text,
  `mobile_no` varchar(20) DEFAULT NULL,
  `phone_no` varchar(20) DEFAULT NULL,
  `relation` varchar(50) DEFAULT NULL,
  `dependent` varchar(50) DEFAULT NULL,
  `whether_employed` varchar(50) DEFAULT NULL,
  `period` varchar(60) DEFAULT NULL,
  `company_name` varchar(100) DEFAULT NULL,
  `designation` varchar(50) DEFAULT NULL,
  `duties_nature` varchar(100) DEFAULT NULL
) ENGINE=InnoDB DEFAULT CHARSET=latin1;

-- --------------------------------------------------------

--
-- Table structure for table `employee_records`
--

CREATE TABLE `employee_records` (
  `id` int(10) NOT NULL,
  `employee_id` int(10) NOT NULL,
  `amount` decimal(15,2) NOT NULL,
  `total_attenence` bigint(20) NOT NULL,
  `overtime` bigint(100) NOT NULL,
  `month_year` date NOT NULL,
  `create_date` date NOT NULL
) ENGINE=InnoDB DEFAULT CHARSET=latin1;

-- --------------------------------------------------------

--
-- Table structure for table `filenames`
--

CREATE TABLE `filenames` (
  `id` int(10) NOT NULL,
  `file1` varchar(10) NOT NULL,
  `customer_id` int(10) NOT NULL,
  `file2` int(10) NOT NULL
) ENGINE=InnoDB DEFAULT CHARSET=latin1;

--
-- Dumping data for table `filenames`
--

INSERT INTO `filenames` (`id`, `file1`, `customer_id`, `file2`) VALUES
(1, 'BE', 1, 3251),
(2, 'BE', 4, 3239),
(3, 'BE', 2, 3236),
(4, 'BE', 3, 2613),
(5, 'BE', 5, 3127),
(6, 'BE', 6, 2227),
(7, 'BE', 7, 3147),
(8, 'BE', 8, 2932),
(9, 'BE', 9, 3360),
(10, 'BE', 10, 3346),
(11, 'BE', 11, 2971),
(12, 'BE', 11, 3085),
(13, 'BE', 32, 3008),
(14, 'BE', 35, 3325),
(15, 'BE', 37, 3049),
(16, 'BE', 36, 2681),
(18, 'BE', 19, 2986),
(19, 'BE', 55, 2839),
(20, 'BE', 81, 3258),
(21, 'BE', 12, 3156),
(22, 'BE', 1, 3146),
(24, 'BE', 22, 2827),
(25, 'BE', 30, 3241),
(26, 'BE', 26, 2720),
(27, 'BE', 1, 2879),
(30, 'BE', 86, 3331),
(32, 'BE', 52, 3332),
(33, 'BE', 88, 3333),
(34, 'BE', 18, 3334),
(35, 'BE', 76, 3335),
(36, 'BE', 56, 3336),
(37, 'BE', 2, 3337),
(38, 'BE', 60, 3338),
(39, 'BE', 85, 3339),
(40, 'BE', 36, 2919),
(41, 'BE', 5, 2977),
(42, 'BE', 40, 3250),
(43, 'BE', 4, 3371),
(45, 'BE', 33, 3362),
(46, 'BE', 93, 3247),
(47, 'BE', 31, 3240),
(48, 'BE', 29, 3368),
(49, 'BE', 64, 3296),
(50, 'BE', 53, 2454),
(51, 'BE', 94, 3065),
(52, 'BE', 32, 2959),
(53, 'BE', 65, 2748),
(54, 'BE', 70, 3255),
(55, 'BE', 74, 3272),
(56, 'BE', 74, 2809),
(57, 'BE', 59, 3148),
(58, 'DC', 30, 1),
(60, 'BE', 15, 3311),
(61, 'DC', 47, 2),
(62, 'BE', 15, 3212),
(63, 'DC', 95, 3),
(64, 'DC', 86, 4),
(65, 'DC', 97, 5),
(66, 'DC', 96, 6),
(67, 'BE', 77, 3186),
(68, 'BE', 43, 3145),
(69, 'DC', 43, 7),
(71, 'BE', 53, 3342),
(72, 'BE', 65, 3345),
(73, 'BE', 51, 3353),
(74, 'BE', 52, 3352),
(75, 'BE', 84, 3355),
(76, 'BE', 45, 3356),
(77, 'BE', 15, 3363),
(78, 'BE', 11, 3364),
(79, 'BE', 91, 3365),
(80, 'BE', 45, 3366),
(81, 'BE', 56, 3367),
(82, 'BE', 96, 3372),
(83, 'BE', 12, 3359),
(84, 'BE', 18, 3079),
(85, 'BE', 109, 3354),
(86, 'BE', 108, 3348),
(87, 'DC', 32, 8),
(88, 'BE', 66, 3320),
(89, 'BE', 18, 3249),
(90, 'DC', 61, 9),
(91, 'BE', 70, 3226),
(92, 'BE', 110, 3031),
(93, 'BE', 29, 3064),
(94, 'BE', 80, 3107),
(95, 'BE', 111, 3291),
(96, 'DC', 44, 10),
(98, 'DC', 38, 12),
(99, 'BE', 112, 3194),
(100, 'DC', 57, 13),
(101, 'BE', 107, 2502),
(102, 'BE', 101, 2877),
(103, 'BE', 115, 2890),
(104, 'BE', 68, 2982),
(105, 'DC', 4, 14),
(106, 'BE', 29, 2979),
(107, 'DC', 2, 15),
(108, 'BE', 19, 3369),
(109, 'BE', 21, 3142),
(111, 'DC', 1, 16),
(112, 'BE', 4, 2830),
(113, 'BE', 83, 3254),
(114, 'BE', 17, 2546),
(115, 'BE', 107, 2405),
(116, 'BE', 4, 2626),
(117, 'BE', 40, 3370),
(118, 'BE', 51, 3174),
(119, 'DC', 124, 17),
(120, 'BE', 42, 3102),
(121, 'BE', 122, 3350),
(122, 'BE', 95, 2900),
(123, 'BE', 69, 2942),
(124, 'BE', 125, 3349),
(125, 'BE', 1, 3293),
(126, 'BE', 126, 3080),
(127, 'BE', 11, 2780),
(128, 'BE', 128, 2999),
(129, 'BE', 129, 2945),
(130, 'BE', 72, 3299),
(131, 'BE', 56, 3083),
(132, 'BE', 1, 2886),
(133, 'BE', 130, 3341),
(134, 'BE', 95, 3373),
(135, 'DC', 123, 18),
(136, 'BE', 17, 3374),
(137, 'BE', 48, 3173),
(138, 'BE', 123, 3375),
(139, 'BE', 30, 3376),
(140, 'BE', 64, 2856),
(141, 'BE', 17, 3253),
(142, 'BE', 121, 2875),
(143, 'BE', 22, 2510),
(144, 'BE', 26, 3377),
(145, 'BE', 132, 2523),
(146, 'BE', 26, 2814),
(147, 'DC', 29, 19),
(148, 'BE', 95, 3378),
(149, 'BE', 67, 3351),
(150, 'BE', 95, 3164),
(151, 'BE', 127, 32471),
(152, 'BE', 134, 2598),
(153, 'BE', 95, 3183),
(154, 'BE', 29, 3381),
(155, 'BE', 95, 3379),
(156, 'BE', 135, 3382),
(157, 'BE', 95, 3380),
(158, 'DC', 136, 20),
(159, 'DC', 137, 21),
(162, 'BE', 65, 2740),
(163, 'BE', 51, 3361),
(164, 'BE', 95, 2488),
(165, 'DC', 138, 22),
(166, 'BE', 80, 3383),
(167, 'BE', 93, 3384),
(169, 'BE', 40, 3189),
(170, 'BE', 2, 2833),
(171, 'BE', 114, 3385),
(172, 'DC', 40, 23),
(173, 'BE', 139, 2822),
(174, 'DC', 141, 24),
(175, 'BE', 5, 2960),
(176, 'BE', 62, 2668),
(177, 'BE', 30, 3386),
(178, 'BE', 74, 3270),
(179, 'BE', 142, 3387),
(180, 'DC', 143, 25),
(181, 'DC', 144, 26),
(182, 'DC', 146, 27),
(183, 'BE', 148, 3388),
(184, 'BE', 11, 3274),
(186, 'DC', 147, 28),
(187, 'BE', 29, 3027),
(188, 'BE', 96, 3389),
(189, 'BE', 64, 3229),
(190, 'BE', 110, 3289),
(191, 'DC', 95, 29),
(192, 'BE', 8, 3390),
(193, 'BE', 65, 2772),
(194, 'BE', 6, 2564),
(195, 'BE', 66, 3391),
(196, 'BE', 10, 3393),
(197, 'BE', 81, 3392),
(198, 'BE', 5, 2962),
(199, 'BE', 151, 3394),
(200, 'BE', 44, 3119),
(201, 'DC', 152, 30),
(202, 'BE', 153, 2805),
(203, 'BE', 43, 3395),
(204, 'BE', 43, 3112),
(205, 'BE', 37, 3104),
(206, 'DC', 20, 31),
(207, 'DC', 17, 32),
(208, 'BE', 48, 3045),
(209, 'BE', 146, 32472),
(210, 'BE', 88, 3125),
(211, 'DC', 110, 33),
(212, 'DC', 154, 34),
(213, 'BE', 61, 3162),
(214, 'BE', 61, 2910),
(215, 'BE', 4, 3262),
(216, 'BE', 154, 3397),
(217, 'DC', 1, 35),
(218, 'BE', 132, 3298),
(219, 'BE', 37, 3396),
(220, 'BE', 132, 3398),
(221, 'BE', 155, 2708),
(222, 'DC', 1, 36),
(223, 'DC', 54, 37),
(224, 'DC', 156, 38),
(225, 'BE', 60, 2686),
(226, 'BE', 147, 32473),
(227, 'DC', 71, 39),
(229, 'BE', 157, 2864),
(230, 'BE', 158, 32474),
(231, 'BE', 159, 3399),
(232, 'BE', 132, 3400),
(233, 'BE', 61, 2744),
(234, 'BE', 70, 3401),
(235, 'BE', 161, 3246),
(236, 'BE', 145, 3300),
(237, 'BE', 4, 2612),
(238, 'BE', 162, 33511),
(239, 'BE', 20, 3402),
(240, 'BE', 88, 3403),
(241, 'DC', 132, 40),
(242, 'BE', 163, 3404),
(243, 'BE', 95, 2966),
(244, 'DC', 90, 41),
(245, 'DC', 164, 42),
(246, 'BE', 165, 3237),
(247, 'BE', 166, 3243),
(248, 'BE', 44, 3053),
(249, 'BE', 140, 3184),
(250, 'BE', 77, 3405),
(251, 'BE', 168, 3406),
(252, 'BE', 169, 3295),
(253, 'BE', 40, 2970),
(254, 'BE', 170, 3288),
(256, 'BE', 132, 3407),
(257, 'BE', 89, 2860),
(258, 'BE', 4, 2327),
(259, 'DC', 171, 43),
(260, 'BE', 3, 2692),
(261, 'BE', 172, 2837),
(262, 'BE', 173, 32475),
(263, 'DC', 174, 44),
(264, 'BE', 47, 3408),
(265, 'BE', 53, 3321),
(266, 'BE', 175, 3163),
(267, 'BE', 176, 3176),
(268, 'BE', 176, 3167),
(269, 'DC', 177, 45),
(270, 'BE', 10, 3409),
(271, 'BE', 178, 3025),
(272, 'DC', 11, 46),
(273, 'BE', 4, 3046),
(274, 'BE', 176, 3224),
(275, 'BE', 179, 32476),
(276, 'BE', 26, 3410),
(277, 'DC', 180, 47),
(278, 'BE', 95, 3411),
(279, 'DC', 1, 48),
(280, 'DC', 181, 49),
(281, 'BE', 61, 3214),
(282, 'BE', 115, 3131),
(283, 'BE', 20, 3266),
(284, 'BE', 15, 3412),
(285, 'BE', 2, 2931),
(286, 'BE', 1, 2731),
(287, 'BE', 3, 3092),
(288, 'BE', 68, 2927),
(289, 'BE', 1, 3213),
(290, 'BE', 101, 2603),
(291, 'DC', 182, 50),
(292, 'BE', 55, 2976),
(293, 'BE', 184, 32477),
(295, 'BE', 182, 3413),
(296, 'BE', 88, 3002),
(297, 'DC', 183, 51),
(298, 'DC', 33, 52),
(299, 'BE', 29, 3414),
(300, 'DC', 185, 53),
(301, 'BE', 178, 3415),
(302, 'BE', 5, 3003),
(303, 'BE', 36, 3277),
(304, 'BE', 3, 2749),
(305, 'DC', 186, 54),
(306, 'BE', 140, 3416),
(307, 'BE', 30, 2657),
(308, 'BE', 175, 3155),
(309, 'BE', 29, 2989),
(310, 'BE', 47, 3143),
(311, 'BE', 64, 3203),
(312, 'DC', 175, 55),
(313, 'BE', 53, 3238),
(314, 'BE', 95, 3282),
(315, 'BE', 187, 3417),
(316, 'BE', 188, 3329),
(317, 'BE', 1, 3418),
(318, 'BE', 15, 3312),
(319, 'DC', 172, 56),
(320, 'BE', 189, 3419),
(321, 'BE', 18, 3420),
(322, 'BE', 88, 3207),
(323, 'DC', 190, 57),
(324, 'BE', 1, 3421),
(325, 'BE', 41, 2565),
(326, 'BE', 5, 2828),
(327, 'BE', 160, 32478),
(328, 'BE', 29, 2714),
(329, 'BE', 4, 3048),
(330, 'DC', 95, 58),
(331, 'DC', 123, 59),
(332, 'BE', 7, 3422),
(333, 'BE', 90, 3423),
(334, 'BE', 55, 2529),
(335, 'DC', 103, 60),
(336, 'BE', 15, 3315),
(337, 'DC', 21, 61),
(338, 'BE', 45, 3424),
(339, 'BE', 47, 3205),
(340, 'DC', 183, 62),
(341, 'BE', 191, 3323),
(342, 'BE', 192, 2930),
(343, 'BE', 172, 3425),
(344, 'BE', 76, 3426),
(345, 'BE', 45, 3427),
(346, 'BE', 123, 3428),
(347, 'BE', 29, 3090),
(348, 'BE', 45, 3429),
(349, 'BE', 60, 3430),
(350, 'DC', 193, 63),
(351, 'BE', 194, 2961),
(352, 'BE', 84, 3431),
(353, 'BE', 5, 3054),
(354, 'DC', 195, 64),
(355, 'BE', 83, 3432),
(356, 'BE', 44, 3324),
(357, 'BE', 196, 3283),
(358, 'BE', 26, 2694),
(359, 'DC', 197, 65),
(360, 'BE', 20, 3433),
(361, 'BE', 198, 3070),
(362, 'BE', 199, 3317),
(363, 'DC', 200, 66),
(364, 'BE', 114, 2765),
(365, 'BE', 12, 3434),
(366, 'BE', 12, 3095),
(367, 'BE', 15, 3435),
(368, 'BE', 117, 3069),
(369, 'BE', 4, 2587),
(370, 'BE', 201, 3436),
(371, 'BE', 202, 3309),
(372, 'BE', 21, 3437),
(373, 'BE', 101, 2965),
(374, 'DC', 203, 67),
(375, 'BE', 167, 3330),
(376, 'BE', 70, 3438),
(377, 'DC', 204, 68),
(378, 'BE', 205, 3014),
(379, 'BE', 20, 3439),
(380, 'BE', 197, 3440),
(381, 'BE', 190, 3441),
(382, 'BE', 51, 2941),
(383, 'BE', 206, 3442),
(384, 'BE', 16, 3140),
(385, 'BE', 95, 3443),
(386, 'BE', 1, 3444),
(387, 'DC', 207, 69),
(388, 'BE', 194, 3445),
(389, 'BE', 38, 3446),
(390, 'BE', 1, 2885),
(391, 'BE', 47, 3447),
(392, 'BE', 138, 3448),
(393, 'BE', 209, 3449),
(394, 'BE', 210, 2735),
(395, 'BE', 29, 3202),
(396, 'BE', 208, 32371),
(397, 'DC', 211, 70),
(398, 'DC', 212, 71),
(399, 'BE', 76, 3175),
(400, 'BE', 76, 3030),
(401, 'BE', 30, 3450);

-- --------------------------------------------------------

--
-- Table structure for table `financial_months`
--

CREATE TABLE `financial_months` (
  `id` int(10) NOT NULL,
  `financial_year_id` int(10) NOT NULL,
  `month` varchar(15) NOT NULL,
  `status` varchar(10) NOT NULL
) ENGINE=InnoDB DEFAULT CHARSET=latin1;

--
-- Dumping data for table `financial_months`
--

INSERT INTO `financial_months` (`id`, `financial_year_id`, `month`, `status`) VALUES
(31, 1, '04-2017', 'Open'),
(32, 1, '05-2017', 'Open'),
(33, 1, '06-2017', 'Open'),
(34, 1, '07-2017', 'Open'),
(35, 1, '08-2017', 'Open'),
(36, 1, '09-2017', 'Open'),
(37, 1, '10-2017', 'Open'),
(38, 1, '11-2017', 'Open'),
(39, 1, '12-2017', 'Open'),
(40, 1, '01-2018', 'Open'),
(41, 1, '02-2018', 'Open'),
(42, 1, '03-2018', 'Open'),
(79, 19, '04-2017', 'Open'),
(80, 19, '05-2017', 'Open'),
(81, 19, '06-2017', 'Open'),
(82, 19, '07-2017', 'Open'),
(83, 19, '08-2017', 'Open'),
(84, 19, '09-2017', 'Open'),
(85, 19, '10-2017', 'Open'),
(86, 19, '11-2017', 'Open'),
(88, 19, '12-2017', 'Open'),
(90, 19, '01-2018', 'Open'),
(91, 19, '02-2018', 'Open'),
(92, 19, '03-2018', 'Open'),
(93, 20, '04-2017', 'Open'),
(94, 20, '05-2017', 'Open'),
(95, 20, '06-2017', 'Open'),
(96, 20, '07-2017', 'Open'),
(97, 20, '08-2017', 'Open'),
(98, 20, '09-2017', 'Open'),
(99, 20, '10-2017', 'Open'),
(100, 20, '11-2017', 'Open'),
(101, 20, '12-2017', 'Open'),
(102, 20, '01-2018', 'Open'),
(103, 20, '02-2018', 'Open'),
(104, 20, '03-2018', 'Open'),
(105, 21, '04-2017', 'Open'),
(106, 21, '05-2017', 'Open'),
(107, 21, '06-2017', 'Open'),
(108, 21, '07-2017', 'Open'),
(109, 21, '08-2017', 'Open'),
(110, 21, '09-2017', 'Open'),
(111, 21, '10-2017', 'Open'),
(112, 21, '11-2017', 'Open'),
(113, 21, '12-2017', 'Open'),
(114, 21, '01-2018', 'Open'),
(115, 21, '02-2018', 'Open'),
(116, 21, '03-2018', 'Open');

-- --------------------------------------------------------

--
-- Table structure for table `financial_years`
--

CREATE TABLE `financial_years` (
  `id` int(11) NOT NULL,
  `date_from` date NOT NULL,
  `date_to` date NOT NULL,
  `status` varchar(50) NOT NULL,
  `company_id` int(11) NOT NULL
) ENGINE=InnoDB DEFAULT CHARSET=latin1;

--
-- Dumping data for table `financial_years`
--

INSERT INTO `financial_years` (`id`, `date_from`, `date_to`, `status`, `company_id`) VALUES
(1, '2017-04-01', '2018-03-31', 'Open', 25),
(19, '2017-04-01', '2018-03-31', 'Open', 26),
(20, '2017-04-01', '2018-03-31', 'Open', 27),
(21, '2017-04-01', '2018-03-31', 'Open', 28);

-- --------------------------------------------------------

--
-- Table structure for table `grns`
--

CREATE TABLE `grns` (
  `id` int(10) NOT NULL,
  `vendor_id` int(10) NOT NULL,
  `date_created` date NOT NULL,
  `purchase_order_id` int(10) NOT NULL,
  `company_id` int(10) NOT NULL,
  `grn1` varchar(10) NOT NULL,
  `grn2` int(10) NOT NULL,
  `grn3` varchar(10) NOT NULL,
  `grn4` varchar(10) NOT NULL,
  `status` varchar(30) NOT NULL DEFAULT 'Pending',
  `created_by` int(10) NOT NULL,
  `road_permit_no` varchar(20) NOT NULL,
  `purchase_thela_bhada_status` varchar(11) NOT NULL DEFAULT 'no',
  `payment_id` int(11) NOT NULL,
  `journal_voucher_id` int(11) NOT NULL,
  `pettycashvoucher_id` int(11) NOT NULL,
  `nppayment_id` int(11) NOT NULL,
  `narration` varchar(255) NOT NULL,
  `edited_on` date NOT NULL,
  `edited_by` int(11) NOT NULL,
  `transaction_date` date NOT NULL
) ENGINE=InnoDB DEFAULT CHARSET=latin1;

--
-- Dumping data for table `grns`
--

INSERT INTO `grns` (`id`, `vendor_id`, `date_created`, `purchase_order_id`, `company_id`, `grn1`, `grn2`, `grn3`, `grn4`, `status`, `created_by`, `road_permit_no`, `purchase_thela_bhada_status`, `payment_id`, `journal_voucher_id`, `pettycashvoucher_id`, `nppayment_id`, `narration`, `edited_on`, `edited_by`, `transaction_date`) VALUES
(1, 39, '2017-11-24', 11, 25, 'STL', 1, 'BE-3450', '17-18', 'Pending', 23, '1', 'no', 0, 0, 0, 0, 'ds', '0000-00-00', 0, '2017-11-24'),
(2, 39, '2017-11-24', 11, 25, 'STL', 2, 'BE-3450', '17-18', 'Pending', 23, '2', 'no', 0, 0, 0, 0, '2\r\n', '0000-00-00', 0, '2017-11-24'),
(3, 39, '2017-11-24', 11, 25, 'STL', 3, 'BE-3450', '17-18', 'Pending', 23, '3', 'no', 0, 0, 0, 0, 'cdfcvdfcv', '2017-11-24', 23, '2017-11-24'),
(4, 39, '2017-11-27', 12, 25, 'STL', 4, 'BE-2720', '17-18', 'Pending', 23, 'xzx', 'no', 0, 0, 0, 0, 'xzxz', '0000-00-00', 0, '2017-11-27'),
(5, 39, '2017-11-27', 12, 25, 'STL', 5, 'BE-2720', '17-18', 'Pending', 23, 'xzx', 'no', 0, 0, 0, 0, 'xzxz', '0000-00-00', 0, '2017-11-27'),
(6, 39, '2017-11-27', 8, 25, 'STL', 6, 'BE-3236', '17-18', 'Pending', 23, '1', 'no', 0, 0, 0, 0, 'vcx', '2017-11-27', 23, '2017-11-27'),
(7, 39, '2017-11-27', 10, 25, 'STL', 7, 'BE-3239', '17-18', 'Pending', 23, 'SXsxs', 'no', 0, 0, 0, 0, 'xssx', '0000-00-00', 0, '2017-11-27'),
(8, 39, '2017-11-28', 1, 25, 'STL', 8, 'BE-3251', '17-18', 'Pending', 23, 'zxz', 'no', 0, 0, 0, 0, 'xxz', '2017-11-28', 23, '2017-11-29'),
(9, 39, '2017-11-28', 14, 25, 'STL', 9, 'BE-3239', '17-18', 'Pending', 23, '1ds', 'no', 0, 0, 0, 0, 'dd', '0000-00-00', 0, '2017-11-28'),
(10, 39, '2017-11-28', 15, 25, 'STL', 10, 'BE-3236', '17-18', 'Invoice-Booked', 23, '12', 'no', 0, 0, 0, 0, 'dcdcd', '0000-00-00', 0, '2017-11-28');

-- --------------------------------------------------------

--
-- Table structure for table `grn_rows`
--

CREATE TABLE `grn_rows` (
  `id` int(10) NOT NULL,
  `grn_id` int(10) NOT NULL,
  `item_id` int(10) NOT NULL,
  `quantity` decimal(10,2) NOT NULL,
  `description` varchar(255) NOT NULL,
  `purchase_order_row_id` int(11) NOT NULL
) ENGINE=InnoDB DEFAULT CHARSET=latin1;

--
-- Dumping data for table `grn_rows`
--

INSERT INTO `grn_rows` (`id`, `grn_id`, `item_id`, `quantity`, `description`, `purchase_order_row_id`) VALUES
(1, 1, 556, '5.00', '', 26),
(2, 1, 556, '6.00', '', 27),
(3, 2, 556, '1.00', '', 28),
(4, 3, 556, '5.00', '', 26),
(5, 3, 556, '6.00', '', 27),
(6, 3, 556, '1.00', '', 28),
(7, 4, 556, '4.00', '', 29),
(8, 4, 556, '4.00', '', 30),
(9, 4, 598, '3.00', '', 31),
(10, 4, 556, '2.00', '', 32),
(11, 5, 556, '4.00', '', 29),
(12, 5, 556, '4.00', '', 30),
(13, 5, 598, '3.00', '', 31),
(14, 5, 556, '2.00', '', 32),
(15, 6, 556, '2.00', '', 19),
(16, 6, 556, '2.00', '', 20),
(17, 6, 556, '2.00', '', 21),
(18, 6, 1733, '2.00', '', 22),
(19, 7, 556, '5.00', '', 24),
(20, 7, 556, '3.00', '', 25),
(21, 8, 556, '2.00', '', 1),
(22, 8, 577, '2.00', '', 2),
(23, 8, 1658, '2.00', '', 3),
(24, 8, 1658, '1.00', '', 4),
(25, 9, 556, '2.00', '', 34),
(26, 9, 556, '2.00', '', 35),
(27, 9, 556, '2.00', '', 36),
(28, 10, 556, '2.00', '', 38),
(29, 10, 556, '1.00', '', 39);

-- --------------------------------------------------------

--
-- Table structure for table `inventory_transfer_vouchers`
--

CREATE TABLE `inventory_transfer_vouchers` (
  `id` int(100) NOT NULL,
  `voucher_no` int(100) NOT NULL,
  `company_id` int(10) NOT NULL,
  `created_by` int(100) NOT NULL,
  `in_out` varchar(10) NOT NULL,
  `transaction_date` date NOT NULL,
  `narration` varchar(100) NOT NULL,
  `edited_by` int(11) NOT NULL,
  `edited_on` date NOT NULL
) ENGINE=InnoDB DEFAULT CHARSET=latin1;

-- --------------------------------------------------------

--
-- Table structure for table `inventory_transfer_voucher_rows`
--

CREATE TABLE `inventory_transfer_voucher_rows` (
  `id` int(100) NOT NULL,
  `inventory_transfer_voucher_id` int(100) NOT NULL,
  `item_id` int(100) NOT NULL,
  `quantity` decimal(10,2) NOT NULL,
  `amount` decimal(12,2) NOT NULL,
  `status` varchar(100) NOT NULL,
  `narration` varchar(100) NOT NULL
) ENGINE=InnoDB DEFAULT CHARSET=latin1;

-- --------------------------------------------------------

--
-- Table structure for table `inventory_vouchers`
--

CREATE TABLE `inventory_vouchers` (
  `id` int(10) NOT NULL,
  `invoice_id` int(10) NOT NULL,
  `iv_number` int(10) NOT NULL,
  `created_by` int(10) NOT NULL,
  `company_id` int(10) NOT NULL,
  `status` varchar(20) NOT NULL DEFAULT 'Incomplete',
  `narration` text NOT NULL,
  `transaction_date` date NOT NULL
) ENGINE=InnoDB DEFAULT CHARSET=latin1;

-- --------------------------------------------------------

--
-- Table structure for table `inventory_voucher_rows`
--

CREATE TABLE `inventory_voucher_rows` (
  `id` int(10) NOT NULL,
  `inventory_voucher_id` int(10) NOT NULL,
  `invoice_id` int(10) NOT NULL,
  `item_id` int(10) NOT NULL,
  `quantity` decimal(10,2) NOT NULL,
  `left_item_id` int(10) NOT NULL
) ENGINE=InnoDB DEFAULT CHARSET=latin1;

-- --------------------------------------------------------

--
-- Table structure for table `invoices`
--

CREATE TABLE `invoices` (
  `id` int(10) NOT NULL,
  `temp_limit` decimal(10,2) DEFAULT '0.00',
  `customer_id` int(10) NOT NULL,
  `customer_address` text NOT NULL,
  `lr_no` varchar(255) NOT NULL,
  `terms_conditions` text,
  `discount_type` tinyint(1) NOT NULL,
  `total` decimal(15,2) NOT NULL,
  `pnf` decimal(10,2) NOT NULL,
  `pnf_type` tinyint(1) NOT NULL,
  `pnf_per` decimal(4,2) NOT NULL,
  `total_after_pnf` decimal(15,2) NOT NULL,
  `sale_tax_per` decimal(4,2) NOT NULL,
  `sale_tax_id` int(10) NOT NULL,
  `sale_tax_amount` decimal(15,2) NOT NULL,
  `exceise_duty` decimal(10,2) NOT NULL,
  `ed_description` varchar(255) NOT NULL,
  `fright_amount` decimal(8,2) NOT NULL,
  `fright_text` varchar(255) NOT NULL,
  `grand_total` decimal(18,2) NOT NULL,
  `due_payment` decimal(18,2) NOT NULL,
  `date_created` date NOT NULL,
  `company_id` int(10) NOT NULL,
  `process_status` varchar(30) NOT NULL,
  `sales_order_id` int(10) NOT NULL,
  `in1` varchar(10) NOT NULL,
  `in2` int(10) NOT NULL,
  `in4` varchar(10) NOT NULL,
  `in3` varchar(10) NOT NULL,
  `customer_po_no` varchar(100) NOT NULL,
  `po_date` date NOT NULL,
  `additional_note` varchar(255) NOT NULL,
  `employee_id` int(10) NOT NULL,
  `created_by` int(11) NOT NULL,
  `transporter_id` int(10) NOT NULL,
  `discount_per` decimal(4,2) NOT NULL,
  `discount` decimal(10,2) NOT NULL,
  `form47` varchar(100) NOT NULL,
  `form49` varchar(100) NOT NULL,
  `status` varchar(20) NOT NULL,
  `inventory_voucher_status` varchar(20) NOT NULL DEFAULT 'Pending',
  `payment_mode` varchar(20) NOT NULL,
  `fright_ledger_account` int(10) NOT NULL,
  `sales_ledger_account` int(10) NOT NULL,
  `st_ledger_account_id` int(10) NOT NULL,
  `pdf_font_size` varchar(10) NOT NULL DEFAULT '16px',
  `delivery_description` text NOT NULL,
  `inventory_voucher_create` varchar(10) NOT NULL DEFAULT 'No',
  `sale_return_status` varchar(5) NOT NULL DEFAULT 'No',
  `sale_return_id` int(11) NOT NULL,
  `invoice_type` varchar(10) NOT NULL DEFAULT 'Non-GST	',
  `fright_cgst_percent` varchar(10) DEFAULT NULL,
  `fright_cgst_amount` decimal(15,2) NOT NULL,
  `fright_sgst_percent` varchar(10) DEFAULT NULL,
  `fright_sgst_amount` decimal(15,2) NOT NULL,
  `fright_igst_percent` varchar(10) DEFAULT NULL,
  `fright_igst_amount` decimal(15,2) NOT NULL,
  `total_cgst_amount` decimal(15,2) NOT NULL,
  `total_sgst_amount` decimal(15,2) NOT NULL,
  `total_igst_amount` decimal(15,2) NOT NULL,
  `sales_thela_bhada_status` varchar(11) NOT NULL DEFAULT 'no',
  `payment_id` int(11) NOT NULL,
  `journal_voucher_id` int(11) NOT NULL,
  `pettycashvoucher_id` int(11) NOT NULL,
  `nppayment_id` int(11) NOT NULL,
  `edited_by` int(11) NOT NULL,
  `edited_on` date NOT NULL
) ENGINE=InnoDB DEFAULT CHARSET=latin1;

--
-- Dumping data for table `invoices`
--

INSERT INTO `invoices` (`id`, `temp_limit`, `customer_id`, `customer_address`, `lr_no`, `terms_conditions`, `discount_type`, `total`, `pnf`, `pnf_type`, `pnf_per`, `total_after_pnf`, `sale_tax_per`, `sale_tax_id`, `sale_tax_amount`, `exceise_duty`, `ed_description`, `fright_amount`, `fright_text`, `grand_total`, `due_payment`, `date_created`, `company_id`, `process_status`, `sales_order_id`, `in1`, `in2`, `in4`, `in3`, `customer_po_no`, `po_date`, `additional_note`, `employee_id`, `created_by`, `transporter_id`, `discount_per`, `discount`, `form47`, `form49`, `status`, `inventory_voucher_status`, `payment_mode`, `fright_ledger_account`, `sales_ledger_account`, `st_ledger_account_id`, `pdf_font_size`, `delivery_description`, `inventory_voucher_create`, `sale_return_status`, `sale_return_id`, `invoice_type`, `fright_cgst_percent`, `fright_cgst_amount`, `fright_sgst_percent`, `fright_sgst_amount`, `fright_igst_percent`, `fright_igst_amount`, `total_cgst_amount`, `total_sgst_amount`, `total_igst_amount`, `sales_thela_bhada_status`, `payment_id`, `journal_voucher_id`, `pettycashvoucher_id`, `nppayment_id`, `edited_by`, `edited_on`) VALUES
(1, '0.00', 7, 'NH 90, Atru Road, \r\nVillage Kawai, Taluka Atru, \r\nBaran 325 219, (Raj)', '1', NULL, 0, '99.96', '0.00', 0, '0.00', '199.96', '0.00', 0, '0.00', '0.00', '', '100.00', '', '229.95', '0.00', '2017-12-01', 25, 'Pulled From Sales-Order', 3, 'STL', 1, '17-18', 'BE-3147', '22', '2017-12-01', 'addistional', 15, 23, 2, '0.00', '0.00', '', '', '', 'Pending', '', 0, 949, 0, '16px', 'zX', 'No', 'No', 0, 'GST', '8', '6.00', '11', '6.00', '', '0.00', '15.00', '15.00', '0.00', 'no', 0, 0, 0, 0, 0, '0000-00-00'),
(2, '0.00', 7, 'NH 90, Atru Road, \r\nVillage Kawai, Taluka Atru, \r\nBaran 325 219, (Raj)', '2', NULL, 0, '672.83', '0.00', 0, '0.00', '1672.83', '0.00', 0, '0.00', '0.00', '', '1000.00', '', '2065.07', '0.00', '2017-12-01', 25, 'Pulled From Sales-Order', 1, 'STL', 2, '17-18', 'BE-3147', '1', '2017-12-01', '', 15, 23, 6, '0.00', '0.00', '', '', '', 'Pending', '', 0, 949, 0, '16px', 'csdcs', 'Yes', 'No', 0, 'GST', '10', '140.00', '13', '140.00', '', '0.00', '196.12', '196.12', '0.00', 'no', 0, 0, 0, 0, 0, '0000-00-00');

-- --------------------------------------------------------

--
-- Table structure for table `invoice_bookings`
--

CREATE TABLE `invoice_bookings` (
  `id` int(10) NOT NULL,
  `grn_id` int(10) NOT NULL,
  `invoice_no` varchar(100) NOT NULL,
  `created_on` date NOT NULL,
  `company_id` int(10) NOT NULL,
  `created_by` int(10) NOT NULL,
  `ib1` varchar(10) NOT NULL,
  `ib2` int(10) NOT NULL,
  `ib3` varchar(10) NOT NULL,
  `ib4` varchar(10) NOT NULL,
  `total` decimal(15,2) NOT NULL,
  `due_payment` decimal(15,2) NOT NULL,
  `vendor_id` int(11) NOT NULL,
  `supplier_date` date NOT NULL,
  `purchase_ledger_account` int(10) NOT NULL,
  `ledger_account_for_vat` int(10) NOT NULL,
  `cst_vat` varchar(10) NOT NULL,
  `purchase_return_status` varchar(10) NOT NULL DEFAULT 'No',
  `purchase_return_id` int(11) NOT NULL,
  `total_saletax` decimal(15,5) NOT NULL,
  `narration` varchar(255) NOT NULL,
  `taxable_value` decimal(15,2) NOT NULL,
  `gst` varchar(4) NOT NULL DEFAULT 'no',
  `edited_by` int(11) NOT NULL,
  `edited_on` date NOT NULL
) ENGINE=InnoDB DEFAULT CHARSET=latin1;

--
-- Dumping data for table `invoice_bookings`
--

INSERT INTO `invoice_bookings` (`id`, `grn_id`, `invoice_no`, `created_on`, `company_id`, `created_by`, `ib1`, `ib2`, `ib3`, `ib4`, `total`, `due_payment`, `vendor_id`, `supplier_date`, `purchase_ledger_account`, `ledger_account_for_vat`, `cst_vat`, `purchase_return_status`, `purchase_return_id`, `total_saletax`, `narration`, `taxable_value`, `gst`, `edited_by`, `edited_on`) VALUES
(1, 1, '1', '2017-11-18', 25, 23, 'STL', 1, 'BE-3251', '17-18', '2533.87', '2533.87', 39, '2017-11-18', 797, 0, '', 'No', 0, '0.00000', 'asdfghjk', '2127.28', 'yes', 23, '2017-11-18'),
(2, 7, '1', '2017-11-22', 25, 23, 'STL', 2, 'BE-3251', '17-18', '307.09', '319.76', 39, '2017-11-22', 538, 840, 'VAT', 'No', 0, '15.49000', 'asdfghjkpoiuytrewq', '0.00', 'no', 23, '2017-11-22'),
(3, 2, '1', '2017-11-24', 25, 23, 'STL', 3, 'BE-3251', '17-18', '141.77', '141.77', 39, '2017-11-24', 35, 840, 'CST', 'No', 0, '11.98000', 'asdfghj', '0.00', 'no', 0, '0000-00-00'),
(4, 2, '1', '2017-11-24', 25, 23, 'STL', 3, 'BE-3251', '17-18', '141.77', '141.77', 39, '2017-11-24', 35, 840, 'CST', 'No', 0, '11.98000', 'asdfghj', '0.00', 'no', 0, '0000-00-00'),
(5, 2, '1', '2017-11-24', 25, 23, 'STL', 3, 'BE-3251', '17-18', '141.77', '141.77', 39, '2017-11-24', 35, 840, 'CST', 'No', 0, '11.98000', 'asdfghj', '0.00', 'no', 0, '0000-00-00'),
(6, 15, 'invoice 123', '2017-11-24', 25, 23, 'STL', 4, 'BE-3239', '17-18', '704.86', '704.86', 39, '2017-11-24', 35, 840, 'CST', 'No', 0, '62.26000', 'hio', '0.00', 'no', 0, '0000-00-00'),
(7, 3, 'invoice 456', '2017-11-24', 25, 23, 'STL', 5, 'BE-3251', '17-18', '447.13', '447.13', 39, '2017-11-24', 35, 840, 'CST', 'No', 0, '38.83000', 'sd', '0.00', 'no', 0, '0000-00-00'),
(8, 5, '123', '2017-11-24', 25, 23, 'STL', 6, 'BE-3239', '17-18', '426.20', '426.20', 39, '2017-11-24', 797, 0, '', 'No', 0, '0.00000', 'aaa', '405.90', 'yes', 0, '0000-00-00'),
(9, 5, '123', '2017-11-24', 25, 23, 'STL', 6, 'BE-3239', '17-18', '426.20', '426.20', 39, '2017-11-24', 797, 0, '', 'No', 0, '0.00000', 'aaa', '405.90', 'yes', 0, '0000-00-00'),
(10, 6, 'invoice 0008', '2017-11-24', 25, 23, 'STL', 7, 'BE-3239', '17-18', '138.50', '138.50', 39, '2017-11-24', 799, 0, '', 'No', 0, '0.00000', 'hi', '108.90', 'yes', 0, '0000-00-00'),
(11, 16, '1', '2017-11-24', 25, 23, 'STL', 8, 'BE-3236', '17-18', '1920.52', '1920.52', 39, '2017-11-24', 797, 0, '', 'No', 0, '0.00000', 'hi', '1469.16', 'yes', 23, '2017-11-24'),
(12, 10, '1', '2017-12-01', 25, 23, 'STL', 9, 'BE-3236', '17-18', '374.82', '374.82', 39, '2017-12-01', 797, 0, '', 'No', 0, '0.00000', 'xsxsxsxssx', '316.80', 'yes', 0, '0000-00-00');

-- --------------------------------------------------------

--
-- Table structure for table `invoice_booking_rows`
--

CREATE TABLE `invoice_booking_rows` (
  `id` int(11) NOT NULL,
  `invoice_booking_id` int(11) NOT NULL,
  `grn_row_id` int(11) NOT NULL,
  `item_id` int(11) NOT NULL,
  `unit_rate_from_po` decimal(15,2) NOT NULL,
  `discount_per` tinyint(1) NOT NULL,
  `discount` decimal(15,2) NOT NULL,
  `pnf_per` tinyint(1) NOT NULL,
  `pnf` decimal(15,2) NOT NULL,
  `excise_duty` decimal(15,2) NOT NULL,
  `sale_tax` decimal(15,2) NOT NULL,
  `other_charges` decimal(10,2) DEFAULT NULL,
  `misc` decimal(15,2) NOT NULL,
  `quantity` decimal(10,2) NOT NULL,
  `rate` decimal(20,5) NOT NULL,
  `amount` decimal(15,4) NOT NULL,
  `description` varchar(500) NOT NULL,
  `total` decimal(18,2) NOT NULL,
  `gst_discount_per` varchar(20) NOT NULL,
  `gst_pnf_per` varchar(20) NOT NULL,
  `taxable_value` decimal(15,2) NOT NULL,
  `cgst_per` varchar(10) NOT NULL,
  `cgst` decimal(15,2) NOT NULL,
  `sgst_per` varchar(11) NOT NULL,
  `sgst` decimal(15,2) NOT NULL,
  `igst_per` varchar(11) NOT NULL,
  `igst` decimal(15,2) NOT NULL
) ENGINE=InnoDB DEFAULT CHARSET=latin1;

--
-- Dumping data for table `invoice_booking_rows`
--

INSERT INTO `invoice_booking_rows` (`id`, `invoice_booking_id`, `grn_row_id`, `item_id`, `unit_rate_from_po`, `discount_per`, `discount`, `pnf_per`, `pnf`, `excise_duty`, `sale_tax`, `other_charges`, `misc`, `quantity`, `rate`, `amount`, `description`, `total`, `gst_discount_per`, `gst_pnf_per`, `taxable_value`, `cgst_per`, `cgst`, `sgst_per`, `sgst`, `igst_per`, `igst`) VALUES
(1, 1, 1, 556, '100.00', 0, '91.00', 0, '8.19', '0.00', '0.00', '10.00', '10.00', '9.00', '91.91000', '910.0000', '<p>asdfghjkl</p>', '878.55', '10', '1', '827.19', '', '0.00', '', '0.00', '30', '41.36'),
(2, 1, 2, 577, '250.50', 0, '50.60', 0, '17.59', '0.00', '0.00', '10.00', '10.00', '4.00', '244.75000', '1012.0000', '<p>qwe</p>', '1263.11', '5', '1.83', '978.99', '', '0.00', '', '0.00', '25', '274.12'),
(3, 1, 3, 1658, '101.00', 0, '8.48', 0, '6.11', '0.00', '0.00', '10.00', '10.00', '2.00', '104.82000', '212.0000', '<p>aws</p>', '257.36', '4', '3', '209.63', '', '0.00', '', '0.00', '24', '37.73'),
(4, 1, 4, 1658, '101.00', 0, '2.78', 0, '3.25', '0.00', '0.00', '10.00', '10.00', '1.00', '111.47000', '111.0000', '<p>asdf</p>', '134.85', '2.5', '3', '111.47', '', '0.00', '', '0.00', '23', '13.38'),
(5, 2, 14, 556, '123.00', 0, '10.00', 0, '10.00', '10.00', '5.50', '10.00', '10.00', '2.00', '145.80000', '256.0000', '<p>SWG</p>', '307.09', '', '', '0.00', '', '0.00', '', '0.00', '', '0.00'),
(6, 3, 5, 556, '100.00', 1, '10.00', 1, '10.00', '10.00', '10.00', '10.00', '10.00', '1.00', '141.77000', '110.0000', '<p>asdfghjkl</p>', '141.77', '', '', '0.00', '', '0.00', '', '0.00', '', '0.00'),
(7, 4, 5, 556, '100.00', 1, '10.00', 1, '10.00', '10.00', '10.00', '10.00', '10.00', '1.00', '141.77000', '110.0000', '<p>asdfghjkl</p>', '141.77', '', '', '0.00', '', '0.00', '', '0.00', '', '0.00'),
(8, 5, 5, 556, '100.00', 1, '10.00', 1, '10.00', '10.00', '10.00', '10.00', '10.00', '1.00', '141.77000', '110.0000', '<p>asdfghjkl</p>', '141.77', '', '', '0.00', '', '0.00', '', '0.00', '', '0.00'),
(9, 6, 30, 556, '100.00', 0, '10.00', 0, '10.00', '10.00', '10.00', '10.00', '10.00', '3.00', '128.37000', '310.0000', '<p><br></p>', '385.10', '', '', '0.00', '', '0.00', '', '0.00', '', '0.00'),
(10, 6, 31, 556, '123.00', 0, '10.00', 0, '10.00', '10.00', '10.00', '10.00', '10.00', '2.00', '159.88000', '256.0000', '<p><br></p>', '319.76', '', '', '0.00', '', '0.00', '', '0.00', '', '0.00'),
(11, 7, 6, 556, '111.00', 0, '10.00', 0, '10.00', '10.00', '10.00', '10.00', '10.00', '1.00', '156.41000', '121.0000', '<p>sdfgh</p>', '156.41', '', '', '0.00', '', '0.00', '', '0.00', '', '0.00'),
(12, 7, 7, 556, '222.00', 0, '10.00', 0, '10.00', '10.00', '10.00', '10.00', '10.00', '1.00', '290.72000', '232.0000', '<p><br></p>', '290.72', '', '', '0.00', '', '0.00', '', '0.00', '', '0.00'),
(13, 8, 12, 556, '100.00', 0, '41.00', 0, '36.90', '0.00', '0.00', '0.00', '10.00', '4.00', '101.48000', '410.0000', '<p>wertyu</p>', '426.20', '10', '10', '405.90', '', '0.00', '', '0.00', '30', '20.30'),
(14, 9, 12, 556, '100.00', 0, '41.00', 0, '36.90', '0.00', '0.00', '0.00', '10.00', '4.00', '101.48000', '410.0000', '<p>wertyu</p>', '426.20', '10', '10', '405.90', '', '0.00', '', '0.00', '30', '20.30'),
(15, 10, 13, 556, '100.00', 0, '11.00', 0, '9.90', '0.00', '0.00', '10.00', '10.00', '1.00', '108.90000', '110.0000', '<p>wertyu</p>', '138.50', '10', '10', '108.90', '19', '9.80', '20', '9.80', '', '0.00'),
(16, 11, 32, 556, '100.00', 0, '51.00', 0, '45.90', '0.00', '0.00', '10.00', '10.00', '5.00', '100.98000', '510.0000', '<p><br></p>', '656.27', '10', '10', '504.90', '', '0.00', '', '0.00', '25', '141.37'),
(17, 11, 33, 556, '100.00', 0, '41.00', 0, '36.90', '0.00', '0.00', '10.00', '10.00', '4.00', '101.48000', '410.0000', '<p><br></p>', '529.55', '10', '10', '405.90', '', '0.00', '', '0.00', '25', '113.65'),
(18, 11, 34, 1733, '222.00', 0, '45.40', 0, '40.86', '0.00', '0.00', '10.00', '10.00', '2.00', '224.73000', '454.0000', '<p><br></p>', '585.31', '10', '10', '449.46', '', '0.00', '', '0.00', '25', '125.85'),
(19, 11, 35, 556, '100.00', 0, '11.00', 0, '9.90', '0.00', '0.00', '10.00', '10.00', '1.00', '108.90000', '110.0000', '<p><br></p>', '149.39', '10', '10', '108.90', '', '0.00', '', '0.00', '25', '30.49'),
(20, 12, 28, 556, '100.00', 0, '21.00', 0, '18.90', '0.00', '0.00', '10.00', '10.00', '2.00', '103.95000', '210.0000', '<p><br></p>', '242.85', '10', '10', '207.90', '', '0.00', '', '0.00', '23', '24.95'),
(21, 12, 29, 556, '100.00', 0, '11.00', 0, '9.90', '0.00', '0.00', '10.00', '10.00', '1.00', '108.90000', '110.0000', '<p><br></p>', '131.97', '10', '10', '108.90', '', '0.00', '', '0.00', '23', '13.07');

-- --------------------------------------------------------

--
-- Table structure for table `invoice_rows`
--

CREATE TABLE `invoice_rows` (
  `id` int(10) NOT NULL,
  `invoice_id` int(10) NOT NULL,
  `item_id` int(10) NOT NULL,
  `description` text NOT NULL,
  `quantity` decimal(10,2) NOT NULL,
  `rate` decimal(15,2) NOT NULL,
  `amount` decimal(15,2) NOT NULL,
  `height` int(3) NOT NULL,
  `inventory_voucher_status` varchar(10) NOT NULL DEFAULT 'Pending',
  `serial_number` varchar(100) NOT NULL,
  `inventory_voucher_applicable` varchar(10) NOT NULL,
  `discount_percentage` varchar(10) DEFAULT NULL,
  `discount_amount` decimal(12,2) NOT NULL,
  `pnf_percentage` varchar(10) DEFAULT NULL,
  `pnf_amount` decimal(12,2) NOT NULL,
  `taxable_value` decimal(15,2) NOT NULL,
  `cgst_percentage` varchar(10) DEFAULT NULL,
  `cgst_amount` decimal(15,2) NOT NULL,
  `sgst_percentage` varchar(10) DEFAULT NULL,
  `sgst_amount` decimal(15,2) NOT NULL,
  `igst_percentage` varchar(10) DEFAULT NULL,
  `igst_amount` decimal(15,2) NOT NULL,
  `row_total` decimal(15,2) NOT NULL,
  `sales_order_row_id` int(11) NOT NULL
) ENGINE=InnoDB DEFAULT CHARSET=latin1;

--
-- Dumping data for table `invoice_rows`
--

INSERT INTO `invoice_rows` (`id`, `invoice_id`, `item_id`, `description`, `quantity`, `rate`, `amount`, `height`, `inventory_voucher_status`, `serial_number`, `inventory_voucher_applicable`, `discount_percentage`, `discount_amount`, `pnf_percentage`, `pnf_amount`, `taxable_value`, `cgst_percentage`, `cgst_amount`, `sgst_percentage`, `sgst_amount`, `igst_percentage`, `igst_amount`, `row_total`, `sales_order_row_id`) VALUES
(1, 1, 1151, '<p>asdfghjklpoiuytrewqzxcvbnm</p>', '1.00', '100.00', '100.00', 0, 'Pending', '63', '', '2', '2.00', '2', '1.96', '99.96', '9', '9.00', '12', '9.00', '', '0.00', '117.96', 7),
(2, 2, 556, '<p><br></p>', '1.00', '100.00', '100.00', 0, 'Pending', '1', '', '2', '2.00', '2', '1.96', '99.96', '8', '6.00', '11', '6.00', '', '0.00', '111.96', 1),
(3, 2, 1733, '<p><br></p>', '2.00', '190.00', '380.00', 0, 'Pending', '', '', '3', '11.40', '2', '7.37', '375.97', '8', '22.56', '11', '22.56', '', '0.00', '421.09', 2),
(4, 2, 1151, '<p><br></p>', '1.00', '100.00', '100.00', 0, 'Pending', '62', '', '5', '5.00', '2', '1.90', '96.90', '10', '13.57', '13', '13.57', '', '0.00', '124.04', 3),
(5, 2, 1151, '<p><br></p>', '1.00', '100.00', '100.00', 0, 'Pending', '62', '', '', '0.00', '', '0.00', '100.00', '10', '14.00', '13', '14.00', '', '0.00', '128.00', 4);

-- --------------------------------------------------------

--
-- Table structure for table `items`
--

CREATE TABLE `items` (
  `id` int(10) NOT NULL,
  `name` varchar(255) NOT NULL,
  `alias` varchar(50) NOT NULL,
  `item_category_id` int(10) NOT NULL,
  `item_group_id` int(10) NOT NULL,
  `item_sub_group_id` varchar(100) NOT NULL,
  `unit_id` int(11) NOT NULL,
  `ob_quantity` int(5) NOT NULL,
  `ob_rate` decimal(14,8) NOT NULL,
  `ob_value` decimal(20,8) NOT NULL,
  `freeze` tinyint(1) NOT NULL,
  `serial_number_enable` int(1) NOT NULL,
  `source` varchar(30) NOT NULL,
  `minimum_quantity` int(10) NOT NULL,
  `maximum_quantity` int(10) NOT NULL,
  `dynamic_cost` decimal(10,2) NOT NULL,
  `minimum_selling_price_factor` decimal(4,2) NOT NULL,
  `hsn_code` varchar(10) NOT NULL
) ENGINE=InnoDB DEFAULT CHARSET=latin1;

--
-- Dumping data for table `items`
--

INSERT INTO `items` (`id`, `name`, `alias`, `item_category_id`, `item_group_id`, `item_sub_group_id`, `unit_id`, `ob_quantity`, `ob_rate`, `ob_value`, `freeze`, `serial_number_enable`, `source`, `minimum_quantity`, `maximum_quantity`, `dynamic_cost`, `minimum_selling_price_factor`, `hsn_code`) VALUES
(556, '0.5 HP / 1500 RPM REMI', '0.5 HP / 1500 RPM REMI', 3, 8, '5', 1, 0, '0.00000000', '0.00000000', 0, 0, 'Purchessed/Manufactured', 0, 0, '0.00', '0.00', '85015210'),
(558, '1.50 HP / 1500 RPM REMI', '1.50 HP / 1500 RPM REMI', 3, 8, '5', 1, 0, '0.00000000', '0.00000000', 0, 0, 'Purchessed', 0, 0, '0.00', '0.00', '85015210'),
(559, '2 HP / 1500 RPM REMI', '2 HP / 1500 RPM REMI', 3, 8, '5', 1, 1, '0.00000000', '0.00000000', 0, 1, 'Purchessed', 0, 0, '0.00', '0.00', '85015210'),
(560, '3 HP / 1500 RPM REMI', '3 HP / 1500 RPM REMI', 3, 8, '5', 1, 0, '0.00000000', '0.00000000', 0, 0, 'Purchessed', 0, 0, '0.00', '0.00', '85015210'),
(561, '5 HP / 1500 RPM REMI', '5 HP / 1500 RPM REMI', 3, 8, '5', 1, 0, '0.00000000', '0.00000000', 0, 0, 'Purchessed', 0, 0, '0.00', '0.00', '85015210'),
(562, '7.50 HP / 1500 RPM REMI', '7.50 HP / 1500 RPM REMI', 3, 8, '5', 1, 0, '0.00000000', '0.00000000', 0, 0, 'Purchessed', 0, 0, '0.00', '0.00', '85015210'),
(563, '10 HP / 1500 RPM REMI', '10 HP / 1500 RPM REMI', 3, 8, '5', 1, 0, '0.00000000', '0.00000000', 0, 0, 'Purchessed', 0, 0, '0.00', '0.00', '85015210'),
(564, '12.50 HP / 1500 RPM REMI', '12.50 HP / 1500 RPM REMI', 3, 8, '5', 1, 0, '0.00000000', '0.00000000', 0, 0, 'Purchessed', 0, 0, '0.00', '0.00', '85015210'),
(565, '20 HP / 1500 RPM REMI', '20 HP / 1500 RPM REMI', 3, 8, '5', 1, 0, '0.00000000', '0.00000000', 0, 0, 'Purchessed', 0, 0, '0.00', '0.00', '85015210'),
(566, '1 HP / 3000 RPM REMI', '1 HP / 3000 RPM REMI', 3, 8, '5', 1, 1, '0.00000000', '0.00000000', 0, 1, 'Purchessed', 1, 1, '0.00', '0.00', '85015210'),
(567, '1.50 HP / 3000 RPM REMI', '1.50 HP / 3000 RPM REMI', 3, 8, '5', 1, 0, '0.00000000', '0.00000000', 0, 0, 'Purchessed', 0, 0, '0.00', '0.00', '85015210'),
(568, '2 HP / 3000 RPM REMI', '2 HP / 3000 RPM REMI', 3, 8, '5', 1, 0, '0.00000000', '0.00000000', 0, 0, 'Purchessed', 0, 0, '0.00', '0.00', '85015210'),
(569, '3 HP / 3000 RPM REMI', '3 HP / 3000 RPM REMI', 3, 8, '5', 1, 1, '0.00000000', '0.00000000', 0, 1, 'Purchessed', 1, 1, '0.00', '0.00', '85015210'),
(570, '5 HP / 3000 RPM REMI', '5 HP / 3000 RPM REMI', 3, 8, '5', 1, 1, '0.00000000', '0.00000000', 0, 1, 'Purchessed', 1, 1, '0.00', '0.00', '85015210'),
(572, '10 HP / 3000 RPM REMI', '10 HP / 3000 RPM REMI', 3, 8, '5', 1, 0, '0.00000000', '0.00000000', 0, 0, 'Purchessed', 0, 0, '0.00', '0.00', '85015210'),
(573, '12.50 HP / 3000 RPM REMI', '12.50 HP / 3000 RPM REMI', 3, 8, '5', 1, 0, '0.00000000', '0.00000000', 0, 0, 'Purchessed', 0, 0, '0.00', '0.00', '85015210'),
(574, '20 HP / 3000 RPM REMI', '20 HP / 3000 RPM REMI', 3, 8, '5', 1, 0, '0.00000000', '0.00000000', 0, 0, 'Purchessed', 0, 0, '0.00', '0.00', '85015210'),
(575, '15 HP / 3000 RPM REMI', '15 HP / 3000 RPM REMI', 3, 8, '5', 1, 1, '0.00000000', '0.00000000', 0, 1, 'Purchessed', 0, 0, '0.00', '0.00', '85015210'),
(576, '2 HP / 32 RPM Geared Motor', '2 HP / 32 RPM Geared Motor', 3, 8, '102', 1, 0, '0.00000000', '0.00000000', 0, 0, 'Purchessed', 0, 0, '0.00', '0.00', '8483'),
(577, '1 HP / 1500 RPM BBL', '1 HP / 1500 RPM BBL', 3, 7, '4', 1, 0, '0.00000000', '0.00000000', 0, 0, 'Purchessed', 0, 0, '2242.40', '0.00', '85015110'),
(578, '1.50 HP / 1500 RPM BBL', '1.50 HP / 1500 RPM BBL', 3, 7, '4', 1, 0, '0.00000000', '0.00000000', 0, 0, 'Purchessed', 0, 0, '0.00', '0.00', '85015110'),
(579, '2 HP / 1500 RPM BBL', '2 HP / 1500 RPM BBL', 3, 7, '4', 1, 0, '0.00000000', '0.00000000', 0, 0, 'Purchessed', 0, 0, '0.00', '0.00', '85015110'),
(580, '3 HP / 1500 RPM BBL', '3 HP / 1500 RPM BBL', 3, 7, '4', 1, 0, '0.00000000', '0.00000000', 0, 0, 'Purchessed', 0, 0, '0.00', '0.00', '85015110'),
(581, '5 HP / 1500 RPM BBL', '5 HP / 1500 RPM BBL', 3, 7, '4', 1, 0, '0.00000000', '0.00000000', 0, 0, 'Purchessed', 0, 0, '0.00', '0.00', '85015110'),
(582, '7.50 HP / 1500 RPM BBL', '7.50 HP / 1500 RPM BBL', 3, 7, '4', 1, 0, '0.00000000', '0.00000000', 0, 0, 'Purchessed', 0, 0, '0.00', '0.00', '85015110'),
(583, '10 HP / 1500 RPM BBL', '10 HP / 1500 RPM BBL', 3, 7, '4', 1, 1, '0.00000000', '0.00000000', 0, 1, 'Purchessed', 0, 0, '0.00', '0.00', '85015110'),
(584, '12.50 HP / 1500 RPM BBL', '12.50 HP / 1500 RPM BBL', 3, 7, '4', 1, 0, '0.00000000', '0.00000000', 0, 0, 'Purchessed', 0, 0, '0.00', '0.00', '85015110'),
(585, '20 HP / 1500 RPM BBL', '20 HP / 1500 RPM BBL', 3, 7, '4', 1, 0, '0.00000000', '0.00000000', 0, 0, 'Purchessed', 0, 0, '0.00', '0.00', '85015110'),
(586, '1 HP / 3000 RPM BBL', '1 HP / 3000 RPM BBL', 3, 7, '4', 1, 0, '0.00000000', '0.00000000', 0, 0, 'Purchessed', 0, 0, '0.00', '0.00', '85015110'),
(587, '1.50 HP / 3000 RPM BBL', '1.50 HP / 3000 RPM BBL', 3, 7, '4', 1, 0, '0.00000000', '0.00000000', 0, 0, 'Purchessed', 0, 0, '0.00', '0.00', '85015110'),
(588, '2 HP / 3000 RPM BBL', '2 HP / 3000 RPM BBL', 3, 7, '4', 1, 0, '0.00000000', '0.00000000', 0, 0, 'Purchessed', 0, 0, '0.00', '0.00', '85015110'),
(589, '3 HP / 3000 RPM BBL', '3 HP / 3000 RPM BBL', 3, 7, '4', 1, 3, '0.00000000', '0.00000000', 0, 1, 'Purchessed', 0, 0, '0.00', '0.00', '85015110'),
(590, '5 HP / 3000 RPM BBL', '5 HP / 3000 RPM BBL', 3, 7, '4', 1, 2, '0.00000000', '0.00000000', 0, 1, 'Purchessed', 0, 0, '0.00', '0.00', '85015110'),
(591, '7.50 HP / 3000 RPM BBL', '7.50 HP / 3000 RPM BBL', 3, 7, '4', 1, 0, '0.00000000', '0.00000000', 0, 0, 'Purchessed', 0, 0, '0.00', '0.00', '85015110'),
(592, '10 HP / 3000 RPM BBL', '10 HP / 3000 RPM BBL', 3, 7, '4', 1, 0, '0.00000000', '0.00000000', 0, 0, 'Purchessed', 0, 0, '0.00', '0.00', '85015110'),
(593, '12.50 HP / 3000 RPM BBL', '12.50 HP / 3000 RPM BBL', 3, 7, '4', 1, 0, '0.00000000', '0.00000000', 0, 0, 'Purchessed', 0, 0, '0.00', '0.00', '85015110'),
(594, '20 HP / 3000 RPM BBL', '20 HP / 3000 RPM BBL', 3, 7, '4', 1, 0, '0.00000000', '0.00000000', 0, 0, 'Purchessed', 0, 0, '0.00', '0.00', '85015110'),
(595, '15 HP / 3000 RPM BBL', '15 HP / 3000 RPM BBL', 3, 7, '4', 1, 0, '0.00000000', '0.00000000', 0, 0, 'Purchessed', 0, 0, '0.00', '0.00', '85015110'),
(596, '3 HP / 3000 RPM FLP CGL', '', 3, 14, '57', 1, 0, '0.00000000', '0.00000000', 0, 0, 'Purchessed', 0, 0, '0.00', '0.00', ''),
(597, '60 HP / 1500 RPM BBL', '60 HP / 1500 RPM BBL', 3, 7, '4', 1, 1, '0.00000000', '0.00000000', 0, 1, 'Purchessed', 0, 0, '0.00', '0.00', '85015110'),
(598, '1 HP / 1500 RPM CGL Single Phase', '', 3, 14, '58', 1, 0, '0.00000000', '0.00000000', 0, 0, 'Purchessed', 0, 0, '0.00', '0.00', ''),
(599, 'RT 15 Gear Pump', 'RT 15 Gear Pump', 1, 2, '7', 1, 0, '0.00000000', '0.00000000', 0, 0, 'Purchessed', 0, 0, '0.00', '0.00', '84131990'),
(600, 'RT 40 Gear Pump', 'RT 40 Gear Pump', 1, 2, '7', 1, 3, '4044.77333333', '12134.32000000', 0, 1, 'Purchessed', 1, 1, '4044.77', '1.10', '84131990'),
(601, 'RT 80 Gear Pump', 'RT 80 Gear Pump', 1, 2, '7', 1, 7, '5224.04285714', '36568.00000000', 0, 1, 'Purchessed', 1, 1, '5224.04', '1.10', '84131990'),
(602, 'RT 125/32 Gear Pump', 'RT 125/32 Gear Pump', 1, 2, '7', 1, 0, '0.00000000', '0.00000000', 0, 0, 'Purchessed', 0, 0, '0.00', '0.00', '84131990'),
(603, 'RT 125/50 Gear Pump', 'RT 125/50 Gear Pump', 1, 2, '7', 1, 0, '0.00000000', '0.00000000', 0, 0, 'Purchessed', 0, 0, '0.00', '0.00', '84131990'),
(604, 'RT 20 Gear Pump', 'RT 20 Gear Pump', 1, 2, '7', 1, 10, '3249.14200000', '32491.00000000', 0, 1, 'Purchessed', 1, 1, '3249.14', '1.10', '84131990'),
(605, 'R 20 DG Gear Pump', 'R 20 DG Gear Pump', 1, 2, '7', 1, 0, '0.00000000', '0.00000000', 0, 0, 'Purchessed', 0, 0, '0.00', '0.00', '84131990'),
(606, 'T3 S 45 Pump', 'T3 S 45 Pump', 1, 2, '8', 1, 0, '0.00000000', '0.00000000', 0, 0, 'Purchessed', 0, 0, '0.00', '0.00', '84131990'),
(607, 'T3 S 38 Pump', 'T3 S 38 Pump', 1, 2, '8', 1, 0, '0.00000000', '0.00000000', 0, 0, 'Purchessed', 0, 0, '0.00', '0.00', '84131990'),
(608, 'T3 S 52 Pump', 'T3 S 52 Pump', 1, 2, '8', 1, 0, '0.00000000', '0.00000000', 0, 0, 'Purchessed', 0, 0, '122400.00', '0.00', '84131990'),
(609, 'T3 S 60 Pump', 'T3 S 60 Pump', 1, 2, '8', 1, 0, '0.00000000', '0.00000000', 0, 0, 'Purchessed', 0, 0, '0.00', '0.00', '84131990'),
(610, 'T3 S 80 Pump', 'T3 S 80 Pump', 1, 2, '8', 1, 0, '0.00000000', '0.00000000', 0, 0, 'Purchessed', 0, 0, '0.00', '0.00', '84131990'),
(611, 'T3 S 90 Pump', 'T3 S 90 Pump', 1, 2, '8', 1, 0, '0.00000000', '0.00000000', 0, 0, 'Purchessed', 0, 0, '0.00', '0.00', '84131990'),
(612, 'Mechanical Seal T3 S 45', 'Mechanical Seal T3 S 45', 6, 15, '17', 1, 0, '0.00000000', '0.00000000', 0, 0, 'Purchessed', 0, 0, '0.00', '0.00', '84842000'),
(613, 'Mechanical Seal T3 S 38', 'Mechanical Seal T3 S 38', 6, 15, '17', 1, 0, '0.00000000', '0.00000000', 0, 0, 'Purchessed', 0, 0, '0.00', '0.00', '84842000'),
(614, 'Mechanical Seal T3 S 52', 'Mechanical Seal T3 S 52', 6, 15, '17', 1, 0, '0.00000000', '0.00000000', 0, 0, 'Purchessed', 0, 0, '0.00', '0.00', '84842000'),
(615, 'Mechanical Seal T3 S 60', 'Mechanical Seal T3 S 60', 6, 15, '17', 1, 0, '0.00000000', '0.00000000', 0, 0, 'Purchessed', 0, 0, '0.00', '0.00', '84842000'),
(616, 'Mechanical Seal T3 S 80', 'Mechanical Seal T3 S 80', 6, 15, '17', 1, 0, '0.00000000', '0.00000000', 0, 0, 'Purchessed', 0, 0, '0.00', '0.00', '84842000'),
(617, 'Mechanical Seal T3 S 90', 'Mechanical Seal T3 S 90', 6, 15, '17', 1, 0, '0.00000000', '0.00000000', 0, 0, 'Purchessed', 0, 0, '0.00', '0.00', '84842000'),
(618, 'T3 SFP 40/38', 'T3 SFP 40/38', 1, 2, '8', 1, 0, '0.00000000', '0.00000000', 0, 0, 'Purchessed', 0, 0, '0.00', '0.00', '84131990'),
(619, 'T3 SFP 40/46', 'T3 SFP 40/46', 1, 2, '8', 1, 0, '0.00000000', '0.00000000', 0, 0, 'Purchessed', 0, 0, '0.00', '0.00', '84131990'),
(620, 'T3 SFP 20/46', 'T3 SFP 20/46', 1, 2, '8', 1, 0, '0.00000000', '0.00000000', 0, 0, 'Purchessed', 0, 0, '0.00', '0.00', '84131990'),
(621, 'Mechanical Seal T3 SFP', 'Mechanical Seal T3 SFP', 6, 15, '17', 1, 0, '0.00000000', '0.00000000', 0, 0, 'Purchessed', 0, 0, '0.00', '0.00', '84842000'),
(622, 'T1 S 25.1', 'T1 S 25.1', 1, 2, '10', 1, 0, '0.00000000', '0.00000000', 0, 0, 'Purchessed', 0, 0, '0.00', '0.00', '84131990'),
(623, 'T1 S 50.1', 'T1 S 50.1', 1, 2, '10', 1, 0, '0.00000000', '0.00000000', 0, 0, 'Purchessed', 0, 0, '0.00', '0.00', '84131990'),
(624, 'T1 S 380.1', 'T1 S 380.1', 1, 2, '10', 1, 0, '0.00000000', '0.00000000', 0, 0, 'Purchessed', 0, 0, '0.00', '0.00', '84131990'),
(625, 'T3 SA 38/46 JOP', 'T3 SA 38/46 JOP', 1, 2, '8', 1, 0, '0.00000000', '0.00000000', 0, 0, 'Purchessed', 0, 0, '0.00', '0.00', '84131990'),
(626, 'IMO Pump', 'IMO Pump', 1, 2, '8', 1, 0, '0.00000000', '0.00000000', 0, 0, 'Purchessed', 0, 0, '0.00', '0.00', '84131990'),
(627, 'R 50 SL Pump', 'R 50 SL Pump', 1, 2, '56', 1, 0, '0.00000000', '0.00000000', 0, 0, 'Purchessed', 0, 0, '0.00', '0.00', '84131990'),
(628, 'R 100 SL  Pump', 'R 100 SL Pump', 1, 2, '56', 1, 0, '0.00000000', '0.00000000', 0, 0, 'Purchessed', 0, 0, '0.00', '0.00', '84131990'),
(629, 'TRF 660 Pump', 'TRF 660 Pump', 1, 2, '8', 1, 0, '0.00000000', '0.00000000', 0, 0, 'Purchessed', 0, 0, '0.00', '0.00', '84131990'),
(630, 'TRF 1700 Pump', '', 1, 22, '8', 1, 0, '0.00000000', '0.00000000', 0, 0, 'Purchessed', 0, 0, '0.00', '0.00', '84139190'),
(631, 'TRF 2500 Pump', 'TRF 2500 Pump', 1, 2, '8', 1, 0, '0.00000000', '0.00000000', 0, 0, 'Purchessed', 0, 0, '0.00', '0.00', '84131990'),
(632, 'TRF 1300 Pump', 'TRF 1300 Pump', 1, 2, '8', 1, 0, '0.00000000', '0.00000000', 0, 0, 'Purchessed', 0, 0, '0.00', '0.00', '84131990'),
(633, 'TRF 660 Sealkit', 'TRF 660 Sealkit', 6, 15, '17', 3, 0, '0.00000000', '0.00000000', 0, 0, 'Purchessed', 0, 0, '0.00', '0.00', '84139190'),
(634, 'TRF 1700 Sealkit', '', 6, 15, '17', 3, 0, '0.00000000', '0.00000000', 0, 0, 'Purchessed', 0, 0, '0.00', '0.00', '84139190'),
(635, 'TRF 2500 Sealkit', 'TRF 2500 Sealkit', 6, 15, '17', 3, 0, '0.00000000', '0.00000000', 0, 0, 'Purchessed', 0, 0, '0.00', '0.00', '84139190'),
(636, 'TRF 1300 Sealkit', 'TRF 1300 Sealkit', 6, 15, '17', 3, 0, '0.00000000', '0.00000000', 0, 0, 'Purchessed', 0, 0, '0.00', '0.00', '84139190'),
(637, 'T 2003 H Pump', 'T 2003 H Pump', 1, 4, '53', 1, 0, '0.00000000', '0.00000000', 0, 0, 'Purchessed', 0, 0, '0.00', '0.00', '84137010'),
(638, 'T 2504 Pump', 'T 2504 Pump', 1, 4, '53', 1, 0, '0.00000000', '0.00000000', 0, 0, 'Purchessed', 0, 0, '0.00', '0.00', '84137010'),
(639, 'T 1503 H Pump', 'T 1503 H Pump', 1, 4, '53', 1, 0, '0.00000000', '0.00000000', 0, 0, 'Purchessed', 0, 0, '0.00', '0.00', '84137010'),
(640, 'J 102 SP', 'J 102 SP', 1, 4, '53', 1, 0, '0.00000000', '0.00000000', 0, 0, 'Purchessed', 0, 0, '0.00', '0.00', '84137010'),
(641, 'DJ 103', 'DJ 103', 1, 4, '53', 1, 0, '0.00000000', '0.00000000', 0, 0, 'Purchessed', 0, 0, '0.00', '0.00', '84137010'),
(642, 'J 52', 'J 52', 1, 4, '53', 1, 0, '0.00000000', '0.00000000', 0, 0, 'Purchessed', 0, 0, '0.00', '0.00', '84137010'),
(643, 'J 32', 'J 32', 1, 4, '53', 1, 0, '0.00000000', '0.00000000', 0, 0, 'Purchessed', 0, 0, '0.00', '0.00', '84137010'),
(644, 'J 33', 'J 33', 1, 4, '53', 1, 0, '0.00000000', '0.00000000', 0, 0, 'Purchessed', 0, 0, '0.00', '0.00', '84137010'),
(645, 'WW 101 With Control Panel', 'WW 101 With Control Panel', 1, 4, '52', 1, 1, '12364.74000000', '12365.00000000', 0, 1, 'Purchessed', 1, 1, '12364.74', '1.10', '84137010'),
(646, 'WW 151', 'WW 151', 1, 4, '52', 1, 0, '0.00000000', '0.00000000', 0, 0, 'Purchessed', 0, 0, '0.00', '0.00', '84137010'),
(647, 'WV 01 L/40', 'WV 01 L/40', 1, 4, '52', 1, 0, '0.00000000', '0.00000000', 0, 0, 'Purchessed', 0, 0, '0.00', '0.00', '84137010'),
(649, 'NSRP 50 Pump Semi Open Impeller', 'NSRP 50 Pump Semi Open Impeller', 1, 5, '60', 1, 0, '0.00000000', '0.00000000', 0, 0, 'Purchessed', 0, 0, '0.00', '0.00', '84137091'),
(650, 'NSRP 50 Pump Closed Impeller', 'NSRP 50 Pump Closed Impeller', 1, 5, '60', 1, 0, '0.00000000', '0.00000000', 0, 0, 'Purchessed', 0, 0, '0.00', '0.00', '84137091'),
(651, 'NZ 25 125 Pump Closed Impeller', 'NZ 25 125 Pump Closed Impeller', 1, 5, '59', 1, 0, '0.00000000', '0.00000000', 0, 0, 'Purchessed', 0, 0, '0.00', '0.00', '84137091'),
(652, 'NZ 32 125 Pump Closed Impeller', 'NZ 32 125 Pump Closed Impeller', 1, 5, '59', 1, 0, '0.00000000', '0.00000000', 0, 0, 'Purchessed', 0, 0, '0.00', '0.00', '84137091'),
(653, 'NZ 50 125 Pump Closed Impeller', 'NZ 50 125 Pump Closed Impeller', 1, 5, '59', 1, 0, '0.00000000', '0.00000000', 0, 0, 'Purchessed', 0, 0, '0.00', '0.00', '84137091'),
(654, 'NZ 25 160 Pump Closed Impeller', 'NZ 25 160 Pump Closed Impeller', 1, 5, '59', 1, 0, '0.00000000', '0.00000000', 0, 0, 'Purchessed', 0, 0, '0.00', '0.00', '84137091'),
(655, 'NZ 32 160 Pump Closed Impeller', 'NZ 32 160 Pump Closed Impeller', 1, 5, '59', 1, 0, '0.00000000', '0.00000000', 0, 0, 'Purchessed', 0, 0, '0.00', '0.00', '84137091'),
(656, 'NZ 50 160 Pump Closed Impeller', 'NZ 50 160 Pump Closed Impeller', 1, 5, '59', 1, 0, '0.00000000', '0.00000000', 0, 0, 'Purchessed', 0, 0, '0.00', '0.00', '84137091'),
(658, 'NZ 50 200 Pump Closed Impeller', 'NZ 50 200 Pump Closed Impeller', 1, 5, '59', 1, 0, '0.00000000', '0.00000000', 0, 0, 'Purchessed', 0, 0, '0.00', '0.00', '84137091'),
(659, 'NZ 25 125 Pump Semi Open Impeller', 'NZ 25 125 Pump Semi Open Impeller', 1, 5, '59', 1, 0, '0.00000000', '0.00000000', 0, 0, 'Purchessed', 0, 0, '0.00', '0.00', '84137091'),
(660, 'NZ 32 125 Pump Semi Open Impeller', 'NZ 32 125 Pump Semi Open Impeller', 1, 5, '59', 1, 0, '0.00000000', '0.00000000', 0, 0, 'Purchessed', 0, 0, '0.00', '0.00', '84137091'),
(661, 'NZ 50 125 Pump Semi Open Impeller', 'NZ 50 125 Pump Semi Open Impeller', 1, 5, '59', 1, 0, '0.00000000', '0.00000000', 0, 0, 'Purchessed', 0, 0, '0.00', '0.00', '84137091'),
(663, 'NZ 32 160 Pump Semi Open Impeller', 'NZ 32 160 Pump Semi Open Impeller', 1, 5, '59', 1, 0, '0.00000000', '0.00000000', 0, 0, 'Purchessed', 0, 0, '0.00', '0.00', '84137091'),
(664, 'NZ 50 160 Pump Semi Open Impeller', 'NZ 50 160 Pump Semi Open Impeller', 1, 5, '59', 1, 0, '0.00000000', '0.00000000', 0, 0, 'Purchessed', 0, 0, '0.00', '0.00', '84137091'),
(665, 'NZ 25 160 Pump Semi Open Impeller', 'NZ 25 160 Pump Semi Open Impeller', 1, 5, '59', 1, 0, '0.00000000', '0.00000000', 0, 0, 'Purchessed', 0, 0, '0.00', '0.00', '84137091'),
(666, 'NZ 50 200 Pump Semi Open Impeller', 'NZ 50 200 Pump Semi Open Impeller', 1, 5, '59', 1, 0, '0.00000000', '0.00000000', 0, 0, 'Purchessed', 0, 0, '0.00', '0.00', '84137091'),
(667, 'Mechanical Seal 1\" Antico', 'Mechanical seal 1\" Antico', 6, 17, '33', 1, 0, '0.00000000', '0.00000000', 0, 0, 'Purchessed', 2, 3, '0.00', '0.00', '84842000'),
(668, 'Mechanical Seal 1.125\" Antico', 'Mechanical seal 1.125\" Antico', 6, 17, '33', 1, 0, '0.00000000', '0.00000000', 0, 0, 'Purchessed', 2, 3, '0.00', '0.00', '84139120'),
(669, 'Mechanical Seal 1.375\" Antico', 'Mechanical Seal 1.375\" Antico', 6, 17, '16', 1, 4, '2907.00000000', '11628.00000000', 0, 0, 'Purchessed', 1, 1, '2907.00', '1.10', '84842000'),
(670, 'Mechanical Seal 1.625\" Antico', 'Mechanical Seal 1.625\" Antico', 6, 17, '15', 1, 3, '8262.00000000', '24786.00000000', 0, 0, 'Purchessed', 1, 1, '8262.00', '1.10', '84842000'),
(671, 'Mechanical seal 1.875\" Antico', '', 6, 17, '15', 1, 0, '0.00000000', '0.00000000', 0, 0, 'Purchessed', 2, 3, '0.00', '0.00', '84842000'),
(672, 'Shaft Sleeve Ceramic 1\" Antico', 'Shaft Sleeve Ceramic 1\" Antico', 6, 17, '33', 1, 0, '0.00000000', '0.00000000', 0, 0, 'Purchessed', 2, 2, '0.00', '0.00', '84139120'),
(673, 'Shaft Sleeve Ceramic 1.125\" Antico', 'Shaft Sleeve Ceramic 1.125\" Antico', 6, 17, '33', 1, 0, '0.00000000', '0.00000000', 0, 0, 'Purchessed', 2, 2, '0.00', '0.00', '84139120'),
(674, 'Shaft Sleeve 1.375\" Antico', 'Shaft Sleeve 1.375\" Antico', 6, 17, '16', 1, 0, '0.00000000', '0.00000000', 0, 0, 'Purchessed', 2, 3, '0.00', '0.00', '84139120'),
(675, 'Shaft Sleeve 1.625\" Antico', 'Shaft Sleeve 1.625\" Antico', 6, 17, '15', 1, 4, '2926.00000000', '11704.00000000', 0, 0, 'Purchessed', 1, 1, '2926.00', '1.10', '84139120'),
(676, 'Shaft Sleeve Ceramic 1.875\" Antico', 'Shaft Sleeve Ceramic 1.875\" Antico', 6, 17, '15', 1, 0, '0.00000000', '0.00000000', 0, 0, 'Purchessed', 2, 3, '0.00', '0.00', '84139120'),
(677, 'KGEN 11 3 G1', 'KGEN 11 3 G1', 1, 1, '21', 1, 0, '0.00000000', '0.00000000', 0, 0, 'Purchessed', 10, 10, '0.00', '0.00', '84137010'),
(678, 'KGEN 11 3 G6', '', 1, 1, '21', 1, 0, '0.00000000', '0.00000000', 0, 0, 'Purchessed', 10, 10, '0.00', '0.00', '84137010'),
(679, 'KGEN 11 4 G1', 'KGEN 11 4 G1', 1, 1, '21', 1, 0, '0.00000000', '0.00000000', 0, 0, 'Purchessed', 10, 10, '0.00', '0.00', '84137010'),
(680, 'KGEN 11 4 G6', 'KGEN 11 4 G6', 1, 1, '21', 1, 0, '0.00000000', '0.00000000', 0, 0, 'Purchessed', 10, 10, '0.00', '0.00', '84137010'),
(681, 'KGEN 12 5 G1', 'KGEN 12 5 G1', 1, 1, '21', 1, 10, '7498.00000000', '74982.70000000', 0, 1, 'Purchessed', 1, 1, '7498.27', '1.10', '84137010'),
(682, 'KGEN 12 5 G6', 'KGEN 12 5 G6', 1, 1, '21', 1, 4, '9566.00000000', '38264.00000000', 0, 1, 'Purchessed', 1, 1, '9566.00', '1.10', '84137010'),
(683, 'KGEN 12b 5 G1', 'KGEN 12b 5 G1', 1, 1, '21', 1, 0, '0.00000000', '0.00000000', 0, 1, 'Purchessed', 0, 0, '0.00', '0.00', '84137010'),
(684, 'KGEN 16 3 G1', 'KGEN 16 3 G1', 1, 1, '21', 1, 3, '7156.00000000', '21469.50000000', 0, 1, 'Purchessed', 1, 1, '7156.50', '1.10', '84137010'),
(685, 'KGEN 16 6 G1', 'KGEN 16 6 G1', 1, 1, '21', 1, 12, '10412.00000000', '124945.08000000', 0, 1, 'Purchessed', 1, 1, '10412.09', '1.10', '84137010'),
(686, 'KGEN 14 8 G1', 'KGEN 14 8 G1', 1, 1, '21', 1, 10, '11155.00000000', '111550.00000000', 0, 1, 'Purchessed', 1, 1, '111155.00', '0.00', '84137010'),
(687, 'KGEN 15 6 G1', 'KGEN 15 6 G1', 1, 1, '21', 1, 0, '0.00000000', '0.00000000', 0, 0, 'Purchessed', 10, 10, '0.00', '0.00', '84137010'),
(688, 'KGEN 25N 10 G1', 'KGEN 25N 10 G1', 1, 1, '21', 1, 1, '52895.67000000', '52895.67000000', 0, 1, 'Purchessed', 1, 1, '52894.67', '1.10', '84137010'),
(689, 'KGEN 25N 10 G6', 'KGEN 25N 10 G6', 1, 1, '21', 1, 2, '47314.00000000', '94628.00000000', 0, 1, 'Purchessed', 1, 1, '47314.00', '1.10', '84137010'),
(690, 'KGEN 21 8 G1', 'KGEN 21 8 G1', 1, 1, '21', 1, 2, '29777.00000000', '59554.80000000', 0, 1, 'Purchessed', 1, 1, '29777.40', '1.10', '84137010'),
(691, 'KGEN 15 6 G6', 'KGEN 15 6 G6', 1, 1, '21', 1, 0, '0.00000000', '0.00000000', 0, 0, 'Purchessed', 3, 3, '0.00', '0.00', '84137010'),
(692, 'KGEN 12 6 G1', 'KGEN 12 6 G1', 1, 1, '21', 1, 0, '0.00000000', '0.00000000', 0, 0, 'Purchessed', 10, 10, '0.00', '0.00', '84137010'),
(693, 'CN 25 125 G1 S2 L3', 'CN 25 125 G1 S2 L3', 1, 1, '1', 1, 1, '7160.00000000', '7160.00000000', 0, 1, 'Purchessed', 1, 1, '7160.00', '1.10', '84137010'),
(694, 'CN 25 160 G1 S2 L3', 'CN 25 160 G1 S2 L3', 1, 1, '1', 1, 0, '0.00000000', '0.00000000', 0, 0, 'Purchessed', 0, 0, '0.00', '0.00', '84137010'),
(695, 'CN 32 160 G1 S2 L3', 'CN 32 160 G1 S2 L3', 1, 1, '1', 1, 4, '9348.00000000', '37393.72000000', 0, 1, 'Purchessed', 1, 1, '9348.43', '1.10', '84137010'),
(696, 'CN 40 160 G1 S2 L3', 'CN 40 160 G1 S2 L3', 1, 1, '1', 1, 0, '0.00000000', '0.00000000', 0, 0, 'Purchessed', 1, 1, '0.00', '0.00', '84137010'),
(697, 'CN 50 160 G1 S2 L3', 'CN 50 160 G1 S2 L3', 1, 1, '1', 1, 0, '0.00000000', '0.00000000', 0, 0, 'Purchessed', 1, 1, '0.00', '0.00', '84137010'),
(698, 'CN 65 160 G1 S2 L3', 'CN 65 160 G1 S2 L3', 1, 1, '1', 1, 2, '13554.00000000', '27108.24000000', 0, 1, 'Purchessed', 1, 1, '13554.12', '1.10', '84137010'),
(699, 'CN 80 160 G1 S2 L3', 'CN 80 160 G1 S2 L3', 1, 1, '1', 1, 1, '11400.00000000', '11400.00000000', 0, 1, 'Purchessed', 1, 1, '11400.00', '1.10', '84137010'),
(700, 'CN 100 160 G1 S2 L3', 'CN 100 160 G1 S2 L3', 1, 1, '1', 1, 0, '0.00000000', '0.00000000', 0, 0, 'Purchessed', 0, 0, '0.00', '0.00', '84137010'),
(701, 'CN 32 160 G1 S2 L1', 'CN 32 160 G1 S2 L1', 1, 1, '1', 1, 0, '0.00000000', '0.00000000', 0, 0, 'Purchessed', 3, 3, '0.00', '0.00', '84137010'),
(702, 'CN 40 160 G1 S2 L1', 'CN 40 160 G1 S2 L1', 1, 1, '1', 1, 1, '8367.00000000', '8367.50000000', 0, 1, 'Purchessed', 1, 1, '8367.50', '1.10', '84137010'),
(703, 'CN 50 160 G1 S2 L1', 'CN 50 160 G1 S2 L1', 1, 1, '1', 1, 1, '9245.00000000', '9245.00000000', 0, 1, 'Purchessed', 1, 1, '9245.00', '1.10', '84137010'),
(704, 'CB 32 160 G1', 'CB 32 160 G1', 1, 1, '61', 1, 1, '5610.00000000', '5610.00000000', 0, 1, 'Purchessed', 1, 1, '5610.00', '1.10', '84137010'),
(705, 'CB 40 160 G1', 'CB 40 160 G1', 1, 1, '61', 1, 1, '8318.00000000', '8318.00000000', 0, 1, 'Purchessed', 1, 1, '8318.00', '1.10', '84137010'),
(706, 'CB 40 200 G1', 'CB 40 200 G1', 1, 1, '61', 1, 1, '9190.00000000', '9190.00000000', 0, 1, 'Purchessed', 1, 1, '9190.00', '1.10', '84137010'),
(707, 'CB 80 200 G1', 'CB 80 200 G1', 1, 1, '61', 1, 0, '0.00000000', '0.00000000', 0, 0, 'Purchessed', 1, 1, '0.00', '0.00', '84137010'),
(708, 'CB 200 200 G1', 'CB 200 200 G1', 1, 1, '61', 1, 2, '22380.00000000', '44760.00000000', 0, 1, 'Purchessed', 1, 1, '22380.00', '1.10', '84137010'),
(709, 'CN 32 200 G1 S2 L3', 'CN 32 200 G1 S2 L3', 1, 1, '1', 1, 3, '11172.00000000', '33518.64000000', 0, 1, 'Purchessed', 1, 1, '11172.88', '1.10', '84137010'),
(710, 'CN 32 125 G1 S2 L1', 'CN 32 125 G1 S2 L1', 1, 1, '1', 1, 0, '0.00000000', '0.00000000', 0, 0, 'Purchessed', 0, 0, '0.00', '0.00', '84137010'),
(711, 'CN 40 125 G1 S2 L1', 'CN 40 125 G1 S2 L1', 1, 1, '1', 1, 0, '0.00000000', '0.00000000', 0, 0, 'Purchessed', 0, 0, '0.00', '0.00', '84137010'),
(712, 'CN 50 125 G1 S2 L1', 'CN 50 125 G1 S2 L1', 1, 1, '1', 1, 0, '0.00000000', '0.00000000', 0, 0, 'Purchessed', 0, 0, '0.00', '0.00', '84137010'),
(713, 'CN 65 125 G1 S2 L1', 'CN 65 125 G1 S2 L1', 1, 1, '1', 1, 0, '0.00000000', '0.00000000', 0, 0, 'Purchessed', 0, 0, '0.00', '0.00', '84137010'),
(714, 'CN 40 200 G1 S2 L3', 'CN 40 200 G1 S2 L3', 1, 1, '1', 1, 1, '11369.00000000', '11369.42000000', 0, 1, 'Purchessed', 1, 1, '11369.42', '1.10', '84137010'),
(715, 'CN 50 200 G1 S2 L3', 'CN 50 200 G1 S2 L3', 1, 1, '1', 1, 3, '12959.00000000', '38877.59000000', 0, 1, 'Purchessed', 1, 1, '12959.86', '1.10', '84137010'),
(716, 'CN 65 200 G1 S2 L3', 'CN 65 200 G1 S2 L3', 1, 1, '1', 1, 2, '13887.00000000', '27774.80000000', 0, 1, 'Purchessed', 1, 1, '13887.40', '1.10', '84137010'),
(717, 'CN 80 200 G1 S2 L3', 'CN 80 200 G1 S2 L3', 1, 1, '1', 1, 1, '16400.00000000', '16400.00000000', 0, 1, 'Purchessed', 1, 1, '16400.00', '1.10', '84137010'),
(718, 'CN 100 200 G1 S2 L3', 'CN 100 200 G1 S2 L3', 1, 1, '1', 1, 0, '0.00000000', '0.00000000', 0, 0, 'Purchessed', 0, 0, '0.00', '0.00', '84137010'),
(719, 'CN 40 250 G1 S2 L3', 'CN 40 250 G1 S2 L3', 1, 1, '1', 1, 1, '13500.00000000', '13500.00000000', 0, 1, 'Purchessed', 1, 1, '13500.00', '1.10', '84137010'),
(720, 'CN 50 250 G1 S2 L3', 'CN 50 250 G1 S2 L3', 1, 1, '1', 1, 1, '13586.00000000', '13586.17000000', 0, 1, 'Purchessed', 1, 1, '13586.17', '1.10', '84137010'),
(721, 'CN 200 200 G1 S2 L3', 'CN 200 200 G1 S2 L3', 1, 1, '1', 1, 1, '29804.00000000', '29804.00000000', 0, 1, 'Purchessed', 1, 1, '29804.00', '1.10', '84137010'),
(722, 'CN 125 315 G1 S2 L3', 'CN 125 315 G1 S2 L3', 1, 1, '1', 1, 1, '26701.00000000', '26701.50000000', 0, 1, 'Purchessed', 1, 1, '26701.50', '1.10', '84137010'),
(723, 'CN 100 315 G1 S2 L3', 'CN 100 315 G1 S2 L3', 1, 1, '1', 1, 1, '25200.00000000', '25200.00000000', 0, 1, 'Purchessed', 1, 1, '25200.00', '1.10', '84137010'),
(724, 'CCR 32 200 R6 S2 L3', 'CCR 32 200 R6 S2 L3', 1, 1, '2', 1, 2, '28844.00000000', '57688.00000000', 0, 1, 'Purchessed', 1, 1, '28844.00', '1.10', '84137091'),
(725, 'CCR 32 250 R6 M2 L3', 'CCR 32 250 R6 M2 L3', 1, 1, '2', 1, 1, '67000.00000000', '67000.00000000', 0, 1, 'Purchessed', 1, 1, '67000.00', '1.10', '84137091'),
(726, 'CCR 40 200 R6 S2 L3', 'CCR 40 200 R6 S2 L3', 1, 1, '2', 1, 0, '0.00000000', '0.00000000', 0, 0, 'Purchessed', 2, 2, '0.00', '0.00', '84137091'),
(727, 'CCR 50 200 R6 S2 L3', 'CCR 50 200 R6 S2 L3', 1, 1, '2', 1, 2, '34244.00000000', '68488.00000000', 0, 1, 'Purchessed', 1, 1, '34244.00', '1.10', '84137091'),
(728, 'CCR 65 200 R6 S2 L3', 'CCR 65 200 R6 S2 L3', 1, 1, '2', 1, 0, '0.00000000', '0.00000000', 0, 0, 'Purchessed', 0, 0, '0.00', '0.00', '84137091'),
(729, 'CCR 25 125 R6 S2 L3', 'CCR 25 125 R6 S2 L3', 1, 1, '2', 1, 0, '0.00000000', '0.00000000', 0, 0, 'Purchessed', 2, 2, '0.00', '0.00', '84137091'),
(730, 'CCR 25 160 R6 S2 L3', 'CCR 25 160 R6 S2 L3', 1, 1, '2', 1, 0, '0.00000000', '0.00000000', 0, 0, 'Purchessed', 1, 1, '0.00', '0.00', '84137091'),
(731, 'CCR 32 160 R6 S2 L3', 'CCR 32 160 R6 S2 L3', 1, 1, '2', 1, 0, '0.00000000', '0.00000000', 0, 0, 'Purchessed', 0, 0, '0.00', '0.00', '84137091'),
(732, 'CCR 40 160 R6 S2 L3', 'CCR 40 160 R6 S2 L3', 1, 1, '2', 1, 1, '63029.00000000', '63029.00000000', 0, 1, 'Purchessed', 1, 1, '63029.00', '1.10', '84137091'),
(733, 'CCR 50 160 R6 S2 L3', 'CCR 50 160 R6 S2 L3', 1, 1, '2', 1, 0, '0.00000000', '0.00000000', 0, 0, 'Purchessed', 1, 1, '0.00', '0.00', '84137091'),
(734, 'CCR 65 160 R6 S2 L3', 'CCR 65 160 R6 S2 L3', 1, 1, '2', 1, 1, '58404.00000000', '58404.00000000', 0, 1, 'Purchessed', 1, 1, '58404.00', '1.10', '84137091'),
(735, 'CCR 32 125 R6 S2 L3', 'CCR 32 125 R6 S2 L3', 1, 1, '2', 1, 0, '0.00000000', '0.00000000', 0, 0, 'Purchessed', 0, 0, '0.00', '0.00', '84137091'),
(736, 'CCR 65 160 R1 S2 L3', '', 1, 1, '2', 1, 0, '0.00000000', '0.00000000', 0, 0, 'Purchessed', 0, 0, '0.00', '0.00', '84137091'),
(737, 'CCR 50 200 R6A S2 L6', 'CCR 50 200 R6A S2 L6', 1, 1, '2', 1, 0, '0.00000000', '0.00000000', 0, 0, 'Purchessed', 0, 0, '0.00', '0.00', '84137091'),
(738, 'CCR 32 160 R6A M2 L6', 'CCR 32 160 R6A M2 L6', 1, 1, '2', 1, 1, '53347.00000000', '53347.00000000', 0, 1, 'Purchessed', 1, 1, '53347.00', '1.10', '84137091'),
(739, 'MCH / MCV 12', 'MCH / MCV 12', 1, 1, '3', 1, 0, '0.00000000', '0.00000000', 0, 0, 'Purchessed', 0, 0, '0.00', '0.00', '84137010'),
(740, 'MCH / MCV 16', 'MCH / MCV 16', 1, 1, '3', 1, 0, '0.00000000', '0.00000000', 0, 0, 'Purchessed', 0, 0, '0.00', '0.00', '84137010'),
(741, 'MCH / MCV 20', 'MCH / MCV 20', 1, 1, '3', 1, 0, '0.00000000', '0.00000000', 0, 0, 'Purchessed', 0, 0, '0.00', '0.00', '84137010'),
(742, 'MCH / MCV 12 With Motor', 'MCH / MCV 12 with Motor', 7, 26, '36', 3, 0, '0.00000000', '0.00000000', 0, 0, 'Purchessed/Manufactured', 0, 0, '0.00', '0.00', ''),
(743, 'MCH / MCV 14 With Motor', 'MCH / MCV 14 with Motor', 7, 26, '36', 3, 0, '0.00000000', '0.00000000', 0, 0, 'Purchessed/Manufactured', 0, 0, '0.00', '0.00', ''),
(744, 'MCH / MCV 16 With Motor', 'MCH / MCV 16 with Motor', 7, 26, '36', 3, 0, '0.00000000', '0.00000000', 0, 0, 'Purchessed/Manufactured', 0, 0, '0.00', '0.00', ''),
(745, 'MCH / MCV 20 With Motor', 'MCH / MCV 20 with Motor', 7, 26, '36', 3, 0, '0.00000000', '0.00000000', 0, 0, 'Purchessed/Manufactured', 0, 0, '0.00', '0.00', ''),
(746, 'Bearing Housing KGEN 11 3 To 11 4', 'Bearing Housing KGEN 11 3 To 11 4', 6, 16, '11', 1, 0, '0.00000000', '0.00000000', 0, 0, 'Purchessed', 5, 5, '0.00', '0.00', '84139120'),
(747, 'Bearing Housing KGEN 12 5 To 16 6', 'Bearing Housing KGEN 12 5 To 16 6', 6, 16, '11', 1, 6, '1292.00000000', '7752.00000000', 0, 0, 'Purchessed', 1, 1, '1292.00', '1.10', '84139120'),
(748, 'Bearing Cover KGEN 11 3 To 11 4', 'Bearing Cover KGEN 11 3 To 11 4', 6, 16, '11', 1, 9, '30.00000000', '270.00000000', 0, 0, 'Purchessed', 1, 1, '30.00', '1.10', '84139120'),
(749, 'Bearing Cover KGEN 12 5 To 16 6', 'Bearing Cover KGEN 12 5 To 16 6', 6, 16, '11', 1, 4, '51.00000000', '204.00000000', 0, 0, 'Purchessed', 1, 1, '51.00', '1.10', '84139120'),
(750, 'Oil Seal KGEN 11 3 To 11 4', 'Oil Seal KGEN 11 3 To 11 4', 6, 16, '11', 1, 7, '16.00000000', '112.00000000', 0, 0, 'Purchessed', 1, 1, '16.00', '1.10', '84139120'),
(751, 'Oil Seal KGEN 12 5 To 16 6', 'Oil Seal KGEN 12 5 To 16 6', 6, 16, '11', 1, 12, '22.00000000', '264.00000000', 0, 0, 'Purchessed', 1, 1, '22.00', '1.10', '84139120'),
(752, 'Intermediate Cover KGEN 11 3 To 11 4', 'Intermediate Cover KGEN 11 3 To 11 4', 6, 16, '11', 1, 6, '348.58333333', '2091.50000000', 0, 0, 'Purchessed', 1, 1, '348.58', '1.10', '84139120'),
(753, 'Intermediate Cover KGEN 12 5 To 16 6', 'Intermediate Cover KGEN 12 5 To 16 6', 6, 16, '11', 1, 0, '0.00000000', '0.00000000', 0, 0, 'Purchessed', 0, 0, '0.00', '0.00', '84139120'),
(754, 'Intermediate Cover KGEN 25n 10', 'Intermediate Cover KGEN 25n 10', 6, 16, '11', 1, 1, '1806.00000000', '1806.00000000', 0, 0, 'Purchessed', 1, 1, '1806.00', '1.10', '84139120'),
(755, 'Mechanical Seal KGEN 11 3 To 11 4', 'Mechanical Seal KGEN 11 3 To 11 4', 6, 16, '11', 1, 0, '0.00000000', '0.00000000', 0, 0, 'Purchessed', 0, 0, '0.00', '0.00', '84842000'),
(756, 'Mechanical Seal KGEN 12 5 To 16 6', 'Mechanical Seal KGEN 12 5 To 16 6', 6, 16, '11', 1, 2, '721.57000000', '1443.00000000', 0, 0, 'Purchessed', 10, 10, '721.57', '1.10', '84139120'),
(757, 'Suction Cover KGEN 11 3', 'Suction Cover KGEN 11 3 ', 6, 16, '11', 1, 5, '314.00000000', '1570.00000000', 0, 0, 'Purchessed', 1, 1, '314.00', '1.10', '84139120'),
(758, 'Suction Cover KGEN 12 5 & 12b 5', 'Suction Cover KGEN 12 5 & 12b 5', 6, 16, '11', 1, 6, '430.34000000', '2582.04000000', 0, 0, 'Purchessed', 1, 1, '430.34', '1.10', '84139120'),
(759, 'Suction Cover KGEN 12 6, 15 6 & 16 6', 'Suction Cover KGEN 12 6, 15 6 & 16 6', 6, 16, '11', 1, 0, '0.00000000', '0.00000000', 0, 0, 'Purchessed', 0, 0, '0.00', '0.00', '84139120'),
(760, 'Suction Cover KGEN 14 8', 'Suction Cover KGEN 14 8', 6, 16, '11', 1, 1, '1140.00000000', '1140.00000000', 0, 0, 'Purchessed', 1, 1, '1140.00', '1.10', '84139120'),
(761, 'Window Cover KGEN 12 5 To 16 6', 'Window Cover KGEN 12 5 To 16 6', 6, 16, '11', 1, 1, '500.00000000', '500.00000000', 0, 0, 'Purchessed', 1, 1, '500.00', '1.10', '84139120'),
(762, 'Valve Assembly KGEN 11 3', 'Valve Assembly KGEN 11 3', 6, 16, '11', 1, 0, '0.00000000', '0.00000000', 0, 0, 'Purchessed', 5, 5, '0.00', '0.00', '84139120'),
(763, 'Valve Assembly KGEN 11 4', 'Valve Assembly KGEN 11 4', 6, 16, '11', 1, 13, '130.40000000', '1695.20000000', 0, 0, 'Purchessed', 1, 1, '130.40', '1.10', '84139120'),
(764, 'Valve Assembly KGEN 12 5 & 12b 5', 'Valve Assembly KGEN 12 5 & 12b 5', 6, 16, '11', 1, 10, '186.96900000', '1869.69000000', 0, 0, 'Purchessed', 1, 1, '186.97', '1.10', '84139120'),
(765, 'Valve Assembly KGEN 12 6, 15 6 & 16 6', 'Valve Assembly KGEN 12 6, 15 6 & 16 6', 6, 16, '11', 1, 0, '0.00000000', '0.00000000', 0, 0, 'Purchessed', 5, 5, '0.00', '0.00', '84139120'),
(766, 'Valve Assembly KGEN 14 8', 'Valve Assembly KGEN 14 8', 6, 16, '11', 1, 8, '590.67500000', '4725.40000000', 0, 0, 'Purchessed', 1, 1, '590.68', '1.10', '84139120'),
(767, 'Shaft KGEN 11 3 To 11 4', 'Shaft KGEN 11 3 to 11 4', 6, 16, '11', 1, 0, '0.00000000', '0.00000000', 0, 0, 'Purchessed/Manufactured', 0, 0, '0.00', '0.00', '84139120'),
(768, 'Shaft KGEN 12 5 To 16 6', 'Shaft KGEN 12 5 to 16 6', 6, 16, '11', 1, 0, '0.00000000', '0.00000000', 0, 0, 'Purchessed/Manufactured', 0, 0, '0.00', '0.00', '84139120'),
(769, 'Shaft KGEN 25n 10', 'Shaft KGEN 25n 10', 6, 16, '11', 1, 0, '0.00000000', '0.00000000', 0, 0, 'Purchessed/Manufactured', 1, 1, '0.00', '0.00', '84139120'),
(770, 'CI Impeller KGEN 11 3', 'CI Impeller KGEN 11 3', 6, 16, '11', 1, 10, '408.52700000', '4085.27000000', 0, 0, 'Purchessed', 1, 1, '408.53', '1.10', '84139120'),
(771, 'CI Impeller KGEN 11 4', 'CI Impeller KGEN 11 4', 6, 16, '11', 1, 0, '0.00000000', '0.00000000', 0, 0, 'Purchessed', 0, 0, '0.00', '0.00', '84139120'),
(772, 'CI Impeller KGEN 12 5', 'CI Impeller KGEN 12 5', 6, 16, '11', 1, 17, '567.17647059', '9642.00000000', 0, 0, 'Purchessed', 1, 1, '567.18', '1.10', '84139120'),
(773, 'CI Impeller KGEN 12b 5', 'CI Impeller KGEN 12b 5', 6, 16, '11', 1, 1, '549.37000000', '549.37000000', 0, 0, 'Purchessed', 1, 1, '549.37', '1.10', '84139120'),
(774, 'CI Impeller KGEN 12 6', 'CI Impeller KGEN 12 6', 6, 16, '11', 1, 7, '540.00000000', '3780.00000000', 0, 0, 'Purchessed', 1, 1, '540.00', '1.10', '84139120'),
(775, 'CI Impeller KGEN 15 6', 'CI Impeller KGEN 15 6', 6, 16, '11', 1, 0, '0.00000000', '0.00000000', 0, 0, 'Purchessed', 5, 5, '0.00', '0.00', '84139120'),
(776, 'CI Impeller KGEN 14 8', 'CI Impeller KGEN 14 8', 6, 16, '11', 1, 5, '606.30400000', '3031.52000000', 0, 0, 'Purchessed', 1, 1, '606.30', '1.10', '84139120'),
(777, 'CI Impeller KGEN 16 6', 'CI Impeller KGEN 16 6', 6, 16, '11', 1, 0, '0.00000000', '0.00000000', 0, 0, 'Purchessed', 5, 5, '0.00', '0.00', '84139120'),
(778, 'CI Impeller KGEN 16 3', 'CI Impeller KGEN 16 3', 6, 16, '11', 1, 4, '854.00000000', '3416.00000000', 0, 0, 'Purchessed', 1, 1, '854.00', '1.10', '84139120'),
(779, 'CI Impeller KGEN 21 8', 'CI Impeller KGEN 21 8', 6, 16, '11', 1, 0, '0.00000000', '0.00000000', 0, 0, 'Purchessed', 0, 0, '0.00', '0.00', '84139120'),
(780, 'CI Impeller KGEN 25n 10', 'CI Impeller KGEN 25n 10', 6, 16, '11', 1, 1, '1581.00000000', '1581.00000000', 0, 0, 'Purchessed', 1, 1, '1581.00', '1.10', '84139120'),
(781, 'SS Impeller KGEN 11 3', 'SS Impeller KGEN 11 3', 6, 16, '11', 1, 0, '0.00000000', '0.00000000', 0, 0, 'Purchessed', 2, 2, '0.00', '0.00', '84139120'),
(782, 'SS Impeller KGEN 11 4', 'SS Impeller KGEN 11 4', 6, 16, '11', 1, 0, '0.00000000', '0.00000000', 0, 0, 'Purchessed', 2, 2, '0.00', '0.00', '84139120'),
(783, 'SS Impeller KGEN 12 5', 'SS Impeller KGEN 12 5', 6, 16, '11', 1, 0, '0.00000000', '0.00000000', 0, 0, 'Purchessed', 2, 2, '0.00', '0.00', '84139120'),
(784, 'SS Impeller KGEN 12b 5', 'SS Impeller KGEN 12b 5', 6, 16, '11', 1, 0, '0.00000000', '0.00000000', 0, 0, 'Purchessed', 2, 2, '0.00', '0.00', '84139120'),
(785, 'SS Impeller KGEN 12 6', 'SS Impeller KGEN 12 6', 6, 16, '11', 1, 0, '0.00000000', '0.00000000', 0, 0, 'Purchessed', 2, 2, '0.00', '0.00', '84139120'),
(786, 'SS Impeller KGEN 15 6', 'SS Impeller KGEN 15 6', 6, 16, '11', 1, 0, '0.00000000', '0.00000000', 0, 0, 'Purchessed', 2, 2, '0.00', '0.00', '84139120'),
(787, 'SS Impeller KGEN 14 8', 'SS Impeller KGEN 14 8', 6, 16, '11', 1, 0, '0.00000000', '0.00000000', 0, 0, 'Purchessed', 2, 2, '0.00', '0.00', '84139120'),
(788, 'SS Impeller KGEN 16 6', 'SS Impeller KGEN 16 6', 6, 16, '11', 1, 0, '0.00000000', '0.00000000', 0, 0, 'Purchessed', 2, 2, '0.00', '0.00', '84139120'),
(789, 'SS Impeller KGEN 16 3', 'SS Impeller KGEN 16 3', 6, 16, '11', 1, 0, '0.00000000', '0.00000000', 0, 0, 'Purchessed', 0, 0, '0.00', '0.00', '84139120'),
(790, 'SS Impeller KGEN 21 8', 'SS Impeller KGEN 21 8', 6, 16, '11', 1, 0, '0.00000000', '0.00000000', 0, 0, 'Purchessed', 0, 0, '0.00', '0.00', '84139120'),
(791, 'SS Impeller KGEN 25n 10', 'SS Impeller KGEN 25n 10', 6, 16, '11', 1, 0, '0.00000000', '0.00000000', 0, 0, 'Purchessed', 1, 1, '0.00', '0.00', '84139120'),
(792, 'Pump Casing KGEN 11 3', 'Pump Casing KGEN 11 3', 6, 16, '11', 1, 0, '0.00000000', '0.00000000', 0, 0, 'Purchessed', 0, 0, '0.00', '0.00', '84139120'),
(793, 'Pump Casing KGEN 11 4', 'Pump Casing KGEN 11 4', 6, 16, '11', 1, 0, '0.00000000', '0.00000000', 0, 0, 'Purchessed', 0, 0, '0.00', '0.00', '84139120'),
(794, 'Pump Casing KGEN 12 5', 'Pump Casing KGEN 12 5', 6, 16, '11', 1, 0, '0.00000000', '0.00000000', 0, 0, 'Purchessed', 0, 0, '0.00', '0.00', '84139120'),
(795, 'Pump Casing KGEN 12b 5', 'Pump Casing KGEN 12b 5', 6, 16, '11', 1, 0, '0.00000000', '0.00000000', 0, 0, 'Purchessed', 0, 0, '0.00', '0.00', '84139120'),
(796, 'Pump Casing KGEN 12 6', 'Pump Casing KGEN 12 6', 6, 16, '11', 1, 0, '0.00000000', '0.00000000', 0, 0, 'Purchessed', 0, 0, '0.00', '0.00', '84139120'),
(797, 'Pump Casing KGEN 15 6', 'Pump Casing KGEN 15 6', 6, 16, '11', 1, 0, '0.00000000', '0.00000000', 0, 0, 'Purchessed', 0, 0, '0.00', '0.00', '84139120'),
(798, 'Pump Casing KGEN 14 8', 'Pump Casing KGEN 14 8', 6, 16, '11', 1, 0, '0.00000000', '0.00000000', 0, 0, 'Purchessed', 0, 0, '0.00', '0.00', '84139120'),
(799, 'Pump Casing KGEN 16 6', 'Pump Casing KGEN 16 6', 6, 16, '11', 1, 0, '0.00000000', '0.00000000', 0, 0, 'Purchessed', 0, 0, '0.00', '0.00', '84139120'),
(800, 'KGEN 11 3 With Motor', 'KGEN 11 3 with Motor', 7, 26, '30', 3, 0, '0.00000000', '0.00000000', 0, 0, 'Purchessed/Manufactured', 0, 0, '0.00', '0.00', '84137091'),
(801, 'KGEN 11 4 With Motor', 'KGEN 11 4 with Motor', 7, 26, '30', 3, 0, '0.00000000', '0.00000000', 0, 0, 'Purchessed/Manufactured', 0, 0, '0.00', '0.00', ''),
(802, 'KGEN 12 6 With Motor', 'KGEN 12 6 with Motor', 7, 26, '30', 3, 0, '0.00000000', '0.00000000', 0, 0, 'Purchessed/Manufactured', 0, 0, '0.00', '0.00', ''),
(803, 'KGEN 12 5 With Motor', 'KGEN 12 5 with Motor', 7, 26, '30', 3, 0, '0.00000000', '0.00000000', 0, 0, 'Purchessed/Manufactured', 0, 0, '0.00', '0.00', ''),
(804, 'KGEN 12b 5 With Motor', 'KGEN 12b 5 with Motor', 7, 26, '30', 3, 0, '0.00000000', '0.00000000', 0, 0, 'Purchessed/Manufactured', 0, 0, '0.00', '0.00', ''),
(805, 'KGEN 16 3 With Motor', 'KGEN 16 3 with Motor', 7, 26, '30', 3, 0, '0.00000000', '0.00000000', 0, 0, 'Purchessed/Manufactured', 0, 0, '0.00', '0.00', ''),
(806, 'KGEN 16 6 With Motor', 'KGEN 16 6 with Motor', 7, 26, '30', 3, 0, '0.00000000', '0.00000000', 0, 0, 'Purchessed/Manufactured', 0, 0, '0.00', '0.00', ''),
(807, 'KGEN 14 8 With Motor', 'KGEN 14 8 with Motor', 7, 26, '30', 3, 0, '0.00000000', '0.00000000', 0, 0, 'Purchessed/Manufactured', 0, 0, '0.00', '0.00', ''),
(808, 'KGEN 15 6 With Motor', 'KGEN 15 6 with Motor', 7, 26, '30', 3, 0, '0.00000000', '0.00000000', 0, 0, 'Purchessed/Manufactured', 0, 0, '0.00', '0.00', ''),
(809, 'KGEN 25n 10 With Motor', 'KGEN 25n 10 with Motor', 7, 26, '30', 3, 0, '0.00000000', '0.00000000', 0, 0, 'Purchessed/Manufactured', 0, 0, '0.00', '0.00', ''),
(810, 'CN 32 160 With Motor', 'CN 32 160 with Motor', 7, 26, '62', 3, 0, '0.00000000', '0.00000000', 0, 0, 'Purchessed/Manufactured', 0, 0, '0.00', '0.00', ''),
(811, 'CN 40 200 With Motor', 'CN 40 200 with Motor', 7, 26, '62', 3, 0, '0.00000000', '0.00000000', 0, 0, 'Purchessed/Manufactured', 0, 0, '0.00', '0.00', ''),
(812, 'CN 50 160 With Motor', 'CN 50 160 With Motor', 7, 26, '62', 3, 0, '0.00000000', '0.00000000', 0, 0, 'Purchessed/Manufactured', 0, 0, '0.00', '0.00', ''),
(813, 'CI Impeller CN 200 200', 'CI Impeller CN 200 200', 6, 16, '13', 1, 0, '0.00000000', '0.00000000', 0, 0, 'Purchessed', 1, 1, '0.00', '0.00', '84139120'),
(814, 'CI Impeller CN 80 200', 'CI Impeller CN 80 200', 6, 16, '13', 1, 0, '0.00000000', '0.00000000', 0, 0, 'Purchessed', 1, 1, '0.00', '0.00', '84139120'),
(815, 'CI Impeller CN 65c 200', 'CI Impeller CN 65c 200', 6, 16, '13', 1, 0, '0.00000000', '0.00000000', 0, 0, 'Purchessed', 0, 0, '0.00', '0.00', '84139120'),
(816, 'CI Impeller CN 100 400', 'CI Impeller CN 100 400', 6, 16, '13', 1, 1, '6445.85000000', '6445.85000000', 0, 0, 'Purchessed', 1, 1, '6445.85', '1.10', '84139120'),
(817, 'CI Impeller CN 125 250', 'CI Impeller CN 125 250', 6, 16, '13', 1, 1, '6149.07000000', '6149.00000000', 0, 0, 'Purchessed', 1, 1, '6149.07', '1.10', '84139120'),
(818, 'CI Impeller CN 40 160', 'CI Impeller CN 40 160', 6, 16, '13', 1, 3, '2294.03333333', '6882.10000000', 0, 0, 'Purchessed', 1, 1, '2294.03', '1.10', '84139120'),
(819, 'CI Impeller CN 40 200', 'CI Impeller CN 40 200', 6, 16, '13', 1, 1, '2331.50000000', '2331.50000000', 0, 0, 'Purchessed', 1, 1, '2331.50', '1.10', '84139120'),
(820, 'CI Impeller CN 40c 160 ', 'CI Impeller CN 40c 160 ', 6, 16, '13', 1, 1, '2294.04000000', '2294.04000000', 0, 0, 'Purchessed', 1, 1, '2294.04', '1.10', '84139120'),
(821, 'CI Impeller CN 50 160', 'CI Impeller CN 50 160', 6, 16, '13', 1, 1, '0.00000000', '0.00000000', 0, 0, 'Purchessed', 0, 0, '0.00', '0.00', '84139120'),
(822, 'CI Impeller CN 50 250', 'CI Impeller CN 50 250', 6, 16, '13', 1, 0, '0.00000000', '0.00000000', 0, 0, 'Purchessed', 0, 0, '0.00', '0.00', '84139120'),
(823, 'SS Impeller CCR 40 200 R6A', 'SS Impeller CCR 40 200 R6A', 6, 16, '25', 1, 0, '0.00000000', '0.00000000', 0, 0, 'Purchessed', 0, 0, '0.00', '0.00', '84139120'),
(824, 'SS Impeller CCR 50 160', 'SS Impeller CCR 50 160', 6, 16, '25', 1, 0, '0.00000000', '0.00000000', 0, 0, 'Purchessed', 0, 0, '0.00', '0.00', '84139120'),
(825, 'SS Impeller CCR 50c 160', 'SS Impeller CCR 50c 160', 6, 16, '25', 1, 0, '0.00000000', '0.00000000', 0, 0, 'Purchessed', 0, 0, '0.00', '0.00', '84139120'),
(826, 'CS Impeller CCR 40 160', 'CS Impeller CCR 40 160', 6, 16, '25', 1, 1, '3519.00000000', '3519.00000000', 0, 0, 'Purchessed', 1, 1, '3519.00', '1.10', '84139120'),
(827, 'Bearing Housing (2100) CCR 32 To 50 160', 'Bearing Housing (2100) CCR 32 To 50 160', 6, 16, '25', 1, 2, '500.00000000', '1000.00000000', 0, 0, 'Purchessed', 0, 0, '500.00', '1.10', '84139120'),
(829, 'Bearing Cover For EXP 50 CT / 55 ST / 160 CT', 'Bearing Cover For EXP 50 CT / 55 ST / 160 CT', 6, 17, '16', 1, 0, '0.00000000', '0.00000000', 0, 0, 'Purchessed', 0, 0, '0.00', '0.00', '84139120'),
(830, 'Deflector For EXP 160 CT', 'Deflector For EXP 160 CT', 6, 17, '16', 1, 2, '98.50000000', '197.00000000', 0, 0, 'Purchessed', 1, 1, '98.50', '1.10', '84139120'),
(831, 'Impeller EXP 160 CT', 'Impeller EXP 160 CT', 6, 17, '16', 1, 2, '1627.00000000', '3254.00000000', 0, 0, 'Purchessed', 1, 1, '1627.00', '1.10', '84139120'),
(834, 'Shaft SS 316 NZ ', 'Shaft SS 316 NZ ', 6, 17, '15', 1, 1, '6321.00000000', '6321.00000000', 0, 0, 'Purchessed/Manufactured', 1, 1, '6321.00', '1.10', '84139120'),
(835, 'Adapter Flange 1.375\" Antico', 'Adapter Flange 1.375\" Antico', 6, 17, '16', 1, 0, '0.00000000', '0.00000000', 0, 0, 'Purchessed', 0, 0, '0.00', '0.00', '84139120'),
(836, 'Cap Nut TS 105/030', 'Cap Nut TS 105/030', 6, 15, '18', 1, 0, '0.00000000', '0.00000000', 0, 0, 'Purchessed', 0, 0, '0.00', '0.00', '84139190'),
(837, 'Circlip ', 'Circlip ', 6, 15, '85', 1, 2, '678.50000000', '1357.00000000', 0, 0, 'Purchessed', 1, 1, '678.50', '1.10', '84139190'),
(838, 'Clamping Band T1SB 50.1', 'Clamping Band T1SB 50.1', 6, 15, '19', 1, 0, '0.00000000', '0.00000000', 0, 0, 'Purchessed', 0, 0, '0.00', '0.00', '84139190'),
(839, 'Coupling JOP T3SA 38/36', 'Coupling JOP T3SA 38/36', 6, 15, '17', 3, 2, '32064.21000000', '64128.00000000', 0, 0, 'Purchessed', 1, 1, '32064.21', '1.10', '84139190'),
(840, 'Coupling Rod Pin T1SB 50.1', 'Coupling Rod Pin T1SB 50.1', 6, 15, '19', 1, 0, '0.00000000', '0.00000000', 0, 0, 'Purchessed', 0, 0, '0.00', '0.00', '84139190'),
(841, 'Cover Sleeve T1SB 50.1', 'Cover Sleeve T1SB 50.1', 6, 15, '19', 1, 0, '0.00000000', '0.00000000', 0, 0, 'Purchessed', 0, 0, '0.00', '0.00', '84139190'),
(842, 'Distance Bush TS 105/030', 'Distance Bush TS 105/030', 6, 15, '18', 1, 0, '0.00000000', '0.00000000', 0, 0, 'Purchessed', 0, 0, '0.00', '0.00', '84139190'),
(843, 'Dowel Pin TS 105/030', 'Dowel Pin TS 105/030', 6, 15, '18', 1, 0, '0.00000000', '0.00000000', 0, 0, 'Purchessed', 0, 0, '0.00', '0.00', '84139190'),
(844, 'Gasket NSS 65 250 W8', 'Gasket NSS 65 250 W8', 6, 15, '85', 1, 4, '509.65000000', '2039.00000000', 0, 0, 'Purchessed/Manufactured', 1, 1, '509.65', '1.10', '84139190'),
(845, 'Gasket  T3ST 100/42', 'Gasket  T3ST 100/42', 6, 15, '17', 1, 0, '0.00000000', '0.00000000', 0, 0, 'Purchessed/Manufactured', 0, 0, '0.00', '0.00', '84139190'),
(846, 'Gasket & Ball Bearing T3ST 52/46', 'Gasket & Ball Bearing T3ST 52/46', 6, 15, '17', 1, 2, '4779.50000000', '9559.00000000', 0, 0, 'Purchessed/Manufactured', 1, 1, '4779.50', '1.10', '84139190'),
(847, 'Groove Ball Bearing NSS 65 250 W8', 'Groove Ball Bearing NSS 65 250 W8', 6, 15, '85', 1, 2, '4616.12000000', '9232.00000000', 0, 0, 'Purchessed', 1, 1, '4616.12', '1.10', '84139190'),
(848, 'Guide Bush T1SB 50.1', 'Guide Bush T1SB 50.1', 6, 15, '19', 1, 0, '0.00000000', '0.00000000', 0, 0, 'Purchessed', 0, 0, '0.00', '0.00', '84139190'),
(849, 'Hexagon Nut NSS 65 250 W8', 'Hexagon Nut NSS 65 250 W8', 6, 15, '85', 1, 1, '813.41000000', '813.00000000', 0, 0, 'Purchessed', 1, 1, '813.41', '1.10', '84139190'),
(850, 'Impeller NSS 65 250 W8', 'Impeller NSS 65 250 W8', 6, 15, '85', 1, 1, '53893.75000000', '53894.00000000', 0, 0, 'Purchessed', 1, 1, '53893.75', '1.10', '84139190'),
(851, 'Minor Joint Kit TRF 660', '', 6, 15, '17', 1, 0, '0.00000000', '0.00000000', 0, 0, 'Purchessed', 0, 0, '0.00', '0.00', '84139190'),
(852, 'Lock Nut TS 105/030', 'Lock nut TS 105/030', 6, 15, '18', 1, 0, '0.00000000', '0.00000000', 0, 0, 'Purchessed', 0, 0, '0.00', '0.00', '84139190'),
(853, 'Mechanical Seal TDSH 088/40', 'Mechanical Seal TDSH 088/40', 6, 15, '18', 1, 3, '4500.00000000', '13500.00000000', 0, 0, 'Purchessed', 1, 1, '4500.00', '1.10', '84842000'),
(854, 'Retaining Sleeve T1 SB 50.1', 'Retaining Sleeve T1 SB 50.1', 6, 15, '19', 1, 0, '0.00000000', '0.00000000', 0, 0, 'Purchessed', 0, 0, '0.00', '0.00', '84139190'),
(855, 'Rotor Set TIGGM 100/50 ', 'Rotor Set TIGGM 100/50 ', 6, 15, '20', 1, 0, '0.00000000', '0.00000000', 0, 0, 'Purchessed', 0, 0, '0.00', '0.00', '84139190'),
(856, 'Relief Valve Assembly TDSH 088/40', 'Relief Valve Assembly TDSH 088/40', 6, 15, '18', 1, 0, '0.00000000', '0.00000000', 0, 0, 'Purchessed', 0, 0, '0.00', '0.00', '84139190'),
(857, 'Shaft NSS 65 250 W8', 'Shaft NSS 65 250 W8', 6, 15, '85', 1, 1, '63939.40000000', '63939.00000000', 0, 0, 'Purchessed/Manufactured', 1, 0, '63939.40', '1.10', '84139190'),
(858, 'Supporting Washer NSS 65 250 W8', 'Supporting Washer NSS 65 250 W8', 6, 15, '85', 1, 2, '203.07000000', '406.00000000', 0, 0, 'Purchessed', 1, 1, '203.07', '1.10', '84139190'),
(859, 'Timing Gear TDSH 088/40', 'Timing Gear TDSH 088/40', 6, 15, '18', 1, 1, '5000.00000000', '5000.00000000', 0, 0, 'Purchessed', 1, 1, '5000.00', '1.10', '84139190'),
(860, 'Timing Gear TS 105/030', 'Timing Gear TS 105/030', 6, 15, '18', 1, 0, '0.00000000', '0.00000000', 0, 0, 'Purchessed', 0, 0, '0.00', '0.00', '84139190'),
(861, 'Washer Lock TS 105/030', 'Washer Lock TS 105/030', 6, 15, '18', 1, 0, '0.00000000', '0.00000000', 0, 0, 'Purchessed', 0, 0, '0.00', '0.00', '84139190'),
(862, 'Coupling L 075', 'Coupling L 075', 5, 30, '38', 1, 0, '0.00000000', '0.00000000', 0, 0, 'Purchessed', 10, 10, '0.00', '0.00', '8483'),
(863, 'Coupling L 095', 'Coupling L 095', 5, 30, '38', 1, 0, '0.00000000', '0.00000000', 0, 0, 'Purchessed', 10, 10, '0.00', '0.00', '8483'),
(864, 'Coupling L 100', 'Coupling L 100', 5, 30, '38', 1, 0, '0.00000000', '0.00000000', 0, 0, 'Purchessed', 10, 10, '0.00', '0.00', '8483'),
(865, 'Coupling L 110', 'Coupling L 110', 5, 30, '38', 1, 0, '0.00000000', '0.00000000', 0, 0, 'Purchessed', 10, 10, '0.00', '0.00', '8483'),
(866, 'Coupling L 150', 'Coupling L 150', 5, 30, '38', 1, 0, '0.00000000', '0.00000000', 0, 0, 'Purchessed', 1, 1, '0.00', '0.00', '8483'),
(867, 'Coupling L 190', 'Coupling L 190', 5, 30, '38', 1, 0, '0.00000000', '0.00000000', 0, 0, 'Purchessed', 0, 0, '0.00', '0.00', '8483'),
(868, 'Coupling RRL 095', 'Coupling RRL 095', 5, 30, '38', 1, 0, '0.00000000', '0.00000000', 0, 0, 'Purchessed', 0, 0, '0.00', '0.00', '8483'),
(869, 'Coupling RRL 100', 'Coupling RRL 100', 5, 30, '38', 1, 0, '0.00000000', '0.00000000', 0, 0, 'Purchessed', 0, 0, '0.00', '0.00', '8483'),
(870, 'Coupling RRL 110', 'Coupling RRL 110', 5, 30, '38', 1, 0, '0.00000000', '0.00000000', 0, 0, 'Purchessed', 0, 0, '0.00', '0.00', '8483'),
(871, 'Coupling RRL 150', 'Coupling RRL 150', 5, 30, '38', 1, 0, '0.00000000', '0.00000000', 0, 0, 'Purchessed', 0, 0, '0.00', '0.00', '8483'),
(872, 'Silicon Oil', 'Silicon Oil', 5, 30, '38', 4, 5, '370.10000000', '1850.50000000', 0, 0, 'Purchessed', 1, 1, '370.10', '1.10', '39100090'),
(873, 'Panel Electronic', 'Panel Electronic', 5, 30, '38', 1, 0, '0.00000000', '0.00000000', 0, 0, 'Purchessed', 0, 0, '0.00', '0.00', '85371000'),
(874, 'Control Panel', 'Control Panel', 5, 30, '38', 1, 3, '6966.00000000', '20898.00000000', 0, 0, 'Purchessed', 1, 1, '6966.00', '1.10', '85371000'),
(875, 'Starter For Pump / Motor', 'Starter for Pump / Motor', 5, 30, '38', 1, 0, '0.00000000', '0.00000000', 0, 0, 'Purchessed', 0, 0, '0.00', '0.00', ''),
(876, 'PP Ball Valve', 'PP Ball Valve', 5, 30, '38', 1, 40, '180.00000000', '7200.00000000', 0, 0, 'Purchessed', 1, 1, '180.00', '1.10', ''),
(877, 'PP Flanges', 'PP Flanges', 5, 30, '38', 1, 104, '247.50000000', '25740.00000000', 0, 0, 'Purchessed', 1, 1, '247.50', '1.10', ''),
(878, 'PP NRV', 'PP NRV', 5, 30, '38', 1, 12, '220.00000000', '2640.00000000', 0, 0, 'Purchessed', 1, 1, '220.00', '1.10', ''),
(879, 'REMI 200 MM Coach Fan CF 20 12V NDX', 'REMI 200 MM Coach Fan CF 20 12V NDX', 6, 31, '84', 1, 3, '697.75000000', '2093.25000000', 0, 0, 'Purchessed', 1, 1, '697.75', '1.10', ''),
(880, 'Ball Valve 1.5\"', 'Ball Valve 1.5\"', 5, 30, '38', 1, 0, '0.00000000', '0.00000000', 0, 0, 'Purchessed', 0, 0, '0.00', '0.00', '');
INSERT INTO `items` (`id`, `name`, `alias`, `item_category_id`, `item_group_id`, `item_sub_group_id`, `unit_id`, `ob_quantity`, `ob_rate`, `ob_value`, `freeze`, `serial_number_enable`, `source`, `minimum_quantity`, `maximum_quantity`, `dynamic_cost`, `minimum_selling_price_factor`, `hsn_code`) VALUES
(881, 'Mechfil 0.5\" & 1.0\" Filter', 'Mechfil 0.5\" & 1.0\" Filter', 2, 12, '40', 1, 0, '0.00000000', '0.00000000', 0, 0, 'Purchessed/Manufactured', 0, 0, '0.00', '0.00', ''),
(882, 'Mechfil 0.5\" & 1.0\" Filter Element', 'Mechfil 0.5\" & 1.0\" Filter Element', 2, 32, '42', 1, 0, '0.00000000', '0.00000000', 0, 0, 'Purchessed/Manufactured', 0, 0, '0.00', '0.00', ''),
(883, 'Mechfil 1.5\" & 2.0\" Filter', 'Mechfil 1.5\" & 2.0\" Filter', 2, 12, '40', 1, 0, '0.00000000', '0.00000000', 0, 0, 'Purchessed/Manufactured', 0, 0, '0.00', '0.00', ''),
(884, 'Mechfil 1.5\" & 2.0\" Filter Element', 'Mechfil 1.5\" & 2.0\" Filter Element', 2, 32, '42', 1, 0, '0.00000000', '0.00000000', 0, 0, 'Purchessed/Manufactured', 0, 0, '0.00', '0.00', ''),
(885, 'Mechfil 2.5\" & 3.0\" Filter', 'Mechfil 2.5\" & 3.0\" Filter', 2, 12, '40', 1, 0, '0.00000000', '0.00000000', 0, 0, 'Purchessed/Manufactured', 0, 0, '0.00', '0.00', ''),
(886, 'Mechfil 2.5\" & 3.0\" Filter Element', 'Mechfil 2.5\" & 3.0\" Filter Element', 2, 32, '42', 1, 0, '0.00000000', '0.00000000', 0, 0, 'Purchessed/Manufactured', 0, 0, '0.00', '0.00', ''),
(887, 'Mechfil 6.0\" Filter', 'Mechfil 6.0\" Filter', 2, 12, '40', 1, 0, '0.00000000', '0.00000000', 0, 0, 'Purchessed/Manufactured', 0, 0, '0.00', '0.00', ''),
(888, 'Coupling Guard Mechfill', 'Coupling Guard Mechfill', 5, 30, '38', 1, 0, '0.00000000', '0.00000000', 0, 0, 'Purchessed/Manufactured', 0, 0, '0.00', '0.00', ''),
(889, 'Coupling Guard Antico', 'Coupling Guard Antico', 5, 30, '38', 1, 0, '0.00000000', '0.00000000', 0, 0, 'Purchessed', 0, 0, '0.00', '0.00', ''),
(890, '4\" Cutting Wheel', '4\" Cutting Wheel', 5, 30, '43', 1, 0, '0.00000000', '0.00000000', 0, 0, 'Purchessed', 0, 0, '0.00', '0.00', ''),
(891, '4\" Grinding Wheel', '', 5, 30, '43', 1, 0, '0.00000000', '0.00000000', 0, 0, 'Purchessed', 0, 0, '0.00', '0.00', ''),
(892, 'Tape For Packing', 'Tape for Packing', 5, 30, '43', 1, 0, '0.00000000', '0.00000000', 0, 0, 'Purchessed', 0, 0, '0.00', '0.00', ''),
(893, 'Priming Chamber Antico', 'Priming Chamber Antico', 6, 17, '15', 1, 0, '0.00000000', '0.00000000', 0, 0, 'Purchessed', 0, 0, '0.00', '0.00', '84139120'),
(896, 'Tools For Lathe Machine', 'Tools for Lathe Machine', 5, 30, '43', 1, 0, '0.00000000', '0.00000000', 0, 0, 'Purchessed', 0, 0, '0.00', '0.00', ''),
(897, 'Base Frame 3\"', 'Base Frame 3\"', 5, 30, '38', 1, 0, '0.00000000', '0.00000000', 0, 0, 'Purchessed/Manufactured', 0, 0, '0.00', '0.00', ''),
(898, 'Base Frame 4\"', 'Base Frame 4\"', 5, 30, '38', 1, 0, '0.00000000', '0.00000000', 0, 0, 'Purchessed/Manufactured', 0, 0, '0.00', '0.00', ''),
(899, 'Cable 6 Core ( 3 *4mm And 3 * 1.5mm )', 'Cable 6 Core ( 3 *4mm and 3 * 1.5mm )', 6, 18, '83', 2, 0, '0.00000000', '0.00000000', 0, 0, 'Purchessed', 0, 0, '0.00', '0.00', '84139120'),
(900, 'NZ 25 125 Pump Semi Open Impeller With Motor', 'NZ 25 125 Pump Semi Open Impeller With Motor', 7, 27, '27', 3, 0, '0.00000000', '0.00000000', 0, 0, 'Purchessed/Manufactured', 0, 0, '0.00', '0.00', '84137091'),
(901, 'NZ 32 125 Pump Semi Open Impeller With Motor', 'NZ 32 125 Pump Semi Open Impeller with Motor', 7, 27, '27', 3, 0, '0.00000000', '0.00000000', 0, 0, 'Purchessed/Manufactured', 0, 0, '0.00', '0.00', '84137091'),
(902, 'NZ 50 125 Pump Semi Open Impeller With Motor', 'NZ 50 125 Pump Semi Open Impeller with Motor', 7, 27, '27', 3, 0, '0.00000000', '0.00000000', 0, 0, 'Purchessed/Manufactured', 0, 0, '0.00', '0.00', '84137091'),
(903, 'NZ 25 160 Pump SO Impeller With Motor', 'NZ 25 160 Pump SO Impeller with Motor', 7, 27, '27', 3, 0, '0.00000000', '0.00000000', 0, 0, 'Purchessed/Manufactured', 0, 0, '0.00', '0.00', '84137091'),
(904, 'NZ 32 160 Pump Semi Open Impeller With Motor', 'NZ 32 160 Pump Semi Open Impeller with Motor', 7, 27, '27', 3, 0, '0.00000000', '0.00000000', 0, 0, 'Purchessed/Manufactured', 0, 0, '0.00', '0.00', '84137091'),
(905, 'NZ 50 160 Pump Semi Open Impeller With Motor', 'NZ 50 160 Pump Semi Open Impeller with Motor', 7, 27, '27', 3, 0, '0.00000000', '0.00000000', 0, 0, 'Purchessed/Manufactured', 0, 0, '0.00', '0.00', '84137091'),
(907, 'NZ 50 200 Pump Semi Open Impeller With Motor', 'NZ 50 200 Pump Semi Open Impeller with Motor', 7, 27, '27', 3, 0, '0.00000000', '0.00000000', 0, 0, 'Purchessed/Manufactured', 0, 0, '0.00', '0.00', '84137091'),
(908, 'NZ 25 125 Pump Closed Impeller With Motor', 'NZ 25 125 Pump Closed Impeller with Motor', 7, 27, '27', 3, 0, '0.00000000', '0.00000000', 0, 0, 'Purchessed/Manufactured', 0, 0, '0.00', '0.00', '84137091'),
(909, 'NZ 32 125 Pump Closed Impeller With Motor', 'NZ 32 125 Pump Closed Impeller with Motor', 7, 27, '27', 3, 0, '0.00000000', '0.00000000', 0, 0, 'Purchessed/Manufactured', 0, 0, '0.00', '0.00', '84137091'),
(910, 'NZ 50 125 Pump Closed Impeller With Motor', 'NZ 50 125 Pump Closed Impeller with Motor', 7, 27, '27', 3, 0, '0.00000000', '0.00000000', 0, 0, 'Purchessed/Manufactured', 0, 0, '0.00', '0.00', '84137091'),
(911, 'NZ 25 160 Pump Closed Impeller With Motor', 'NZ 25 160 Pump Closed Impeller with Motor', 7, 27, '27', 3, 0, '0.00000000', '0.00000000', 0, 0, 'Purchessed/Manufactured', 0, 0, '0.00', '0.00', '84137091'),
(912, 'NZ 32 160 Pump Closed Impeller With Motor', 'NZ 32 160 Pump Closed Impeller with Motor', 7, 27, '27', 3, 0, '0.00000000', '0.00000000', 0, 0, 'Purchessed/Manufactured', 0, 0, '0.00', '0.00', '84137091'),
(913, 'NZ 50 160 Pump Closed Impeller With Motor', 'NZ 50 160 Pump Closed Impeller with Motor', 7, 27, '27', 3, 0, '0.00000000', '0.00000000', 0, 0, 'Purchessed/Manufactured', 0, 0, '0.00', '0.00', '84137091'),
(915, 'NZ 50 200 Pump Closed Impeller with Motor', 'NZ 50 200 Pump Closed Impeller with Motor', 7, 27, '27', 3, 0, '0.00000000', '0.00000000', 0, 0, 'Purchessed/Manufactured', 0, 0, '0.00', '0.00', '84137091'),
(916, 'Tranter Plate Type Heat Exchanger', 'Tranter Plate Type Heat Exchanger', 8, 33, '44', 1, 0, '0.00000000', '0.00000000', 0, 0, 'Purchessed', 0, 0, '0.00', '0.00', '84195020'),
(917, 'Mechfill Cooling Unit With Simplex Filter', 'Mechfill Cooling Unit with Simplex Filter', 4, 34, '45', 3, 0, '0.00000000', '0.00000000', 0, 0, 'Purchessed/Manufactured', 0, 0, '0.00', '0.00', ''),
(918, 'Mechfill Cooling Unit With Duplex Filter', 'Mechfill Cooling Unit with Duplex Filter', 4, 34, '45', 3, 0, '0.00000000', '0.00000000', 0, 0, 'Purchessed/Manufactured', 0, 0, '0.00', '0.00', ''),
(919, 'Mechfill Cooling Unit Without Filter', 'Mechfill Cooling Unit without Filter', 4, 34, '45', 3, 0, '0.00000000', '0.00000000', 0, 0, 'Purchessed/Manufactured', 0, 0, '0.00', '0.00', ''),
(920, 'NSRP 50 Pump Closed Impeller With Motor', 'NSRP 50 Pump Closed Impeller with Motor', 7, 27, '46', 3, 0, '0.00000000', '0.00000000', 0, 0, 'Purchessed/Manufactured', 0, 0, '0.00', '0.00', '84137091'),
(921, 'RT 10 Pump With Motor', 'RT 10 Pump with Motor', 7, 22, '22', 3, 0, '0.00000000', '0.00000000', 0, 0, 'Purchessed/Manufactured', 0, 0, '0.00', '0.00', ''),
(922, 'RT 20 Pump With Motor', 'RT 20 Pump with Motor', 7, 22, '22', 3, 0, '0.00000000', '0.00000000', 0, 0, 'Purchessed/Manufactured', 0, 0, '0.00', '0.00', ''),
(923, 'RT 40 Pump With Motor', 'RT 40 Pump with Motor', 7, 22, '22', 3, 0, '0.00000000', '0.00000000', 0, 0, 'Purchessed/Manufactured', 0, 0, '0.00', '0.00', ''),
(924, 'RT 80 Pump With Motor', 'RT 80 Pump with Motor', 7, 22, '22', 3, 0, '0.00000000', '0.00000000', 0, 0, 'Purchessed/Manufactured', 0, 0, '0.00', '0.00', ''),
(925, 'RT 125 Pump With Motor', 'RT 125 Pump with Motor', 7, 22, '22', 3, 0, '0.00000000', '0.00000000', 0, 0, 'Purchessed/Manufactured', 0, 0, '0.00', '0.00', ''),
(926, 'WV 03 LL/40', 'WV 03 L/40', 1, 4, '52', 1, 0, '0.00000000', '0.00000000', 0, 0, 'Purchessed', 0, 0, '0.00', '0.00', '84137010'),
(927, 'CCR 32 160  With Motor', 'CCR 32 160  With Motor', 7, 26, '63', 1, 0, '0.00000000', '0.00000000', 0, 0, 'Purchessed/Manufactured', 0, 0, '1.00', '1.10', '84137091'),
(928, 'CCR 65 125 With Motor', 'CCR 65 125 With Motor', 7, 26, '63', 3, 0, '0.00000000', '0.00000000', 0, 0, 'Purchessed/Manufactured', 0, 0, '0.00', '0.00', '84137091'),
(929, 'CN 100 400 G1 S2 L3', 'CN 100 400 G1 S2 L3', 1, 1, '1', 1, 0, '0.00000000', '0.00000000', 0, 0, 'Purchessed', 0, 0, '0.00', '0.00', '84137010'),
(930, 'CCR 40 160 With Motor', 'CCR 40 160 With Motor', 7, 26, '63', 3, 0, '0.00000000', '0.00000000', 0, 0, 'Purchessed/Manufactured', 0, 0, '0.00', '0.00', '84137091'),
(931, 'S 630', 'S 630', 1, 4, '65', 1, 0, '0.00000000', '0.00000000', 0, 0, 'Purchessed', 0, 0, '0.00', '0.00', '84137010'),
(932, 'CB 40C 160 G1', 'CB 40C 160 G1', 1, 1, '61', 1, 0, '0.00000000', '0.00000000', 0, 0, 'Purchessed', 0, 0, '0.00', '0.00', '84137010'),
(933, 'ED 03', 'ED 03', 1, 3, '24', 1, 1, '0.00000000', '0.00000000', 0, 1, 'Purchessed', 1, 1, '0.00', '1.10', '84135010'),
(934, 'LJ 10', 'LJ 10', 1, 4, '64', 1, 0, '0.00000000', '0.00000000', 0, 0, 'Purchessed', 0, 0, '0.00', '0.00', '84137010'),
(935, 'LJ 15', 'LJ 15', 1, 4, '64', 1, 0, '0.00000000', '0.00000000', 0, 0, 'Purchessed', 0, 0, '0.00', '0.00', '84137010'),
(936, 'NZ 25 160 Pump Semi Open Impeller With Motor', 'NZ 25 160 Pump Semi Open Impeller With Motor', 7, 27, '27', 3, 0, '0.00000000', '0.00000000', 0, 0, 'Purchessed/Manufactured', 0, 0, '0.00', '0.00', '84137091'),
(938, 'CN 40 160 With Motor', 'CN 40 160 With Motor', 7, 26, '62', 3, 0, '0.00000000', '0.00000000', 0, 0, 'Purchessed/Manufactured', 0, 0, '0.00', '0.00', ''),
(940, 'T3 SFP 20/56 ', 'T3 SFP 20/56 ', 1, 2, '8', 1, 0, '0.00000000', '0.00000000', 0, 0, 'Purchessed', 0, 0, '0.00', '0.00', '84131990'),
(941, 'CCR 125 315  With Motor', 'CCR 125 315  With Motor', 7, 26, '63', 3, 0, '0.00000000', '0.00000000', 0, 0, 'Purchessed/Manufactured', 0, 0, '0.00', '0.00', '84137091'),
(942, 'Shaft (2200) CN 40-100 315, 65-200 250, 80-100 200, 100 160', ' Shaft (2200) CN 40-100 315, 65-200 250, 80-10', 6, 16, '13', 1, 0, '0.00000000', '0.00000000', 0, 0, 'Purchessed/Manufactured', 0, 0, '0.00', '0.00', '84139120'),
(943, 'Bearing Housing (2100) CN 80 To 100 200,100 160', 'Bearing Housing (2100) CN 80 To 100 200,100 160', 6, 16, '13', 1, 0, '0.00000000', '0.00000000', 0, 0, 'Purchessed', 0, 0, '0.00', '0.00', '84139120'),
(944, 'Bronze Impeller CN 80 200', 'Bronze Impeller CN 80 200', 6, 16, '13', 1, 0, '0.00000000', '0.00000000', 0, 0, 'Purchessed', 0, 0, '0.00', '0.00', '84139120'),
(945, 'CI Impeller CN 100 315', 'CI Impeller CN 100 315', 6, 16, '13', 1, 0, '0.00000000', '0.00000000', 0, 0, 'Purchessed', 0, 0, '0.00', '0.00', '84139120'),
(946, 'M 3080', 'M 3080', 1, 4, '65', 1, 0, '0.00000000', '0.00000000', 0, 0, 'Purchessed', 0, 0, '0.00', '0.00', '84137010'),
(947, 'Cartridge Assembly T3 S 45', 'Cartridge Assembly T3 S 45', 6, 15, '17', 3, 0, '0.00000000', '0.00000000', 0, 0, 'Purchessed', 0, 0, '0.00', '0.00', '84139190'),
(948, 'Gasket  T3 S', 'Gasket  T3 S ', 6, 15, '17', 3, 0, '0.00000000', '0.00000000', 0, 0, 'Purchessed', 0, 0, '0.00', '0.00', '84139190'),
(949, 'Bearing Housing KGEN 21 8 ', 'Bearing Housing KGEN 21 8 ', 6, 16, '11', 1, 0, '0.00000000', '0.00000000', 0, 0, 'Purchessed', 0, 0, '0.00', '0.00', '84139120'),
(950, 'CN 150 400 G1 S2 L3', 'CN 150 400 G1 S2 L3', 1, 1, '1', 1, 0, '0.00000000', '0.00000000', 0, 0, 'Purchessed', 0, 0, '0.00', '0.00', '84137010'),
(951, 'Impeller Cap Nut SS 316 (1820) CN 100 / 200-160, 80 To 200-200, 65 To 125-250, 40 To 100-315', 'Impeller Cap Nut SS 316 (1820) CN 100 / 200-160, 8', 6, 16, '13', 1, 0, '0.00000000', '0.00000000', 0, 0, 'Purchessed', 0, 0, '0.00', '0.00', '84139120'),
(952, 'Shaft Sleeve SS (S2) (1100) CN 100-160, 80 To 200-200, 65 To 125-250, 40 To 100-315', 'Shaft Sleeve SS (S2) (1100) CN 100-160, 80 To 200-', 6, 16, '13', 1, 0, '0.00000000', '0.00000000', 0, 0, 'Purchessed/Manufactured', 0, 0, '0.00', '0.00', '84139120'),
(953, 'Shaft Sleeve SS (S2) (1100) CCR 32 To 65-125, 32 To 50-160, 32 To 50-200', 'Shaft Sleeve SS (S2) (1100) CCR 32 To 65-125, 32 T', 6, 16, '25', 1, 0, '0.00000000', '0.00000000', 0, 0, 'Purchessed/Manufactured', 0, 0, '0.00', '0.00', '84139120'),
(954, 'CCR 25 125 R6 M2 L3', 'CCR 25 125 R6 M2 L3', 1, 1, '2', 1, 0, '0.00000000', '0.00000000', 0, 0, 'Purchessed', 0, 0, '0.00', '0.00', '84137091'),
(955, 'CCR 32 125 R6 M2 L3', 'CCR 32 125 R6 M2 L3', 1, 1, '2', 1, 0, '0.00000000', '0.00000000', 0, 0, 'Purchessed', 0, 0, '0.00', '0.00', '84137091'),
(956, 'Shaft Sleeve SS (M2) (1200) CCR 25-125,25-160', 'Shaft Sleeve SS (M2) (1200) CCR 25-125,25-160', 6, 16, '25', 1, 0, '0.00000000', '0.00000000', 0, 0, 'Purchessed/Manufactured', 0, 0, '0.00', '0.00', '84139120'),
(957, 'Shaft Sleeve SS (M2) (1200) CCR 32 To 65-125,32 To 50-160,32 To 50-200', 'Shaft Sleeve SS (M2) (1200) CCR 32 To 65-125,32 To', 6, 16, '25', 1, 0, '0.00000000', '0.00000000', 0, 0, 'Purchessed/Manufactured', 0, 0, '0.00', '0.00', '84139120'),
(958, 'WP 05D/35', 'WP 05D/35', 1, 4, '52', 1, 0, '0.00000000', '0.00000000', 0, 0, 'Purchessed', 0, 0, '0.00', '0.00', '84137010'),
(959, 'Shaft Sleeve SS (M2) (1200) CCR 32 To 80-250,40 To 50-315,65 To 80-160,65 To 100-200', 'Shaft Sleeve SS (M2) (1200) CCR 32 To 80-250,40 To', 6, 16, '25', 1, 0, '0.00000000', '0.00000000', 0, 0, 'Purchessed/Manufactured', 0, 0, '0.00', '0.00', '84139120'),
(960, 'CCR 65 160 R6 M2 L3', 'CCR 65 160 R6 M2 L3', 1, 1, '2', 1, 0, '0.00000000', '0.00000000', 0, 0, 'Purchessed', 0, 0, '0.00', '0.00', '84137091'),
(962, 'CCR 65C 160 R6 M2 L3', 'CCR 65C 160 R6 M2 L3', 1, 1, '2', 1, 0, '0.00000000', '0.00000000', 0, 0, 'Purchessed', 0, 0, '0.00', '0.00', '84137091'),
(963, 'SS Impeller CCR 25 160 ', 'SS Impeller CCR 25 160 ', 6, 16, '25', 1, 0, '0.00000000', '0.00000000', 0, 0, 'Purchessed', 0, 0, '0.00', '0.00', '84139120'),
(964, 'CCR 25 160 R6 M2 L3', 'CCR 25 160 R6 M2 L3', 1, 1, '2', 1, 0, '0.00000000', '0.00000000', 0, 0, 'Purchessed', 0, 0, '0.00', '0.00', '84137091'),
(965, 'Bearing Cover CN 25 160 To 65-200', 'Bearing Cover CN 25 160 to 65-200', 6, 16, '13', 1, 0, '0.00000000', '0.00000000', 0, 0, 'Purchessed', 0, 0, '0.00', '0.00', '84139120'),
(966, 'Pump Casing CN 25 160', 'Pump Casing CN 25 160', 6, 16, '13', 1, 0, '0.00000000', '0.00000000', 0, 0, 'Purchessed', 1, 1, '0.00', '0.00', '84139120'),
(967, 'Stuffing Box (0110) CN 25 160 ', 'Stuffing Box (0110) CN 25 160', 6, 16, '13', 1, 0, '0.00000000', '0.00000000', 0, 0, 'Purchessed', 1, 1, '0.00', '0.00', '84139120'),
(968, 'CCR 32C 125 R6 M2 L3', 'CCR 32C 125 R6 M2 L3', 1, 1, '2', 1, 0, '0.00000000', '0.00000000', 0, 0, 'Purchessed', 0, 0, '0.00', '0.00', '84137091'),
(969, 'CCR 32 160 R6 M2 L3', 'CCR 32 160 R6 M2 L3', 1, 1, '2', 1, 0, '0.00000000', '0.00000000', 0, 0, 'Purchessed', 0, 0, '0.00', '0.00', '84137091'),
(970, 'CCR 32 200 R6 M2 L3', 'CCR 32 200 R6 M2 L3', 1, 1, '2', 1, 0, '0.00000000', '0.00000000', 0, 0, 'Purchessed', 0, 0, '0.00', '0.00', '84137091'),
(971, 'DT 33', 'DT 33', 1, 4, '52', 1, 0, '0.00000000', '0.00000000', 0, 0, 'Purchessed', 0, 0, '0.00', '0.00', '84137010'),
(972, 'HD 2017 / SZ With Motor', 'HD 2017 / SZ With Motor', 7, 28, '66', 3, 0, '0.00000000', '0.00000000', 0, 0, 'Purchessed/Manufactured', 0, 0, '0.00', '0.00', '84137091'),
(973, 'CN 125 400 G1 S2 L3', 'CN 125 400 G1 S2 L3', 1, 1, '1', 1, 0, '0.00000000', '0.00000000', 0, 0, 'Purchessed', 0, 0, '0.00', '0.00', '84137010'),
(974, 'CN 125 400 With Motor', 'CN 125 400 With Motor', 7, 26, '62', 3, 0, '0.00000000', '0.00000000', 0, 0, 'Purchessed/Manufactured', 0, 0, '0.00', '0.00', ''),
(975, 'CCR 25 125 With Motor', 'CCR 25 125 With Motor', 7, 26, '63', 3, 0, '0.00000000', '0.00000000', 0, 0, 'Purchessed/Manufactured', 0, 0, '0.00', '0.00', '84137091'),
(976, 'TGL 047 2 V', 'TGL 047 2 V', 1, 1, '67', 1, 1, '12440.00000000', '12440.00000000', 0, 1, 'Purchessed', 1, 1, '12500.00', '1.10', '84136010'),
(977, 'Pump Casing WV 01 L/40', 'Pump Casing WV 01 L/40', 6, 18, '68', 1, 0, '0.00000000', '0.00000000', 0, 0, 'Purchessed', 0, 0, '0.00', '0.00', '84139120'),
(978, 'Stationary Part 1.375', 'Stationary Part 1.375 ', 6, 17, '16', 1, 0, '0.00000000', '0.00000000', 0, 0, 'Purchessed', 0, 0, '0.00', '0.00', '84139120'),
(979, 'Rotary Part 1.375', 'Rotay Part 1.375', 6, 17, '16', 1, 0, '0.00000000', '0.00000000', 0, 0, 'Purchessed', 0, 0, '0.00', '0.00', '84842000'),
(980, 'FRE 80 170 With Motor', 'FRE 80 170 With Motor', 7, 26, '69', 1, 0, '0.00000000', '0.00000000', 0, 0, 'Purchessed/Manufactured', 0, 0, '0.00', '0.00', '84137091'),
(981, 'CCR 40 250 With Motor', 'CCR 40 250 With Motor', 7, 26, '63', 1, 0, '0.00000000', '0.00000000', 0, 0, 'Purchessed/Manufactured', 0, 0, '0.00', '0.00', '84137091'),
(982, 'ED 01', 'ED 01', 1, 3, '24', 1, 9, '3400.00000000', '30600.00000000', 0, 0, 'Purchessed', 1, 1, '3400.00', '1.10', '84135010'),
(983, 'Rotor Set R 50 SL', 'Rotor Set R 50 SL', 6, 15, '78', 1, 0, '0.00000000', '0.00000000', 0, 0, 'Purchessed', 0, 0, '0.00', '0.00', '84139190'),
(984, 'Shaft HE 120', 'Shaft HE 120', 6, 17, '33', 1, 0, '0.00000000', '0.00000000', 0, 0, 'Purchessed/Manufactured', 1, 1, '0.00', '0.00', '84139120'),
(985, 'Pump Casing KGEN 16 3', 'Pump Casing KGEN 16 3', 6, 16, '11', 1, 0, '0.00000000', '0.00000000', 0, 0, 'Purchessed', 0, 0, '0.00', '0.00', '84139120'),
(986, 'WW 201', 'WW 201', 1, 4, '52', 1, 0, '0.00000000', '0.00000000', 0, 0, 'Purchessed', 0, 0, '0.00', '0.00', '84137010'),
(987, 'CN 32 200 G1 S2 L3 With Motor', 'CN 32 200 G1 S2 L3 With Motor', 7, 26, '62', 3, 0, '0.00000000', '0.00000000', 0, 0, 'Purchessed/Manufactured', 0, 0, '0.00', '0.00', '84137091'),
(988, 'CBR 25 125 R4', 'CBR 25 125 R4', 1, 1, '61', 1, 1, '18710.00000000', '18710.00000000', 0, 1, 'Purchessed', 1, 1, '18710.00', '1.10', '84137010'),
(989, 'MCH / MCV 14', 'MCH / MCV 14', 1, 1, '3', 1, 1, '24098.00000000', '24098.00000000', 0, 1, 'Purchessed', 1, 1, '24098.00', '1.10', '84137010'),
(990, 'CCR 40 250 R6 S2 L3', 'CCR 40 250 R6A/R6  S2 L3', 1, 1, '2', 1, 1, '61162.00000000', '61162.00000000', 0, 1, 'Purchessed', 1, 1, '61162.00', '1.10', '84137091'),
(991, 'CCR 40C 160 R6 S2 L3', 'CCR 40C 160 R6 S2 L3', 1, 1, '2', 1, 1, '28671.00000000', '28671.00000000', 0, 1, 'Purchessed', 1, 1, '28671.00', '1.10', '84137091'),
(992, 'CCR 65 250 R1 S2 L3', 'CCR 65 250 R1 S2 L3', 1, 1, '2', 1, 1, '25243.00000000', '25243.00000000', 0, 1, 'Purchessed', 1, 1, '25243.00', '1.10', '84137091'),
(993, 'CN 40 125 G1 S2 L3', 'CN 40 125 G1 S2 L3', 1, 1, '1', 1, 1, '10802.00000000', '10802.00000000', 0, 1, 'Purchessed', 1, 1, '10802.00', '1.10', '84137010'),
(994, 'CN 40 200 G1 S2 L1', 'CN 40 200 G1 S2 L1', 1, 1, '1', 1, 2, '10282.00000000', '20564.00000000', 0, 1, 'Purchessed', 1, 1, '10282.00', '1.10', '84137010'),
(995, 'CN 65 250 G1 S2 L3', 'CN 65 250 G1 S2 L3', 1, 1, '1', 1, 1, '16686.00000000', '16686.00000000', 0, 1, 'Purchessed', 1, 1, '16686.00', '1.10', '84137010'),
(996, 'Sealing Ring (12) HD 2017', 'Sealing Ring (12) HD 2017', 6, 19, '70', 1, 0, '0.00000000', '0.00000000', 0, 0, 'Purchessed', 0, 0, '0.00', '0.00', '84139190'),
(997, 'Valve Cage (16) HD 2017', 'Valve Cage (16) HD 2017', 6, 19, '70', 1, 0, '0.00000000', '0.00000000', 0, 0, 'Purchessed', 0, 0, '0.00', '0.00', '84139190'),
(999, 'Liquid Head (1) HD 2017', 'Liquid Head (1) HD 2017', 6, 19, '70', 1, 0, '0.00000000', '0.00000000', 0, 0, 'Purchessed', 0, 0, '0.00', '0.00', '84139190'),
(1001, 'Hose Nipple (18) HD 2017', 'Hose Nipple (18) HD 2017', 6, 19, '70', 1, 0, '0.00000000', '0.00000000', 0, 0, 'Purchessed', 0, 0, '0.00', '0.00', '84139190'),
(1002, 'Plain Washer (33) HD 2017', 'Plain Washer (33) HD 2017', 6, 19, '70', 1, 0, '0.00000000', '0.00000000', 0, 0, 'Purchessed', 0, 0, '0.00', '0.00', '84139190'),
(1003, 'Allen Bolt (35) HD 2017', 'Allen Bolt (35) HD 2017', 6, 19, '70', 1, 0, '0.00000000', '0.00000000', 0, 0, 'Purchessed', 0, 0, '0.00', '0.00', '84139190'),
(1004, 'Circlip ', 'Circlip ', 6, 19, '70', 1, 0, '0.00000000', '0.00000000', 0, 0, 'Purchessed', 0, 0, '0.00', '0.00', '84139190'),
(1005, 'SL Guide (37) HD 2017', 'SL Guide (37) HD 2017', 6, 19, '70', 1, 0, '0.00000000', '0.00000000', 0, 0, 'Purchessed', 0, 0, '0.00', '0.00', '84139190'),
(1006, 'Allen Bolt (38) HD 2017', 'Allen Bolt (38) HD 2017', 6, 19, '70', 1, 0, '0.00000000', '0.00000000', 0, 0, 'Purchessed', 0, 0, '0.00', '0.00', '84139190'),
(1007, 'Circlip MCH 14b 5 ', 'Circlip MCH 14b 5', 6, 16, '29', 1, 0, '0.00000000', '0.00000000', 0, 0, 'Purchessed', 0, 0, '0.00', '0.00', '84139120'),
(1008, 'Nail 1\"', 'Nail 1\"', 5, 30, '38', 8, 0, '0.00000000', '0.00000000', 0, 0, 'Purchessed', 500, 1000, '0.00', '0.00', ''),
(1009, 'Top Cover (44) HD 2017', 'Top Cover (44) HD 2017', 6, 19, '70', 1, 0, '0.00000000', '0.00000000', 0, 0, 'Purchessed', 0, 0, '0.00', '0.00', '84139190'),
(1010, 'SL Screw (45) HD 2017', 'SL Screw (45) HD 2017', 6, 19, '70', 1, 0, '0.00000000', '0.00000000', 0, 0, 'Purchessed', 0, 0, '0.00', '0.00', '84139190'),
(1011, 'SL Indicator (46) HD 2017', 'SL Indicator (46) HD 2017', 6, 19, '70', 1, 0, '0.00000000', '0.00000000', 0, 0, 'Purchessed', 0, 0, '0.00', '0.00', '84139190'),
(1012, 'Grubs Screw (49) HD 2017', 'Grubs Screw (49) HD 2017', 6, 19, '70', 1, 0, '0.00000000', '0.00000000', 0, 0, 'Purchessed', 0, 0, '0.00', '0.00', '84139190'),
(1013, 'Barrel (50) HD 2017', 'Barrel (50) HD 2017', 6, 19, '70', 1, 0, '0.00000000', '0.00000000', 0, 0, 'Purchessed', 0, 0, '0.00', '0.00', '84139190'),
(1014, 'Valve Seat (13) HD 2017', 'Valve Seat (13) HD 2017', 6, 19, '70', 1, 0, '0.00000000', '0.00000000', 0, 0, 'Purchessed', 0, 0, '0.00', '0.00', '84139190'),
(1015, 'GI Bolt 6 X 25 MM', 'GI Bolt 6 X 25 MM', 5, 30, '43', 1, 0, '0.00000000', '0.00000000', 0, 0, 'Purchessed', 20, 50, '0.00', '0.00', ''),
(1016, 'GI Bolt 6 X35 MM', 'GI Bolt 6 X 35 MM', 5, 30, '43', 1, 0, '0.00000000', '0.00000000', 0, 0, 'Purchessed', 20, 50, '0.00', '0.00', ''),
(1017, 'GI Bolt 8 X 25 MM', 'GI Bolt 8 X 25 MM', 5, 30, '43', 1, 0, '0.00000000', '0.00000000', 0, 0, 'Purchessed', 20, 50, '0.00', '0.00', ''),
(1018, 'GI Bolt 8 X 35 MM', 'GI Bolt 8 X 35 MM', 5, 30, '43', 1, 0, '0.00000000', '0.00000000', 0, 0, 'Purchessed', 0, 0, '0.00', '0.00', ''),
(1019, 'GI Bolt 8 X 50 MM', 'GI Bolt 8 X 50 MM', 5, 30, '43', 1, 0, '0.00000000', '0.00000000', 0, 0, 'Purchessed', 0, 0, '0.00', '0.00', ''),
(1020, 'GI Bolt 10 X 25 MM', 'GI Bolt 10 X 25 MM', 5, 30, '43', 1, 0, '0.00000000', '0.00000000', 0, 0, 'Purchessed', 0, 0, '0.00', '0.00', ''),
(1021, 'GI Bolt 10 X 35 MM', 'GI Bolt 10 X 35 MM', 5, 30, '43', 1, 0, '0.00000000', '0.00000000', 0, 0, 'Purchessed', 0, 0, '0.00', '0.00', ''),
(1022, 'GI Bolt 10 X 50 MM', 'GI Bolt 10 X 50 MM', 5, 30, '43', 1, 0, '0.00000000', '0.00000000', 0, 0, 'Purchessed', 0, 0, '0.00', '0.00', ''),
(1023, 'GI Bolt 12 X 25 MM', 'GI Bolt 12 X 25 MM', 5, 30, '43', 1, 0, '0.00000000', '0.00000000', 0, 0, 'Purchessed', 0, 0, '0.00', '0.00', ''),
(1024, 'GI Bolt 12 X 35 MM', 'GI Bolt 12 X 35 MM', 5, 30, '43', 1, 0, '0.00000000', '0.00000000', 0, 0, 'Purchessed', 0, 0, '0.00', '0.00', ''),
(1025, 'GI Bolt 12 X 50 MM', 'GI Bolt 12 X 50 MM', 5, 30, '43', 1, 0, '0.00000000', '0.00000000', 0, 0, 'Purchessed', 0, 0, '0.00', '0.00', ''),
(1026, 'GI Bolt 16 X 50 MM', 'GI Bolt 16 X 50 MM', 5, 30, '43', 1, 0, '0.00000000', '0.00000000', 0, 0, 'Purchessed', 0, 0, '0.00', '0.00', ''),
(1027, 'GI Bolt 16 X 75 MM', 'GI Bolt 16 X 75 MM', 5, 30, '43', 1, 0, '0.00000000', '0.00000000', 0, 0, 'Purchessed', 0, 0, '0.00', '0.00', ''),
(1028, 'GI Nut 6 MM', 'GI Nut 6 MM', 5, 30, '43', 1, 0, '0.00000000', '0.00000000', 0, 0, 'Purchessed', 0, 0, '0.00', '0.00', ''),
(1029, 'GI Nut 8 MM', 'GI Nut 8 MM', 5, 30, '43', 1, 0, '0.00000000', '0.00000000', 0, 0, 'Purchessed', 0, 0, '0.00', '0.00', ''),
(1030, 'GI Nut 10 MM', 'GI Nut 10 MM', 5, 30, '43', 1, 0, '0.00000000', '0.00000000', 0, 0, 'Purchessed', 0, 0, '0.00', '0.00', ''),
(1031, 'GI Nut 12 MM', 'GI Nut 12 MM', 5, 30, '43', 1, 0, '0.00000000', '0.00000000', 0, 0, 'Purchessed', 0, 0, '0.00', '0.00', ''),
(1032, 'GI Nut 16 MM', 'GI Nut 16 MM', 5, 30, '43', 1, 0, '0.00000000', '0.00000000', 0, 0, 'Purchessed', 0, 0, '0.00', '0.00', ''),
(1033, 'GI Washer 6 MM', 'GI Washer 6 MM', 5, 30, '43', 1, 0, '0.00000000', '0.00000000', 0, 0, 'Purchessed', 0, 0, '0.00', '0.00', ''),
(1034, 'GI Washer 8 MM', 'GI Washer 8 MM', 5, 30, '43', 1, 0, '0.00000000', '0.00000000', 0, 0, 'Purchessed', 0, 0, '0.00', '0.00', ''),
(1035, 'GI Washer 10 MM', 'GI Washer 10 MM', 5, 30, '43', 1, 0, '0.00000000', '0.00000000', 0, 0, 'Purchessed', 0, 0, '0.00', '0.00', ''),
(1036, 'GI Washer 12 MM', 'GI Washer 12 MM', 5, 30, '43', 1, 0, '0.00000000', '0.00000000', 0, 0, 'Purchessed', 0, 0, '0.00', '0.00', ''),
(1037, 'GI Washer 16 MM', 'GI Washer 16 MM', 5, 30, '43', 1, 0, '0.00000000', '0.00000000', 0, 0, 'Purchessed', 0, 0, '0.00', '0.00', ''),
(1038, 'Channel 3\"', 'Channel 3\"', 5, 30, '38', 6, 0, '0.00000000', '0.00000000', 0, 0, 'Purchessed', 0, 0, '0.00', '0.00', ''),
(1039, 'Channel 4\"', 'Channel 4\"', 5, 30, '38', 6, 0, '0.00000000', '0.00000000', 0, 0, 'Purchessed', 0, 0, '0.00', '0.00', ''),
(1040, 'Angle 1.5\"', 'Angle 1.5\"', 5, 30, '38', 5, 0, '0.00000000', '0.00000000', 0, 0, 'Purchessed', 0, 0, '0.00', '0.00', ''),
(1041, 'MS Pattha 10 X 40 MM', 'MS Pattha 10 X 40 MM', 5, 30, '43', 5, 0, '0.00000000', '0.00000000', 0, 0, 'Purchessed', 0, 0, '0.00', '0.00', ''),
(1042, 'Paint Colour OX Blue', 'Paint Colour OX Blue', 5, 30, '43', 4, 0, '0.00000000', '0.00000000', 0, 0, 'Purchessed', 0, 0, '0.00', '0.00', ''),
(1043, 'Paint Colour Sky Blue', 'Paint Colour Sky Blue', 5, 30, '43', 4, 0, '0.00000000', '0.00000000', 0, 0, 'Purchessed', 0, 0, '0.00', '0.00', ''),
(1044, 'Paint Colour Black', 'Paint Colour Black', 5, 30, '43', 4, 0, '0.00000000', '0.00000000', 0, 0, 'Purchessed', 0, 0, '0.00', '0.00', ''),
(1045, 'Paint Red Oxide', 'Paint Red Oxide', 5, 30, '43', 4, 0, '0.00000000', '0.00000000', 0, 0, 'Purchessed', 0, 0, '0.00', '0.00', ''),
(1046, 'Paint Thiner', 'Paint Thiner', 5, 30, '43', 4, 0, '0.00000000', '0.00000000', 0, 0, 'Purchessed', 0, 0, '0.00', '0.00', ''),
(1047, 'Paint Brush 2\"', 'Paint Brush 2\"', 5, 30, '43', 1, 0, '0.00000000', '0.00000000', 0, 0, 'Purchessed', 0, 0, '0.00', '0.00', ''),
(1048, 'Name Plate STL', 'Name Plate STL', 5, 30, '43', 1, 0, '0.00000000', '0.00000000', 0, 0, 'Purchessed', 0, 0, '0.00', '0.00', ''),
(1049, 'Coupling Guard Sheet', 'Coupling Guard Sheet', 5, 30, '43', 7, 0, '0.00000000', '0.00000000', 0, 0, 'Purchessed', 0, 0, '0.00', '0.00', '7208'),
(1050, 'Base Frame Antico', 'Base Frame Antico', 5, 30, '38', 1, 0, '0.00000000', '0.00000000', 0, 0, 'Purchessed', 0, 0, '0.00', '0.00', '84139120'),
(1051, 'Bottom End Shield (02) 4DRR 40J / 32', 'Bottom End Shield (02) 4DRR 40J / 32', 6, 18, '73', 1, 0, '0.00000000', '0.00000000', 0, 0, 'Purchessed', 0, 0, '0.00', '0.00', '84139120'),
(1052, 'Top End Shield (03) 4DRR 40J / 32', 'Top End Shield (03) 4DRR 40J / 32', 6, 18, '73', 1, 0, '0.00000000', '0.00000000', 0, 0, 'Purchessed', 0, 0, '0.00', '0.00', '84139120'),
(1053, 'Suction Stand (04) 4DRR 40J / 32', 'Suction Stand (04) 4DRR 40J / 32', 6, 18, '73', 1, 0, '0.00000000', '0.00000000', 0, 0, 'Purchessed', 0, 0, '0.00', '0.00', '84139120'),
(1054, 'Casing Cover Plate (06) 4DRR 40J / 32', 'Casing Cover Plate (06) 4DRR 40J / 32', 6, 18, '73', 1, 0, '0.00000000', '0.00000000', 0, 0, 'Purchessed', 0, 0, '0.00', '0.00', '84139120'),
(1055, 'Spacer SS 410 4DRR 40J / 32', 'Spacer SS 410 4DRR 40J / 32', 6, 18, '73', 1, 0, '0.00000000', '0.00000000', 0, 0, 'Purchessed', 0, 0, '0.00', '0.00', '84139120'),
(1056, 'Adjusting Plate (07) 4DRR 40J / 32', 'Adjusting Plate (07) 4DRR 40J / 32', 6, 18, '73', 1, 0, '0.00000000', '0.00000000', 0, 0, 'Purchessed', 0, 0, '0.00', '0.00', '84139120'),
(1057, 'HC Alloy Impeller 4DRR 40J / 32', 'HC Alloy Impeller  4DRR 40J / 32', 6, 18, '73', 1, 0, '0.00000000', '0.00000000', 0, 0, 'Purchessed', 0, 0, '0.00', '0.00', '84139120'),
(1058, 'Cable Gland (10) 4DRR 40J / 32', 'Cable Gland (10) 4DRR 40J / 32', 6, 18, '73', 1, 0, '0.00000000', '0.00000000', 0, 0, 'Purchessed', 0, 0, '0.00', '0.00', '84139120'),
(1059, 'Neckring For Impeller (11) 4DRR 40J / 32', 'Necking For Impeller (11) 4DRR 40J / 32', 6, 18, '73', 1, 0, '0.00000000', '0.00000000', 0, 0, 'Purchessed', 0, 0, '0.00', '0.00', '84139120'),
(1060, 'Bearing Cover (11A) 4DRR 40J / 32', 'Bearing Cover (11A) 4DRR 40J / 32', 6, 18, '73', 1, 0, '0.00000000', '0.00000000', 0, 0, 'Purchessed', 0, 0, '0.00', '0.00', '84139120'),
(1061, 'Rotor Fitted Shaft (12/22) 4DRR 40J / 32', 'Rotor Fitted Shaft (12/22) 4DRR 40J / 32', 6, 18, '73', 1, 0, '0.00000000', '0.00000000', 0, 0, 'Purchessed', 0, 0, '0.00', '0.00', '84139120'),
(1062, 'Spacer For Agitator (12A) 4DRR 40J / 32', 'Spacer For Agitator (12A) 4DRR 40J / 32', 6, 18, '73', 1, 0, '0.00000000', '0.00000000', 0, 0, 'Purchessed', 0, 0, '0.00', '0.00', '84139120'),
(1063, 'Key For Impeller & Agitator (13) 4DRR 40J / 32', 'Key For Impeller & Agitator (13) 4DRR 40J / 32', 6, 18, '73', 1, 0, '0.00000000', '0.00000000', 0, 0, 'Purchessed', 0, 0, '0.00', '0.00', '84139120'),
(1064, 'Mechanical Seal  (14) 4DRR 40J / 32', 'Mechanical Seal  (14) 4DRR 40J / 32', 6, 18, '73', 1, 0, '0.00000000', '0.00000000', 0, 0, 'Purchessed', 0, 0, '0.00', '0.00', '84842000'),
(1065, 'Mechanical Seal Motor (15) 4DRR 40J / 32', 'Mechanical Seal Motor (15) 4DRR 40J / 32', 6, 18, '73', 1, 0, '0.00000000', '0.00000000', 0, 0, 'Purchessed', 0, 0, '0.00', '0.00', '84842000'),
(1066, 'Lock Nut For Agitator (18) 4DRR 40J / 32', 'Lock Nut For Agitator (18) 4DRR 40J / 32', 6, 18, '73', 1, 0, '0.00000000', '0.00000000', 0, 0, 'Purchessed', 0, 0, '0.00', '0.00', '84139120'),
(1067, 'Thermostat 80 Deg.  C (23A) 4DRR 40J / 32', 'Thermostat 80 Deg.  C (23A) 4DRR 40J / 32', 6, 18, '73', 1, 0, '0.00000000', '0.00000000', 0, 0, 'Purchessed', 0, 0, '0.00', '0.00', '84139120'),
(1068, 'Rubber Grommet (24 & 24A) 4DRR 40J / 32', 'Rubber Grommet (24 & 24A) 4DRR 40J / 32', 6, 18, '73', 1, 0, '0.00000000', '0.00000000', 0, 0, 'Purchessed', 0, 0, '0.00', '0.00', '84139120'),
(1069, 'Gasket & O Ring Set (41,26,27) 4DRR 40J / 32', 'Gasket & O Ring Set (41,26,27) 4DRR 40J / 32', 6, 18, '73', 1, 0, '0.00000000', '0.00000000', 0, 0, 'Purchessed', 0, 0, '0.00', '0.00', '84139120'),
(1070, 'Probe For Moisture Sensor (27A) 4DRR 40J / 32', 'Probe For Moisture Sensor (27A) 4DRR 40J / 32', 6, 18, '73', 1, 0, '0.00000000', '0.00000000', 0, 0, 'Purchessed', 0, 0, '0.00', '0.00', '84139120'),
(1071, 'Oil Plug (28) 4DRR 40J / 32', 'Oil Plug (28) 4DRR 40J / 32', 6, 18, '73', 1, 0, '0.00000000', '0.00000000', 0, 0, 'Purchessed', 0, 0, '0.00', '0.00', '84139120'),
(1072, 'Eye Bolt (31) 4DRR 40J / 32', 'Eye Bolt (31) 4DRR 40J / 32', 6, 18, '73', 1, 0, '0.00000000', '0.00000000', 0, 0, 'Purchessed', 0, 0, '0.00', '0.00', '84139120'),
(1073, 'Agitator (40) 4DRR 40J / 32', 'Agitator (40) 4DRR 40J / 32', 6, 18, '73', 1, 0, '0.00000000', '0.00000000', 0, 0, 'Purchessed', 0, 0, '0.00', '0.00', '84139120'),
(1074, 'Control Panel 4DRR 40J / 32', 'Control Panel 4DRR 40J / 32', 6, 18, '73', 1, 0, '0.00000000', '0.00000000', 0, 0, 'Purchessed', 0, 0, '0.00', '0.00', '85371000'),
(1075, 'CT 50C 160 NG1 M5 L1', 'CT 50C 160 NG1 M5 L1', 1, 1, '74', 1, 0, '0.00000000', '0.00000000', 0, 0, 'Purchessed', 0, 0, '0.00', '0.00', '84137091'),
(1076, 'Bearing 6306 CCR 50 160', 'Bearing 6306 CCR 50 160', 6, 16, '25', 1, 6, '1261.00000000', '7566.00000000', 0, 0, 'Purchessed', 1, 1, '1261.00', '1.10', '84821020'),
(1077, 'Bearing Bush CCR 50C 160', 'Bearing Bush CCR 50C 160', 6, 16, '25', 1, 0, '0.00000000', '0.00000000', 0, 0, 'Purchessed/Manufactured', 0, 0, '0.00', '0.00', '84139120'),
(1078, 'Bearing Cover CCR 50C 160', 'Bearing Cover CCR 50C 160', 6, 16, '25', 1, 4, '750.00000000', '3000.00000000', 0, 0, 'Purchessed', 1, -1, '750.00', '1.10', '84139120'),
(1079, 'Bearing Cover CN 100 160 L1', 'Bearing Cover CN 100 160 L1', 6, 16, '13', 1, 1, '2000.00000000', '2000.00000000', 0, 0, 'Purchessed', 1, 1, '2000.00', '1.10', '84139120'),
(1081, 'Bearing Lock Nut CCR 50C 160', 'Bearing Lock Nut CCR 50C 160', 6, 16, '25', 1, 2, '500.00000000', '1000.00000000', 0, 0, 'Purchessed', 1, 1, '500.00', '1.10', '84139120'),
(1082, 'Bush For Gland CCR 32 To 50 -125, 32 To 50 -160,32 To 50 -200', 'Bush For Gland CCR 32 To 50 -125, 32 To 50 -160,32', 6, 16, '25', 1, 2, '500.00000000', '1000.00000000', 0, 0, 'Purchessed', 0, 0, '500.00', '1.10', '84139120'),
(1083, 'Bush For Gland CN 100 400', 'Bush For Gland CN 100 400', 6, 16, '13', 1, 2, '1620.00000000', '3240.00000000', 0, 0, 'Purchessed', 1, 1, '1620.00', '1.10', '84139120'),
(1084, 'CT 50C 160 With Motor', 'CT 50C 160 With Motor', 7, 26, '76', 1, 0, '0.00000000', '0.00000000', 0, 0, 'Purchessed/Manufactured', 0, 0, '0.00', '0.00', '84137091'),
(1085, 'Casing Bolt CCR 50C 160', 'Casing Bolt CCR 50C 160', 6, 16, '25', 1, 16, '100.00000000', '1600.00000000', 0, 0, 'Purchessed', 1, 1, '100.00', '1.10', '84139120'),
(1087, 'Diffuser For J 52', 'Diffuser For J 52', 6, 18, '68', 1, 1, '4656.00000000', '4656.00000000', 0, 0, 'Purchessed', 1, 1, '4656.00', '1.10', '84139120'),
(1088, 'Gasket For TGH 58 80 ', 'Gasket For TGH 58 80 ', 6, 16, '77', 1, 2, '183.96000000', '367.92000000', 0, 0, 'Purchessed/Manufactured', 1, 1, '183.96', '1.10', '84139120'),
(1089, 'Gland Packing ', 'Gland Packing ', 6, 16, '13', 1, 1, '500.00000000', '500.00000000', 0, 0, 'Purchessed', 1, 1, '500.00', '1.10', '84139120'),
(1090, 'Grub Screw (0603) For TGH 58 80 ', 'Grub Screw (0603) For TGH 58 80 ', 6, 16, '77', 1, 25, '14.94000000', '373.50000000', 0, 0, 'Purchessed', 1, 1, '14.94', '1.10', '84139120'),
(1091, 'Grub Screw (0703) For TGH 58 80 ', 'Grub Screw (0703) For TGH 58 80 ', 6, 16, '77', 1, 25, '42.02000000', '1050.50000000', 0, 0, 'Purchessed', 1, 1, '42.02', '1.10', '84139120'),
(1092, 'Cabin Fan 150-4-DC- 12 Volt', 'Cabin Fan 150-4-DC- 12 Volt', 6, 37, '79', 1, 0, '0.00000000', '0.00000000', 0, 0, 'Purchessed', 0, 0, '0.00', '0.00', '84145190'),
(1093, 'Idler Bush For TGH 58 80', 'Idler Bush For TGH 58 80', 6, 16, '77', 1, 2, '1440.85000000', '2881.70000000', 0, 0, 'Purchessed', 1, 1, '1440.85', '1.10', '84139120'),
(1094, 'Idler For TGH 58 80', 'Idler For TGH 58 80', 6, 16, '77', 1, 1, '19320.32000000', '19320.32000000', 0, 0, 'Purchessed', 1, 1, '19320.32', '1.10', '84139120'),
(1096, 'PL 2017 Pump', 'PL 2017 Pump', 1, 3, '48', 1, 0, '0.00000000', '0.00000000', 0, 0, 'Purchessed', 0, 0, '0.00', '0.00', '84135010'),
(1097, 'PL 1011 Pump', 'PL 1011 Pump', 1, 3, '48', 1, 0, '0.00000000', '0.00000000', 0, 0, 'Purchessed', 0, 0, '0.00', '0.00', '84135010'),
(1099, 'NRV Ball PL 2017', 'NRV Ball PL 2017', 6, 19, '81', 1, 0, '0.00000000', '0.00000000', 0, 0, 'Purchessed', 0, 0, '0.00', '0.00', '84139190'),
(1100, 'NRV Ball PL 1011', 'NRV Ball PL 1011', 6, 19, '82', 1, 0, '0.00000000', '0.00000000', 0, 0, 'Purchessed', 0, 0, '0.00', '0.00', '84139190'),
(1101, 'Eccentric (30) PL 2017', 'Eccentric (30) PL 2017', 6, 19, '81', 1, 0, '0.00000000', '0.00000000', 0, 0, 'Purchessed', 0, 0, '0.00', '0.00', '84139190'),
(1102, 'Gasket Set PL 2017', 'Gasket Set PL 2017', 6, 19, '81', 3, 0, '0.00000000', '0.00000000', 0, 0, 'Purchessed', 0, 0, '0.00', '0.00', '84139190'),
(1103, 'Spring Dowel Pin (54) PL 2017', 'Spring Dowel Pin (54) PL 2017', 6, 19, '81', 3, 0, '0.00000000', '0.00000000', 0, 0, 'Purchessed', 0, 0, '0.00', '0.00', '84139190'),
(1104, 'Sealing Ring (14) PL 2017', 'Sealing Ring (14) PL 2017', 6, 19, '81', 1, 0, '0.00000000', '0.00000000', 0, 0, 'Purchessed', 0, 0, '0.00', '0.00', '84139190'),
(1105, 'Sealing Ring (12) PL 2017', 'Sealing Ring (12) PL 2017', 6, 19, '81', 1, 0, '0.00000000', '0.00000000', 0, 0, 'Purchessed', 0, 0, '0.00', '0.00', '84139190'),
(1106, 'Sealing Ring (17) PL 2017', 'Sealing Ring (17) PL 2017', 6, 19, '81', 1, 0, '0.00000000', '0.00000000', 0, 0, 'Purchessed', 0, 0, '0.00', '0.00', '84139190'),
(1107, 'Plunger Ring (2) PL 2017', 'Plunger Ring (2) PL 2017', 6, 19, '81', 1, 0, '0.00000000', '0.00000000', 0, 0, 'Purchessed', 0, 0, '0.00', '0.00', '84139190'),
(1108, 'Plunger Ring (4) PL 2017', 'Plunger Ring (4) PL 2017', 6, 19, '81', 1, 0, '0.00000000', '0.00000000', 0, 0, 'Purchessed', 0, 0, '0.00', '0.00', '84139190'),
(1109, 'Worm Shaft (67) PL 2017', 'Worm Shaft (67) PL 2017', 6, 19, '81', 1, 0, '0.00000000', '0.00000000', 0, 0, 'Purchessed', 0, 0, '0.00', '0.00', '84139190'),
(1110, 'Valve Seat (13) PL 2017', 'Valve Seat (13) PL 2017', 6, 19, '81', 1, 0, '0.00000000', '0.00000000', 0, 0, 'Purchessed', 0, 0, '0.00', '0.00', '84139190'),
(1111, 'Worm Wheel (56) PL 2017', 'Worm Wheel (56) PL 2017', 6, 19, '81', 1, 0, '0.00000000', '0.00000000', 0, 0, 'Purchessed', 0, 0, '0.00', '0.00', '84139190'),
(1112, 'CCR 25 160 With Motor ', 'CCR 25 160 With Motor ', 7, 26, '63', 3, 0, '0.00000000', '0.00000000', 0, 0, 'Purchessed/Manufactured', 0, 0, '0.00', '0.00', '84137091'),
(1113, 'Plunger (6) PL 2017', 'Plunger (6) PL 2017', 6, 19, '81', 1, 0, '0.00000000', '0.00000000', 0, 0, 'Purchessed', 0, 0, '0.00', '0.00', '84139190'),
(1114, 'Impeller For J52', 'Impeller For J52', 6, 18, '83', 1, 1, '3009.00000000', '3009.00000000', 0, 0, 'Purchessed', 1, 1, '3009.00', '1.10', '84139120'),
(1115, 'Coupling Key (2210) CCR 25-65 125, 25-50 160, 32-50 200', 'Coupling Key (2210) CCR 25-65 125, 25-50 160, 32-5', 6, 16, '25', 1, 4, '125.00000000', '500.00000000', 0, 0, 'Purchessed/Manufactured', 1, 1, '125.00', '1.10', '84139120'),
(1126, 'Lantern Piece CB 32 160', 'Lantern Piece CB 32 160', 6, 16, '80', 1, 1, '1782.00000000', '1782.00000000', 0, 0, 'Purchessed', 1, 1, '1782.00', '1.10', '84139120'),
(1127, 'Leg Guard With Bolt & Washer CCR 50 160', 'Leg Guard With Bolt & Washer CCR 50 160', 6, 16, '25', 1, 2, '500.00000000', '1000.00000000', 0, 0, 'Purchessed/Manufactured', 1, 1, '500.00', '1.10', '84139120'),
(1128, 'Mechanical Seal CCR 25 125 ', 'Mechanical Seal CCR 25 125 ', 6, 16, '25', 1, 2, '3022.00000000', '6044.00000000', 0, 0, 'Purchessed', 1, 1, '3022.00', '1.10', '84842000'),
(1129, 'Nilos Ring KGEN  12 5 To 16 6', 'Nilos Ring KGEN  12 5 To 16 6', 6, 16, '11', 1, 1, '25.00000000', '25.00000000', 0, 0, 'Purchessed', 1, 1, '25.00', '1.10', '84139120'),
(1131, 'Oil Leveller Antico ', 'Oil Leveller Antico ', 6, 17, '16', 1, 1, '980.00000000', '980.00000000', 0, 0, 'Purchessed', 1, 1, '980.00', '1.10', '84139120'),
(1132, 'Pump Casing CCR 50 200', 'Pump Casing CCR 50 200', 6, 16, '25', 1, 4, '27661.00000000', '110644.00000000', 0, 0, 'Purchessed', 1, 1, '27661.00', '1.10', '84139120'),
(1133, 'Rotor For TGH 58 80', 'Rotor For TGH 58 80', 6, 16, '77', 1, 1, '47819.89000000', '47819.89000000', 0, 0, 'Purchessed', 1, 1, '47819.89', '1.10', '84139120'),
(1134, 'Rotor/ Gasket TIGGM Pump', 'Rotor/Gasket TIGGM Pump', 6, 15, '20', 3, 1, '49324.14000000', '49324.00000000', 0, 0, 'Purchessed', 1, 1, '49324.14', '1.10', '84139190'),
(1135, 'Shaft TGH  58 80', 'Shaft TGH  58 80', 6, 16, '77', 1, 1, '11469.86000000', '11469.86000000', 0, 0, 'Purchessed', 1, 1, '11469.86', '1.10', '84139120'),
(1138, 'Star Washer CCR 50C 160', 'Star Washer CCR 50C 160', 6, 16, '25', 1, 2, '200.00000000', '400.00000000', 0, 0, 'Purchessed', 1, 1, '200.00', '1.10', '84139120'),
(1139, 'Stuffing Box (0110) CCR 32 To 50 160', 'Stuffing Box (0110) CCR 32 To 50 160', 6, 16, '25', 1, 1, '2000.00000000', '2000.00000000', 0, 0, 'Purchessed', 1, 1, '2000.00', '1.10', '84139120'),
(1140, 'Wear Ring CCR 32 160', 'Wear Ring CCR 32 160', 6, 16, '25', 1, 1, '1424.00000000', '1424.00000000', 0, 0, 'Purchessed', 1, 1, '1424.00', '1.10', '84139120'),
(1141, 'Window Cover KGEN 11 3', 'Window Cover KGEN 11 3', 6, 16, '11', 1, 5, '180.00000000', '900.00000000', 0, 0, 'Purchessed', 1, 1, '180.00', '1.10', '84139120'),
(1142, 'Shaft HE 100 CT', 'Shaft HE 100 CT', 6, 17, '33', 1, 0, '0.00000000', '0.00000000', 0, 0, 'Purchessed/Manufactured', 0, 0, '0.00', '0.00', '84139120'),
(1143, 'HPG 3E Pump', 'HPG 3E Pump', 1, 2, '7', 1, 0, '0.00000000', '0.00000000', 0, 0, 'Purchessed', 0, 0, '0.00', '0.00', '84131990'),
(1144, '10 HP/ 1500 RPM Siemens', '10 HP/ 1500 RPM Siemens', 3, 13, '86', 1, 2, '0.00000000', '0.00000000', 0, 1, 'Purchessed', 0, 0, '0.00', '0.00', '85015110'),
(1145, '7.5 HP / 3000 RPM REMI', '7.5 HP / 3000 RPM REMI', 3, 8, '5', 1, 1, '0.00000000', '0.00000000', 0, 1, 'Purchessed', 0, 0, '0.00', '0.00', '85015210'),
(1148, 'RT 10 Gear Pump', 'RT 10 Gear Pump', 1, 2, '7', 1, 3, '2313.36000000', '6940.00000000', 0, 1, 'Purchessed', 1, 1, '2313.36', '1.10', '84131990'),
(1149, 'RT 10 F Gear Pump', 'RT 10 F Gear Pump', 1, 2, '7', 1, 2, '2313.36000000', '4627.00000000', 0, 1, 'Purchessed', 0, 0, '2313.36', '1.10', '84131990'),
(1150, 'Wear Plate KGEN 21 8', 'Wear Plate KGEN 21 8', 6, 16, '11', 1, 1, '1496.00000000', '1496.00000000', 0, 0, 'Purchessed', 1, 1, '1496.00', '1.10', '84139120'),
(1151, '1 HP / 1500 RPM CGL ', '1 HP / 1500 RPM CGL ', 3, 35, '58', 1, 2, '4209.00000000', '8418.00000000', 0, 1, 'Purchessed', 1, 1, '4209.00', '1.10', '85012000'),
(1152, 'SS 316 Rod ( OD 32 Mm )  ', 'SS 316 Rod ( OD 32 Mm )  ', 5, 30, '38', 6, 0, '0.00000000', '0.00000000', 0, 0, 'Purchessed/Manufactured', 0, 0, '0.00', '0.00', ''),
(1155, 'T3 S 20 Pump', 'T3 S 20 Pump', 1, 2, '8', 1, 0, '0.00000000', '0.00000000', 0, 0, 'Purchessed', 0, 0, '0.00', '0.00', '84131990'),
(1156, 'TUFP 088', 'TUFP 088', 1, 2, '9', 1, 0, '0.00000000', '0.00000000', 0, 0, 'Purchessed', 0, 0, '0.00', '0.00', '84131990'),
(1157, 'Mechanical Seal  CB 200 200', 'Mechanical Seal  CB 200 200', 6, 16, '80', 1, -4, '0.00000000', '0.00000000', 0, 0, 'Purchessed', 0, 0, '0.00', '0.00', '84842000'),
(1158, 'AFP 050', 'AFP 050', 5, 30, '38', 1, 4, '194.00000000', '776.00000000', 0, 0, 'Purchessed', 1, 1, '194.00', '1.10', ''),
(1159, 'CCR 50 200 With Motor', 'CCR 50 200 With Motor', 7, 26, '63', 3, 0, '0.00000000', '0.00000000', 0, 0, 'Purchessed/Manufactured', 0, 0, '0.00', '0.00', '84137091'),
(1160, 'Back Plate EXP 160 CT', 'Back Plate EXP 160 CT', 6, 17, '16', 1, 4, '1800.00000000', '7200.00000000', 0, 0, 'Purchessed', 1, 1, '1800.00', '1.10', '84139120'),
(1161, 'Bearing ', 'Bearing ', 5, 30, '38', 1, 4, '120.60000000', '482.40000000', 0, 0, 'Purchessed', 1, 1, '120.60', '1.10', '84821020'),
(1162, 'Adapter Flange HE 120/HE 130 CT', 'Adapter Flange HE 120/HE 130 CT', 6, 17, '33', 1, 3, '25.00000000', '75.00000000', 0, 0, 'Purchessed', 1, 1, '25.00', '1.10', '84139120'),
(1163, 'Casing Plug SS (0310,0320) CCR', 'Casing Plug SS (0310,0320) CCR', 6, 16, '25', 1, 4, '75.00000000', '300.00000000', 0, 0, 'Purchessed', 0, 0, '75.00', '1.10', '84139120'),
(1164, 'CN 100 250 With Motor', 'CN 100 250 With Motor', 7, 26, '62', 1, 0, '0.00000000', '0.00000000', 0, 1, 'Purchessed/Manufactured', 0, 0, '0.00', '0.00', ''),
(1166, 'FRE 80 210', 'FRE 80 210', 1, 1, '89', 1, 0, '0.00000000', '0.00000000', 0, 1, 'Purchessed', 0, 0, '0.00', '0.00', '84137091'),
(1167, 'CN 125 400 G6 S2 L3', 'CN 125 400 G6 S2 L3', 1, 1, '1', 1, 0, '0.00000000', '0.00000000', 0, 1, 'Purchessed', 0, 0, '0.00', '0.00', '84137010'),
(1168, 'CCR 25 125 R4 M2 L3', 'CCR 25 125 R4 M2 L3', 1, 1, '2', 1, 0, '0.00000000', '0.00000000', 0, 1, 'Purchessed', 0, 0, '0.00', '0.00', '84137091'),
(1169, 'CCR 40 200 R6L M2 L3', 'CCR 40 200 R6L M2 L3', 1, 1, '2', 1, 0, '0.00000000', '0.00000000', 0, 1, 'Purchessed', 0, 0, '0.00', '0.00', '84137091'),
(1170, 'CCR 32 125 R4 S2 L3', 'CCR 32 125 R4 S2 L3', 1, 1, '2', 1, 0, '0.00000000', '0.00000000', 0, 1, 'Purchessed', 0, 0, '0.00', '0.00', '84137091'),
(1171, 'CB 80 200 G1  With Motor', 'CB 80 200 G1 With Motor', 7, 26, '62', 3, 0, '0.00000000', '0.00000000', 0, 1, 'Purchessed/Manufactured', 0, 0, '0.00', '0.00', ''),
(1172, 'Other Johnson CCR Pump', 'Other Johnson CCR Pump', 1, 1, '2', 1, 0, '0.00000000', '0.00000000', 0, 1, 'Purchessed', 0, 0, '0.00', '0.00', '84137091'),
(1173, 'Locating Flange 1.375\" ', 'Locating Flange 1.375\" ', 6, 17, '16', 1, 2, '1137.00000000', '2274.00000000', 0, 0, 'Purchessed', 1, 1, '1137.00', '1.10', '84139120'),
(1174, 'Locating Flange 1.375\" Hylam  ', 'Locating Flange 1.375\" Hylam  ', 6, 17, '33', 1, 1, '1137.00000000', '1137.00000000', 0, 0, 'Purchessed', 1, 1, '1137.00', '1.10', '84139120'),
(1175, 'CCR 125 315 R1A S2 L6', 'CCR 125 315 R1A S2 L6', 1, 1, '2', 1, 1, '94935.00000000', '94935.00000000', 0, 1, 'Purchessed', 1, 1, '94935.00', '1.10', '84137091'),
(1176, 'Coupling Other', 'Coupling Other', 5, 30, '38', 1, 0, '0.00000000', '0.00000000', 0, 0, 'Purchessed', 0, 0, '0.00', '0.00', '8483'),
(1177, 'Coupling L 070', 'Coupling L 070', 5, 30, '38', 1, 0, '0.00000000', '0.00000000', 0, 0, 'Purchessed', 3, 5, '0.00', '0.00', '8483'),
(1178, 'Stub Shaft CB 32 160', 'Stub Shaft CB 32 160', 6, 16, '80', 1, 0, '0.00000000', '0.00000000', 0, 0, 'Purchessed', 0, 0, '0.00', '0.00', '84139120'),
(1179, 'Stuffing Box (0110 ) CN 32 To 50 - 250 ', 'Stuffing Box (0110 ) CN 32 to 50 - 250 ', 6, 16, '13', 1, 0, '0.00000000', '0.00000000', 0, 0, 'Purchessed', 0, 0, '0.00', '0.00', '84139120'),
(1180, 'Wear Ring (0130) CCR 40c 160 ', 'Wear Ring (0130) CCR 40c 160 ', 6, 16, '25', 1, 0, '0.00000000', '0.00000000', 0, 0, 'Purchessed', 0, 0, '0.00', '0.00', '84139120'),
(1181, 'CI Impeller CN 32 160 ', 'CI Impeller CN 32 160 ', 6, 16, '13', 1, 0, '0.00000000', '0.00000000', 0, 0, 'Purchessed', 0, 0, '0.00', '0.00', '84139120'),
(1182, 'Bearing Housing Others Johnson', 'Bearing Housing Others Johnson', 6, 16, '13', 1, 0, '0.00000000', '0.00000000', 0, 0, 'Purchessed', 0, 0, '0.00', '0.00', '84139120'),
(1183, 'CI Impeller CN 100 160 ', 'CI Impeller CN 100 160 ', 6, 16, '13', 1, 0, '0.00000000', '0.00000000', 0, 0, 'Purchessed', 0, 0, '0.00', '0.00', '84139120'),
(1185, 'Welding Rod', 'Welding Rod', 5, 30, '43', 11, 0, '0.00000000', '0.00000000', 0, 0, 'Purchessed', 0, 0, '0.00', '0.00', ''),
(1186, 'CCR 65 315 With Motor', 'CCR 65 315 With Motor', 7, 26, '63', 1, 0, '0.00000000', '0.00000000', 0, 0, 'Purchessed/Manufactured', 0, 0, '0.00', '0.00', '84137091'),
(1187, 'J 2004', 'J 2004', 1, 4, '53', 1, 2, '0.00000000', '0.00000000', 0, 0, 'Purchessed', 1, 1, '0.00', '0.00', '84137010'),
(1188, 'KGEN 22 6 G1', 'KGEN 22 6 G1', 1, 1, '21', 1, 0, '0.00000000', '0.00000000', 0, 0, 'Purchessed', 0, 0, '0.00', '0.00', '84137010'),
(1189, 'SS Impeller CCR 50 200 R6A ', 'SS Impeller CCR 50 200 R6A', 6, 16, '25', 1, 0, '0.00000000', '0.00000000', 0, 0, 'Purchessed', 0, 0, '0.00', '0.00', '84139120'),
(1190, 'FRE 50 205 ', 'FRE 50 205 ', 1, 1, '89', 1, 0, '0.00000000', '0.00000000', 0, 1, 'Purchessed', 0, 0, '0.00', '0.00', '84137091'),
(1191, 'SS 304 Rod ( OD 45mm )', 'SS 304 Rod ( OD 45mm )', 5, 30, '38', 6, 0, '0.00000000', '0.00000000', 0, 0, 'Purchessed', 0, 0, '0.00', '0.00', ''),
(1192, 'SS 316 Rod ( OD 36 Mm )', 'SS 316 Rod ( OD 36 mm ) ', 5, 30, '38', 6, 0, '0.00000000', '0.00000000', 0, 0, 'Purchessed', 0, 0, '0.00', '0.00', ''),
(1193, 'Mechanical Seal 35 Mm', 'Mechanical Seal 35 mm', 6, 16, '25', 1, 0, '0.00000000', '0.00000000', 0, 0, 'Purchessed', 0, 0, '0.00', '0.00', '84842000'),
(1194, 'Gland Plate', 'Gland Plate', 6, 17, '33', 1, 0, '0.00000000', '0.00000000', 0, 0, 'Purchessed', 0, 0, '0.00', '0.00', '84139120'),
(1195, '3 HP / 3000 RPM SIEMENS', '3 HP / 3000 RPM SIEMENS', 3, 13, '86', 1, 0, '0.00000000', '0.00000000', 0, 0, 'Purchessed', 0, 0, '0.00', '0.00', '85015110'),
(1197, 'CCR 32 125 With Motor', 'CCR 32 125 With Motor', 7, 26, '63', 3, 0, '0.00000000', '0.00000000', 0, 0, 'Purchessed/Manufactured', 0, 0, '0.00', '0.00', '84137091'),
(1198, 'Suction Plate CL-120MM/16', 'Suction Plate CL-120MM/16', 6, 18, '91', 1, 0, '0.00000000', '0.00000000', 0, 0, 'Purchessed', 0, 0, '0.00', '0.00', '84139120'),
(1199, 'Impeller CL-25J/16', 'Impeller CL-25J/16', 6, 18, '91', 1, 0, '0.00000000', '0.00000000', 0, 0, 'Purchessed', 0, 0, '0.00', '0.00', '84139120'),
(1200, 'Casing CL-25J/16', 'Casing CL-25J/16', 6, 18, '91', 1, 0, '0.00000000', '0.00000000', 0, 0, 'Purchessed', 0, 0, '0.00', '0.00', '84139120'),
(1201, 'Casing CL-30J/16', 'Casing CL-30J/16', 6, 18, '91', 1, 0, '0.00000000', '0.00000000', 0, 0, 'Purchessed', 0, 0, '0.00', '0.00', '84139120'),
(1202, 'Casing CL-120MM/16', 'Casing CL-120MM/16', 6, 18, '91', 1, 0, '0.00000000', '0.00000000', 0, 0, 'Purchessed', 0, 0, '0.00', '0.00', '84139120'),
(1203, 'Impeller CL-30J/16', 'Impeller CL-30J/16', 6, 18, '91', 1, 0, '0.00000000', '0.00000000', 0, 0, 'Purchessed', 0, 0, '0.00', '0.00', '84139120'),
(1204, 'CB 32 160 With Motor', 'CB 32 160  With Motor', 7, 26, '92', 3, 0, '0.00000000', '0.00000000', 0, 0, 'Purchessed/Manufactured', 0, 0, '0.00', '0.00', ''),
(1205, 'Impeller CL-120MM/16', 'Impeller CL-120MM/16', 6, 18, '91', 1, 0, '0.00000000', '0.00000000', 0, 0, 'Purchessed', 0, 0, '0.00', '0.00', '84139120'),
(1207, 'Impeller Cap Nut SS 316 (1820) CCR 32 To 65-125, 32 To 50-160, 32 To 50-200', 'Impeller Cap Nut SS 316 (1820) CCR 32 To 65-125, 3', 6, 16, '25', 1, 0, '0.00000000', '0.00000000', 0, 0, 'Purchessed', 0, 0, '0.00', '0.00', '84139120'),
(1208, 'R 20 DG With Motor', 'R 20 DG With Motor', 7, 22, '93', 1, 0, '0.00000000', '0.00000000', 0, 0, 'Purchessed/Manufactured', 0, 0, '0.00', '0.00', ''),
(1209, '3 HP / 960 RPM FLP BBL', '3 HP / 960 RPM FLP BBL', 3, 7, '87', 1, 0, '0.00000000', '0.00000000', 0, 0, 'Purchessed', 0, 0, '0.00', '0.00', '85021927'),
(1210, 'WV 02L/40', 'WV 02L/40', 1, 4, '52', 1, 0, '0.00000000', '0.00000000', 0, 0, 'Purchessed', 0, 0, '0.00', '0.00', '84137010'),
(1211, 'Shaft EXP 50 CT / 55 ST / 160 CT', 'Shaft EXP 50 CT / 55 ST / 160 CT', 6, 17, '16', 1, 0, '0.00000000', '0.00000000', 0, 0, 'Purchessed/Manufactured', 0, 0, '0.00', '0.00', '84139120'),
(1212, 'SS 316 Rod ( OD 45mm )', 'SS 316 Rod ( OD 45mm )', 5, 30, '38', 6, 0, '0.00000000', '0.00000000', 0, 0, 'Purchessed/Manufactured', 0, 0, '0.00', '0.00', ''),
(1213, 'Adopter EXP 160 CT', 'Adopter EXP 160 CT', 6, 17, '16', 1, 0, '0.00000000', '0.00000000', 0, 0, 'Purchessed', 0, 0, '0.00', '0.00', '84139120'),
(1214, 'MS Pattha 6 X 40 MM ', 'MS Pattha 6 X 40 MM', 5, 30, '43', 5, 0, '0.00000000', '0.00000000', 0, 0, 'Purchessed', 0, 0, '0.00', '0.00', ''),
(1215, 'Bearing Housing EXP 160 CT', 'Bearing Housing EXP 160 CT', 6, 17, '16', 1, 0, '0.00000000', '0.00000000', 0, 0, 'Purchessed', 0, 0, '0.00', '0.00', '84139120'),
(1216, 'CI Impeller  CN 25 160 ', 'CI Impeller  CN 25 160 ', 6, 16, '13', 1, 0, '0.00000000', '0.00000000', 0, 0, 'Purchessed', 0, 0, '0.00', '0.00', '84139120');
INSERT INTO `items` (`id`, `name`, `alias`, `item_category_id`, `item_group_id`, `item_sub_group_id`, `unit_id`, `ob_quantity`, `ob_rate`, `ob_value`, `freeze`, `serial_number_enable`, `source`, `minimum_quantity`, `maximum_quantity`, `dynamic_cost`, `minimum_selling_price_factor`, `hsn_code`) VALUES
(1217, 'Shaft (2200) CCR 25 160', 'Shaft (2200) CCR 25 160', 6, 16, '25', 1, 0, '0.00000000', '0.00000000', 0, 0, 'Purchessed/Manufactured', 0, 0, '0.00', '0.00', '84139120'),
(1218, 'Suction Cover KGEN 11 4', 'Suction Cover KGEN 11 4', 6, 16, '11', 1, 0, '0.00000000', '0.00000000', 0, 0, 'Purchessed', 0, 0, '0.00', '0.00', '84139120'),
(1219, 'Mechanical Seal T3 S 70', 'Mechanical Seal T3 S 70', 6, 15, '17', 1, 0, '0.00000000', '0.00000000', 0, 0, 'Purchessed', 0, 0, '0.00', '0.00', '84842000'),
(1221, 'Mechanical Seal CCR 40 160 ', 'Mechanical Seal CCR 40 160 ', 6, 16, '25', 1, 0, '0.00000000', '0.00000000', 0, 0, 'Purchessed', 0, 0, '0.00', '0.00', '84842000'),
(1222, 'Mechanical Seal CCR 32 160 ', 'Mechanical Seal CCR 32 160 ', 6, 16, '25', 1, 0, '0.00000000', '0.00000000', 0, 0, 'Purchessed', 0, 0, '0.00', '0.00', '84842000'),
(1223, 'Rotating Assembly CCR 40 200 R6L M2 L3', 'Rotating Assembly CCR 40 200 R6L M2 L3', 6, 16, '25', 1, 0, '0.00000000', '0.00000000', 0, 0, 'Purchessed', 0, 0, '0.00', '0.00', '84139120'),
(1224, 'M 30140', 'M 30140', 1, 4, '65', 1, 0, '0.00000000', '0.00000000', 0, 0, 'Purchessed', 0, 0, '0.00', '0.00', '84137010'),
(1225, 'Split Gland CI (1140) CN  80 To 150 -400, 125-315', 'Split Gland CI (1140) CN  80 to 150 -400, 125-315', 6, 16, '13', 1, 0, '0.00000000', '0.00000000', 0, 0, 'Purchessed/Manufactured', 0, 0, '0.00', '0.00', '84139120'),
(1226, 'Repairing & Service', 'Repairing & Service', 5, 30, '38', 3, 0, '0.00000000', '0.00000000', 0, 0, 'Purchessed/Manufactured', 0, 0, '0.00', '0.00', ''),
(1227, 'WP 07E/40SS', 'WP 07E/40SS', 1, 4, '52', 1, 0, '0.00000000', '0.00000000', 0, 0, 'Purchessed', 0, 0, '0.00', '0.00', '84137010'),
(1228, 'S 336', 'S 336', 1, 4, '65', 1, 0, '0.00000000', '0.00000000', 0, 0, 'Purchessed', 0, 0, '0.00', '0.00', '84137010'),
(1229, 'Silicon Oil Bottle 100 ML', 'Silicon Oil Bottle 100 ML', 5, 30, '43', 1, 0, '0.00000000', '0.00000000', 0, 0, 'Purchessed', 0, 0, '0.00', '0.00', '39100090'),
(1230, '4 SR 05F / 16', '4 SR 05F / 16', 1, 4, '54', 1, 0, '0.00000000', '0.00000000', 0, 0, 'Purchessed', 0, 0, '0.00', '0.00', '84137097'),
(1231, 'MCH / MCV 14 A*5', 'MCH / MCV 14 A*5', 1, 1, '3', 1, 0, '0.00000000', '0.00000000', 0, 0, 'Purchessed', 0, 0, '0.00', '0.00', '84137010'),
(1232, 'Seal Cover CCR 40 160', 'Seal Cover CCR 40 160', 6, 16, '25', 1, 0, '0.00000000', '0.00000000', 0, 0, 'Purchessed', 0, 0, '0.00', '0.00', '84139120'),
(1233, 'Vacuum Pump 043', 'Vacuum Pump 043', 1, 6, '95', 1, 0, '0.00000000', '0.00000000', 0, 0, 'Purchessed', 0, 0, '0.00', '0.00', ''),
(1234, 'Slider (53) HD 2017', 'Slider (53) HD 2017', 6, 19, '70', 1, 0, '0.00000000', '0.00000000', 0, 0, 'Purchessed', 0, 0, '0.00', '0.00', '84139190'),
(1235, 'Eccentric Strap (30) HD 2017', 'Eccentric Strap (30) HD 2017', 6, 19, '70', 1, 0, '0.00000000', '0.00000000', 0, 0, 'Purchessed', 0, 0, '0.00', '0.00', '84139190'),
(1236, 'Thrust Plate (31) HD 2017', 'Thrust Plate (31) HD 2017', 6, 19, '70', 1, 0, '0.00000000', '0.00000000', 0, 0, 'Purchessed', 0, 0, '0.00', '0.00', '84139190'),
(1237, 'Minor KGEN Repair Kit', 'Minor KGEN Repair Kit', 6, 16, '11', 1, 0, '0.00000000', '0.00000000', 0, 0, 'Purchessed/Manufactured', 0, 0, '0.00', '0.00', '84139120'),
(1238, 'SS Impeller CCR 80 250', 'SS Impeller CCR 80 250', 6, 16, '25', 1, 0, '0.00000000', '0.00000000', 0, 0, 'Purchessed', 0, 0, '0.00', '0.00', '84139120'),
(1239, 'Eccentric  (52) HD 2017', 'Eccentric  (52) HD 2017', 6, 19, '70', 1, 0, '0.00000000', '0.00000000', 0, 0, 'Purchessed', 0, 0, '0.00', '0.00', '84139190'),
(1240, 'Wear Ring (0130) CCR 65-80 250', 'Wear Ring (0130) CCR 65-80 250', 6, 16, '25', 1, 0, '0.00000000', '0.00000000', 0, 0, 'Purchessed', 0, 0, '0.00', '0.00', '84139120'),
(1241, 'Guide Pin (51) HD 2017', 'Guide Pin (51) HD 2017', 6, 19, '70', 1, 0, '0.00000000', '0.00000000', 0, 0, 'Purchessed', 0, 0, '0.00', '0.00', '84139190'),
(1242, 'Slider Housing (55) HD 2017', 'Slider Housing (55) HD 2017', 6, 19, '70', 1, 0, '0.00000000', '0.00000000', 0, 0, 'Purchessed', 0, 0, '0.00', '0.00', '84139190'),
(1243, 'Worm Wheel (56) HD 2017', 'Worm Wheel (56) HD 2017', 6, 19, '70', 1, 0, '0.00000000', '0.00000000', 0, 0, 'Purchessed', 0, 0, '0.00', '0.00', '84139190'),
(1244, 'Oil Baffle (2120) CCR 32 To 65-125,32 To 50-160,32 To 50-200', 'Oil Baffle (2120) CCR 32 To 65-125,32 To 50-160,32', 6, 16, '25', 1, 0, '0.00000000', '0.00000000', 0, 0, 'Purchessed/Manufactured', 0, 0, '0.00', '0.00', '84139120'),
(1245, 'Shaft (2200) CCR 65 To 80 160, 65 To 100 200,32 To 80 250, 40 -50 315', 'Shaft (2200) CCR 65 to 80 160, 65 to 100 200,32 to', 6, 16, '25', 1, 0, '0.00000000', '0.00000000', 0, 0, 'Purchessed/Manufactured', 0, 0, '0.00', '0.00', '84139120'),
(1247, 'Washer (0315) CCR 32-80 250, 100 200', 'Washer (0315) CCR 32-80 250, 100 200', 6, 16, '25', 1, 0, '0.00000000', '0.00000000', 0, 0, 'Purchessed', 0, 0, '0.00', '0.00', '84139120'),
(1248, 'Coupling Key', 'Coupling Key', 5, 30, '38', 1, 0, '0.00000000', '0.00000000', 0, 0, 'Purchessed/Manufactured', 0, 0, '0.00', '0.00', ''),
(1249, 'Oil Baffle (2125) CCR 100 200,32-80 250', 'Oil Baffle (2125) CCR', 6, 16, '25', 1, 0, '0.00000000', '0.00000000', 0, 0, 'Purchessed/Manufactured', 0, 0, '0.00', '0.00', '84139120'),
(1250, 'Dist. Sleeve (2350) CCR 65-80 160, 65-100 200, 32-80 250, 40-50 315', 'Dist. Sleeve (2350) CCR', 6, 16, '25', 1, 0, '0.00000000', '0.00000000', 0, 0, 'Purchessed/Manufactured', 0, 0, '0.00', '0.00', '84139120'),
(1251, 'Coupling Key (2210) CCR 65-80 160, 65-100 200, 32-80 250, 40-50 315', 'Coupling Key (2210) CCR 65-80 160, 65-100 200, ', 6, 16, '25', 1, 0, '0.00000000', '0.00000000', 0, 0, 'Purchessed/Manufactured', 0, 0, '0.00', '0.00', '84139120'),
(1252, 'Internal Circlip (2300) CCR 65-80 160, 65-100 200, 32-80 250, 40-50 315', 'Internal Circlip (2300) CCR 65-80 160, 65-100 200,', 6, 16, '25', 1, 0, '0.00000000', '0.00000000', 0, 0, 'Purchessed', 0, 0, '0.00', '0.00', '84139120'),
(1253, 'Adjusting Ring(2340) CCR 65-80 160, 65-100 200, 32-80 250, 40-50 315', 'Adjusting Ring(2340) CCR ', 6, 16, '25', 1, 0, '0.00000000', '0.00000000', 0, 0, 'Purchessed/Manufactured', 0, 0, '0.00', '0.00', '84139120'),
(1254, 'Lock Nut (2560) CCR 65-80 160, 65-100 200, 32-80 250, 40-50 315', 'Lock Nut (2560) CCR 65-80 160, 65-100 200, ', 6, 16, '25', 1, 0, '0.00000000', '0.00000000', 0, 0, 'Purchessed', 0, 0, '0.00', '0.00', '84139120'),
(1255, 'Splash Ring (2220) CCR 65-80 160, 65-100 200, 32-80 250, 40-50 315', 'Splash Ring (2220) CCR 65-80 160, 65-100 200, 32-8', 6, 16, '25', 1, 0, '0.00000000', '0.00000000', 0, 0, 'Purchessed', 0, 0, '0.00', '0.00', '84139120'),
(1256, 'Locking Washer(2570) CCR 65-80 160, 65-100 200, 32-80 250, 40-50 315', 'Locking Washer(2570) CCR', 6, 16, '25', 1, 0, '0.00000000', '0.00000000', 0, 0, 'Purchessed', 0, 0, '0.00', '0.00', '84139120'),
(1257, 'Oil Baffle(2120) CCR 65-80 160, 65-100 200, 32-80 250, 40-50 315', 'Oil Baffle(2120) CCR 65-80 160, 65-100 200, 32', 6, 16, '25', 1, 0, '0.00000000', '0.00000000', 0, 0, 'Purchessed/Manufactured', 0, 0, '0.00', '0.00', '84139120'),
(1258, 'CI Impeller CB 200 200', 'CI Impeller CB 200 200', 6, 16, '80', 1, 0, '0.00000000', '0.00000000', 0, 0, 'Purchessed', 0, 0, '0.00', '0.00', '84139120'),
(1259, 'Stub Shaft CB 200 200', 'Stub Shaft CB 200 200', 6, 16, '80', 1, 0, '0.00000000', '0.00000000', 0, 0, 'Purchessed', 0, 0, '0.00', '0.00', '84139120'),
(1260, 'Stuffing Box CB 32 250 ', 'Stuffing Box CB 32 250 ', 6, 16, '80', 1, 0, '0.00000000', '0.00000000', 0, 0, 'Purchessed', 0, 0, '0.00', '0.00', '84139120'),
(1261, '14\" Cutting Wheel', '14\" Cutting Wheel', 5, 30, '43', 1, 0, '0.00000000', '0.00000000', 0, 0, 'Purchessed', 0, 0, '0.00', '0.00', ''),
(1262, 'Cable Base For T 1503 H', 'Cable Base for T 1503 H', 6, 18, '83', 1, 0, '0.00000000', '0.00000000', 0, 0, 'Purchessed', 0, 0, '0.00', '0.00', '84139120'),
(1263, 'Strainer T 1503 H', 'Strainer T 1503 H', 6, 18, '83', 1, 0, '0.00000000', '0.00000000', 0, 0, 'Purchessed', 0, 0, '0.00', '0.00', '84139120'),
(1264, 'Cable Base For T 2003 H', 'Cable Base For T 2003 H', 6, 18, '83', 1, 0, '0.00000000', '0.00000000', 0, 0, 'Purchessed', 0, 0, '0.00', '0.00', '84139120'),
(1265, 'Strainer T 2504', 'Strainer T 2504', 6, 18, '83', 1, 0, '0.00000000', '0.00000000', 0, 0, 'Purchessed', 0, 0, '0.00', '0.00', '84139120'),
(1266, 'Cable Base For T 2504 H', 'Cable Base For T 2504 H', 6, 18, '83', 1, 0, '0.00000000', '0.00000000', 0, 0, 'Purchessed', 0, 0, '0.00', '0.00', '84139120'),
(1267, 'Rubber Grommet Set T1503 H', 'Rubber Grommet Set T1503 H', 6, 18, '83', 1, 0, '0.00000000', '0.00000000', 0, 0, 'Purchessed', 0, 0, '0.00', '0.00', '84139120'),
(1268, 'Rubber Grommet Set T 2003 H', 'Rubber Grommet Set T 2003 H', 6, 18, '83', 1, 0, '0.00000000', '0.00000000', 0, 0, 'Purchessed', 0, 0, '0.00', '0.00', '84139120'),
(1269, 'Rubber Grommet Set T 2504', 'Rubber Grommet Set T 2504', 6, 18, '83', 1, 0, '0.00000000', '0.00000000', 0, 0, 'Purchessed', 0, 0, '0.00', '0.00', '84139120'),
(1270, 'Rubber Grommet Set J 2504', 'Rubber Grommet Set J 2504', 6, 18, '83', 1, 0, '0.00000000', '0.00000000', 0, 0, 'Purchessed', 0, 0, '0.00', '0.00', '84139120'),
(1271, 'Cable Gland Set For T 1503 H', 'Cable Gland Set For T 1503 H', 6, 18, '83', 1, 0, '0.00000000', '0.00000000', 0, 0, 'Purchessed', 0, 0, '0.00', '0.00', '84139120'),
(1272, 'Rubber Grommet Set J 102 SP', 'Rubber Grommet Set J 102 SP', 6, 18, '83', 1, 0, '0.00000000', '0.00000000', 0, 0, 'Purchessed', 0, 0, '0.00', '0.00', '84139120'),
(1273, 'O Ring Part For T 2003 H', 'O Ring Part For T 2003 H', 6, 18, '83', 1, 0, '0.00000000', '0.00000000', 0, 0, 'Purchessed', 0, 0, '0.00', '0.00', '84139120'),
(1274, 'O Ring Part For T 1503 H', 'O Ring Part For T 1503 H', 6, 18, '83', 1, 0, '0.00000000', '0.00000000', 0, 0, 'Purchessed', 0, 0, '0.00', '0.00', '84139120'),
(1275, 'Cable Gland Set For T 2504 H', 'Cable Gland Set For T 2504 H', 6, 18, '83', 1, 0, '0.00000000', '0.00000000', 0, 0, 'Purchessed', 0, 0, '0.00', '0.00', '84139120'),
(1276, 'O Ring For Suction Stand & Discharge Shell J102 SP', 'O Ring For Suction Stand & Discharge Shell J102 SP', 6, 18, '83', 1, 0, '0.00000000', '0.00000000', 0, 0, 'Purchessed', 0, 0, '0.00', '0.00', '84139120'),
(1277, 'O Ring For Suction Middle & Discharge Shell T 2504', 'O Ring For Suction Middle & Discharge Shell T 2504', 6, 18, '83', 1, 0, '0.00000000', '0.00000000', 0, 0, 'Purchessed', 0, 0, '0.00', '0.00', '84139120'),
(1278, 'O Ring For Motor Body BES & TES T 2504', 'O Ring For Motor Body BES & TES T 2504', 6, 18, '83', 1, 0, '0.00000000', '0.00000000', 0, 0, 'Purchessed', 0, 0, '0.00', '0.00', '84139120'),
(1279, 'Cable Gland Set For J 102 SP', 'Cable Gland Set For J 102 SP', 6, 18, '83', 1, 0, '0.00000000', '0.00000000', 0, 0, 'Purchessed', 0, 0, '0.00', '0.00', '84139120'),
(1280, 'O Ring For Motor Body BES & TES J 102 SP', 'O Ring For Motor Body BES & TES J 102 SP', 6, 18, '83', 1, 0, '0.00000000', '0.00000000', 0, 0, 'Purchessed', 0, 0, '0.00', '0.00', '84139120'),
(1281, 'O Ring For BES & Diffuser J 102 SP', 'O Ring For BES & Diffuser J 102 SP', 6, 18, '83', 1, 0, '0.00000000', '0.00000000', 0, 0, 'Purchessed', 0, 0, '0.00', '0.00', '84139120'),
(1282, 'Cable Gland Set For T 2003 H', 'Cable Gland Set For T 2003 H', 6, 18, '83', 1, 0, '0.00000000', '0.00000000', 0, 0, 'Purchessed', 0, 0, '0.00', '0.00', '84139120'),
(1283, 'O Ring For BES & Diffuser T 2504', 'O Ring For BES & Diffuser T 2504', 6, 18, '83', 1, 0, '0.00000000', '0.00000000', 0, 0, 'Purchessed', 0, 0, '0.00', '0.00', '84139120'),
(1284, 'Oil Plug T 2504', 'Oil Plug T 2504', 6, 18, '83', 1, 0, '0.00000000', '0.00000000', 0, 0, 'Purchessed', 0, 0, '0.00', '0.00', '84139120'),
(1285, 'Neck Ring For Impeller T 2504', 'Neck Ring For Impeller T 2504', 6, 18, '83', 1, 0, '0.00000000', '0.00000000', 0, 0, 'Purchessed', 0, 0, '0.00', '0.00', '84139120'),
(1286, 'Neck Ring For Impeller T 2003 H', 'Neck Ring For Impeller T 2003 H', 6, 18, '83', 1, 0, '0.00000000', '0.00000000', 0, 0, 'Purchessed', 0, 0, '0.00', '0.00', '84139120'),
(1287, 'Neck Ring For Impeller T 1503 H', 'Neck Ring For Impeller T 1503 H', 6, 18, '83', 1, 0, '0.00000000', '0.00000000', 0, 0, 'Purchessed', 0, 0, '0.00', '0.00', '84139120'),
(1288, 'Neck Ring For Impeller J 102 SP', 'Neck Ring For Impeller J 102 SP', 6, 18, '83', 1, 0, '0.00000000', '0.00000000', 0, 0, 'Purchessed', 0, 0, '0.00', '0.00', '84139120'),
(1289, 'Diffuser For J 102 SP', 'Diffuser For J 102 SP', 6, 18, '83', 1, 0, '0.00000000', '0.00000000', 0, 0, 'Purchessed', 0, 0, '0.00', '0.00', '84139120'),
(1290, 'Diffuser For T 1503 H', 'Diffuser For T 1503 H', 6, 18, '83', 1, 0, '0.00000000', '0.00000000', 0, 0, 'Purchessed', 0, 0, '0.00', '0.00', '84139120'),
(1291, 'Impeller J 102 SP', 'Impeller J 102 SP', 6, 18, '83', 1, 0, '0.00000000', '0.00000000', 0, 0, 'Purchessed', 0, 0, '0.00', '0.00', '84139120'),
(1292, 'Impeller T 1503 H', 'Impeller T 1503 H', 6, 18, '83', 1, 0, '0.00000000', '0.00000000', 0, 0, 'Purchessed', 0, 0, '0.00', '0.00', '84139120'),
(1293, 'Impeller T 2003 H', 'Impeller T 2003 H', 6, 18, '83', 1, 0, '0.00000000', '0.00000000', 0, 0, 'Purchessed', 0, 0, '0.00', '0.00', '84139120'),
(1294, 'Shaft Sleeve A20 1.125\"', 'Shaft Sleeve A20 1.125\"', 6, 17, '33', 1, 0, '0.00000000', '0.00000000', 0, 0, 'Purchessed', 0, 0, '0.00', '0.00', '84139120'),
(1295, 'Cooling Oil', 'Cooling Oil', 5, 30, '43', 4, 0, '0.00000000', '0.00000000', 0, 0, 'Purchessed', 0, 0, '0.00', '0.00', ''),
(1296, 'Mechanical Seal Motor 10 HP', 'Mechanical Seal Motor 10 HP', 6, 18, '83', 1, 0, '0.00000000', '0.00000000', 0, 0, 'Purchessed', 0, 0, '0.00', '0.00', '84842000'),
(1297, 'Mechanical Seal Motor 15/20/25 HP', 'Mechanical Seal Motor 15/20/25 HP', 6, 18, '83', 1, 0, '0.00000000', '0.00000000', 0, 0, 'Purchessed', 0, 0, '0.00', '0.00', '84842000'),
(1298, 'Mechanical Seal Pump 15/20/25 HP', 'Mechanical Seal Pump 15/20/25 HP', 6, 18, '83', 1, 0, '0.00000000', '0.00000000', 0, 0, 'Purchessed', 0, 0, '0.00', '0.00', '84842000'),
(1299, 'Trolley Wheel 4\"', 'Trolley Wheel 4\"', 5, 30, '38', 1, 0, '0.00000000', '0.00000000', 0, 0, 'Purchessed', 0, 0, '0.00', '0.00', ''),
(1303, 'PL 3530 Pump', 'PL 3530 Pump', 1, 3, '48', 1, 0, '0.00000000', '0.00000000', 0, 0, 'Purchessed', 0, 0, '0.00', '0.00', '84135010'),
(1304, '1 HP / 1500 RPM REMI', '1 HP / 1500 RPM REMI', 3, 8, '5', 1, 0, '0.00000000', '0.00000000', 0, 0, 'Purchessed', 1, 1, '0.00', '0.00', '85015210'),
(1306, 'SS 316 Rod ( OD 50mm )', 'SS 316 Rod ( OD 50mm )', 5, 30, '38', 6, 0, '0.00000000', '0.00000000', 0, 0, 'Purchessed', 0, 0, '0.00', '0.00', ''),
(1307, 'HD1011/SZ1', 'HD1011/SZ1', 1, 3, '31', 1, 0, '0.00000000', '0.00000000', 0, 0, 'Purchessed', 0, 0, '0.00', '0.00', '84135010'),
(1308, 'NZK 50 200 Pump Closed Impeller', 'NZK 50 200 Pump Closed Impeller', 1, 5, '59', 1, 0, '0.00000000', '0.00000000', 0, 0, 'Purchessed', 0, 0, '0.00', '0.00', '84137091'),
(1309, 'GI Bolt 10 X 40 MM', 'GI Bolt 10 X 40 MM', 5, 30, '43', 1, 0, '0.00000000', '0.00000000', 0, 0, 'Purchessed', 0, 0, '0.00', '0.00', ''),
(1310, 'GI Bolt 12 X 40 MM', 'GI Bolt 12 X 40 MM', 5, 30, '43', 1, 0, '0.00000000', '0.00000000', 0, 0, 'Purchessed', 0, 0, '0.00', '0.00', ''),
(1311, 'GI Bolt 16 X 80 MM', 'GI Bolt 16 X 80 MM', 5, 30, '43', 1, 0, '0.00000000', '0.00000000', 0, 0, 'Purchessed', 0, 0, '0.00', '0.00', ''),
(1312, 'Gasket KGEN (240) 12-5 To 16-6 ', 'Gasket KGEN (240) 12-5 To 16-6 ', 6, 16, '11', 1, 0, '0.00000000', '0.00000000', 0, 0, 'Purchessed/Manufactured', 0, 0, '0.00', '0.00', '84139120'),
(1313, 'Gasket KGEN (250) 12-5 To 16-6 ', 'Gasket KGEN (250) 12-5 To 16-6 ', 6, 16, '11', 1, 0, '0.00000000', '0.00000000', 0, 0, 'Purchessed/Manufactured', 0, 0, '0.00', '0.00', '84139120'),
(1314, 'Mechanical Seal 30 MM', 'Mechanical Seal 30 MM', 6, 16, '13', 1, 0, '0.00000000', '0.00000000', 0, 0, 'Purchessed', 0, 0, '0.00', '0.00', '84842000'),
(1315, 'Allen Bolt (2810) CCR 25 To 60-125, 25 To 80-160, 32 To 80-250, 100-200 ', 'Allen Bolt (2810) CCR 25 to 60-125, 25 to 80-160, ', 6, 16, '13', 1, 0, '0.00000000', '0.00000000', 0, 0, 'Purchessed', 0, 0, '0.00', '0.00', '84139120'),
(1316, 'RTBP 10 Gear Pump', 'RTBP 10 Gear Pump', 1, 2, '7', 1, 0, '0.00000000', '0.00000000', 0, 0, 'Purchessed', 0, 0, '0.00', '0.00', '84131990'),
(1317, 'Impeller Key  (550) KGEN 12 5 To 16 6', 'Impeller Key  (550) KGEN 12 5 To 16 6', 6, 16, '11', 1, 0, '0.00000000', '0.00000000', 0, 0, 'Purchessed/Manufactured', 0, 0, '0.00', '0.00', '84139120'),
(1318, 'Mechanical Seal With Shaft Sleeve & Seal Cover', 'Mechanical Seal With Shaft Sleeve & Seal Cover', 6, 16, '13', 1, 0, '0.00000000', '0.00000000', 0, 0, 'Purchessed/Manufactured', 0, 0, '0.00', '0.00', '84842000'),
(1320, 'Bearing Housing Plug CI CCR 50 160', 'Bearing Housing Plug CI CCR 50 160', 6, 16, '25', 1, 0, '0.00000000', '0.00000000', 0, 0, 'Purchessed', 0, 0, '0.00', '0.00', '84139120'),
(1322, 'Circlip ', 'Circlip ', 6, 16, '11', 1, 0, '0.00000000', '0.00000000', 0, 0, 'Purchessed', 0, 0, '0.00', '0.00', '84139120'),
(1325, 'Casing Plug KGEN 11 3', 'Casing Plug KGEN 11 3', 6, 16, '11', 1, 0, '0.00000000', '0.00000000', 0, 0, 'Purchessed', 0, 0, '0.00', '0.00', '84139120'),
(1326, 'Casing PIIG 10 Prakash Pump', 'Casing PIIG 10 Prakash Pump', 1, 6, '95', 1, 0, '0.00000000', '0.00000000', 0, 0, 'Purchessed', 0, 0, '0.00', '0.00', ''),
(1327, 'Filter 1.5\" Inline Vertical', 'Filter 1.5\" Inline Vertical', 2, 12, '40', 1, 0, '0.00000000', '0.00000000', 0, 0, 'Purchessed/Manufactured', 0, 0, '0.00', '0.00', ''),
(1328, 'Filter 0.5\"', 'Filter 0.5\"', 2, 12, '40', 1, 0, '0.00000000', '0.00000000', 0, 0, 'Purchessed/Manufactured', 0, 0, '0.00', '0.00', ''),
(1329, 'Filter Element 1\" Heavens Simplex', 'Filter Element 1\" Heavens Simplex', 2, 32, '42', 1, 0, '0.00000000', '0.00000000', 0, 0, 'Purchessed/Manufactured', 0, 0, '0.00', '0.00', ''),
(1330, 'Filter Element 3\"', 'Filter Element 3\"', 2, 32, '42', 1, 0, '0.00000000', '0.00000000', 0, 0, 'Purchessed/Manufactured', 0, 0, '0.00', '0.00', ''),
(1331, 'Distance Sleeve CCR 50 160', 'Distance Sleeve CCR 50 160', 6, 16, '25', 1, 0, '0.00000000', '0.00000000', 0, 0, 'Purchessed/Manufactured', 0, 0, '0.00', '0.00', '84139120'),
(1332, 'Mechanical Seal 55 MM', 'Mechanical Seal 55 MM', 6, 16, '25', 1, 0, '0.00000000', '0.00000000', 0, 0, 'Purchessed', 0, 0, '0.00', '0.00', '84842000'),
(1333, 'CB 50c 160 With Motor', 'CB 50c 160  With Motor', 7, 26, '92', 1, 0, '0.00000000', '0.00000000', 0, 0, 'Purchessed/Manufactured', 0, 0, '0.00', '0.00', ''),
(1334, 'CCR 40c 200 With Motor', 'CCR 40c 200 With Motor', 7, 26, '63', 1, 0, '0.00000000', '0.00000000', 0, 0, 'Purchessed/Manufactured', 0, 0, '0.00', '0.00', '84137091'),
(1335, 'CCR 40c 160 With Motor', 'CCR 40c 160 With Motor', 7, 26, '63', 1, 0, '0.00000000', '0.00000000', 0, 0, 'Purchessed/Manufactured', 0, 0, '0.00', '0.00', '84137091'),
(1336, 'CN 100 250 G1 S2 L3', 'CN 100 250 G1 S2 L3', 1, 1, '1', 1, 0, '0.00000000', '0.00000000', 0, 0, 'Purchessed', 0, 0, '0.00', '0.00', '84137010'),
(1337, 'CI Impeller CN 200 250', 'CI Impeller CN 200 250', 6, 16, '13', 1, 0, '0.00000000', '0.00000000', 0, 0, 'Purchessed', 0, 0, '0.00', '0.00', '84139120'),
(1338, 'WW 101 ', 'WW 101 ', 1, 4, '52', 1, 0, '0.00000000', '0.00000000', 0, 0, 'Purchessed', 0, 0, '0.00', '0.00', '84137010'),
(1339, 'NZK 32 125 Pump Closed Impeller', 'NZK 32 125 Pump Closed Impeller', 1, 5, '59', 1, 0, '0.00000000', '0.00000000', 0, 0, 'Purchessed', 0, 0, '0.00', '0.00', '84137091'),
(1340, 'CN / CCR 150 400 With Motor', 'CN / CCR 150 400 With Motor', 7, 26, '62', 1, 0, '0.00000000', '0.00000000', 0, 0, 'Purchessed/Manufactured', 0, 0, '0.00', '0.00', ''),
(1341, 'Gasket Set For TGH 58 80 ', 'Gasket Set For TGH 58 80 ', 6, 16, '77', 3, 0, '0.00000000', '0.00000000', 0, 0, 'Purchessed/Manufactured', 0, 0, '0.00', '0.00', '84139120'),
(1342, 'CN 50 200 With Motor', 'CN 50 200 With Motor', 7, 26, '62', 1, 0, '0.00000000', '0.00000000', 0, 0, 'Purchessed/Manufactured', 0, 0, '0.00', '0.00', ''),
(1343, 'CCR 50 200 R1A S2 L6', 'CCR 50 200 R1A S2 L6', 1, 1, '2', 1, 0, '0.00000000', '0.00000000', 0, 0, 'Purchessed', 0, 0, '0.00', '0.00', '84137091'),
(1344, 'NSRP 50 Pump Semi Open Impeller With Motor', 'NSRP 50 Pump Semi Open Impeller With Motor', 7, 27, '46', 3, 0, '0.00000000', '0.00000000', 0, 0, 'Purchessed/Manufactured', 0, 0, '0.00', '0.00', '84137091'),
(1345, 'Bearing Housing CCR 250 250 R4 CD3 L4', 'Bearing Housing CCR 250 250 R4 CD3 L4', 6, 16, '25', 1, 0, '0.00000000', '0.00000000', 0, 0, 'Purchessed', 0, 0, '0.00', '0.00', '84139120'),
(1346, 'Oil Seal Miscellaneous ', 'Oil Seal Miscellaneous ', 5, 30, '43', 1, 0, '0.00000000', '0.00000000', 0, 0, 'Purchessed', 0, 0, '0.00', '0.00', ''),
(1347, 'SS Sheet Perforated', 'SS Sheet Perforated', 5, 30, '43', 10, 0, '0.00000000', '0.00000000', 0, 0, 'Purchessed', 0, 0, '0.00', '0.00', ''),
(1348, 'S 1042', 'S 1042', 1, 4, '65', 1, 0, '0.00000000', '0.00000000', 0, 0, 'Purchessed', 0, 0, '0.00', '0.00', '84137010'),
(1349, 'Stuffing Box (0110) CCR 150 315', 'Stuffing Box (0110) CCR 150 315', 6, 16, '25', 1, 0, '0.00000000', '0.00000000', 0, 0, 'Purchessed', 0, 0, '0.00', '0.00', '84139120'),
(1350, 'SS Impeller CCR 150 315', 'SS Impeller CCR 150 315', 6, 16, '25', 1, 0, '0.00000000', '0.00000000', 0, 0, 'Purchessed', 0, 0, '0.00', '0.00', '84139120'),
(1351, 'Mechanical Seal R 100 SL', 'Mechanical Seal R 100 SL', 6, 15, '78', 1, 0, '0.00000000', '0.00000000', 0, 0, 'Purchessed', 0, 0, '0.00', '0.00', '84842000'),
(1352, 'NZK 32 125 Pump Closed Impeller With Motor', 'NZK 32 125 Pump Closed Impeller With Motor', 7, 27, '27', 3, 0, '0.00000000', '0.00000000', 0, 0, 'Purchessed/Manufactured', 0, 0, '0.00', '0.00', '84137091'),
(1353, 'NZK 32 125 Pump Semi Open Impeller ', 'NZK 32 125 Pump Semi Open Impeller', 1, 5, '59', 1, 0, '0.00000000', '0.00000000', 0, 0, 'Purchessed', 0, 0, '0.00', '0.00', '84137091'),
(1354, 'NZK 32 125 Pump Semi Open Impeller With Motor', 'NZK 32 125 Pump Semi Open Impeller With Motor', 7, 27, '27', 3, 0, '0.00000000', '0.00000000', 0, 0, 'Purchessed/Manufactured', 0, 0, '0.00', '0.00', '84137091'),
(1355, 'NZK 50 200 Pump Closed Impeller With Motor', 'NZK 50 200 Pump Closed Impeller With Motor', 7, 27, '27', 3, 0, '0.00000000', '0.00000000', 0, 0, 'Purchessed/Manufactured', 0, 0, '0.00', '0.00', '84137091'),
(1356, 'NZK 50 200 Pump Semi Open Impeller With Motor', 'NZK 50 200 Pump Semi Open Impeller With Motor', 7, 27, '27', 3, 0, '0.00000000', '0.00000000', 0, 0, 'Purchessed/Manufactured', 0, 0, '0.00', '0.00', '84137091'),
(1357, 'NZK 50 200 Pump Semi Open Impeller ', 'NZK 50 200 Pump Semi Open Impeller ', 1, 5, '59', 1, 0, '0.00000000', '0.00000000', 0, 0, 'Purchessed', 0, 0, '0.00', '0.00', '84137091'),
(1358, '4\" MS Pipe', '4\" MS Pipe', 5, 30, '43', 6, 0, '0.00000000', '0.00000000', 0, 0, 'Purchessed', 0, 0, '0.00', '0.00', ''),
(1359, '7.5 HP/1500 RPM REMI FLP MOTOR', '7.5 HP/1500 RPM REMI FLP MOTOR', 3, 8, '96', 1, 0, '0.00000000', '0.00000000', 0, 0, 'Purchessed', 0, 0, '0.00', '0.00', '85021927'),
(1360, 'Shaft (2200) CN 32-65 125, 25-65 160, 32-65 200, 32-50 250, 80 160', 'Shaft (2200) CN 32-65 125, 25-65 160, 32-65 200, 3', 6, 16, '13', 1, 0, '0.00000000', '0.00000000', 0, 0, 'Purchessed/Manufactured', 0, 0, '0.00', '0.00', '84139120'),
(1362, 'Ravels Peristaltic Pump', 'Ravels Peristaltic Pump', 1, 6, '95', 1, 0, '0.00000000', '0.00000000', 0, 0, 'Purchessed', 0, 0, '0.00', '0.00', ''),
(1363, 'T3 S 38/36', 'T3 S 38/36', 1, 2, '8', 1, 0, '0.00000000', '0.00000000', 0, 0, 'Purchessed', 0, 0, '0.00', '0.00', '84131990'),
(1364, 'SS Impeller WV 01L/40', 'SS Impeller WV 01L/40', 6, 18, '68', 1, 0, '0.00000000', '0.00000000', 0, 0, 'Purchessed', 0, 0, '0.00', '0.00', '84139120'),
(1365, 'Seal Cover NZ Pump', 'Seal Cover NZ Pump', 6, 17, '15', 1, 0, '0.00000000', '0.00000000', 0, 0, 'Purchessed', 0, 0, '0.00', '0.00', '84139120'),
(1366, 'Spares For Waste Water Pump Darling', 'Spares for Waste Water Pump Darling', 6, 18, '68', 1, 0, '0.00000000', '0.00000000', 0, 0, 'Purchessed', 0, 0, '0.00', '0.00', '84139120'),
(1367, 'Casing NZ Pump', 'Casing NZ Pump', 6, 17, '15', 1, 0, '0.00000000', '0.00000000', 0, 0, 'Purchessed', 0, 0, '0.00', '0.00', '84139120'),
(1368, 'Top End Shield T 2003H', 'Top End Shield T 2003H', 6, 18, '83', 1, 0, '0.00000000', '0.00000000', 0, 0, 'Purchessed', 0, 0, '0.00', '0.00', '84139120'),
(1369, 'Impeller NZ 50 200', 'Impeller NZ 50 200', 6, 17, '15', 1, 0, '0.00000000', '0.00000000', 0, 0, 'Purchessed', 0, 0, '0.00', '0.00', '84139120'),
(1370, 'Suction Flange NZ Pump', 'Suction Flange NZ Pump', 6, 17, '15', 1, 0, '0.00000000', '0.00000000', 0, 0, 'Purchessed', 0, 0, '0.00', '0.00', '84139120'),
(1371, 'Rotary Unit 1.625\"', 'Rotary Unit 1.625\"', 6, 17, '15', 1, 0, '0.00000000', '0.00000000', 0, 0, 'Purchessed', 0, 0, '0.00', '0.00', '84842000'),
(1372, 'Coupling Key (2210) CCR 32-80 250, 40-50  315, 65-100 200, 65-80 160', 'Coupling Key (2210) CCR 32-80 250, 40-50  315, 65-', 6, 16, '25', 1, 0, '0.00000000', '0.00000000', 0, 0, 'Purchessed/Manufactured', 0, 0, '0.00', '0.00', '84139120'),
(1373, 'CCR 40c 200 R6 S2 L3', 'CCR 40c 200 R6 S2 L3', 1, 1, '2', 1, 0, '0.00000000', '0.00000000', 0, 0, 'Purchessed', 0, 0, '0.00', '0.00', '84137091'),
(1374, 'Spacer Sleeve CCR 50 160', 'Spacer Sleeve CCR 50 160', 6, 16, '25', 1, 0, '0.00000000', '0.00000000', 0, 0, 'Purchessed/Manufactured', 0, 0, '0.00', '0.00', '84139120'),
(1375, 'SS Impeller CCR 32 160 ', 'SS Impeller CCR 32 160 ', 6, 16, '25', 1, 0, '0.00000000', '0.00000000', 0, 0, 'Purchessed', 0, 0, '0.00', '0.00', '84139120'),
(1377, 'KGEN 14 8 G6', 'KGEN 14 8 G6', 1, 1, '21', 1, 0, '0.00000000', '0.00000000', 0, 0, 'Purchessed', 0, 0, '0.00', '0.00', '84137010'),
(1378, 'Split Gland CI (1140) CN  32 To 65-125, 32  To 80-160,32 To 65-200,32 To 50-250', 'Split Gland CI (1140) CN  32 To 65-125, 32  To 80-', 6, 16, '13', 1, 0, '0.00000000', '0.00000000', 0, 0, 'Purchessed/Manufactured', 0, 0, '0.00', '0.00', '84139120'),
(1379, 'Bearing Housing (2100) CN 32 To 80 160', 'Bearing Housing (2100) CN 32 To 80 160', 6, 16, '13', 1, 0, '0.00000000', '0.00000000', 0, 0, 'Purchessed', 0, 0, '0.00', '0.00', '84139120'),
(1380, 'NSRP 40 Pump Closed Impeller ', 'NSRP 40 Pump Closed Impeller ', 1, 5, '60', 1, 0, '0.00000000', '0.00000000', 0, 0, 'Purchessed', 0, 0, '0.00', '0.00', '84137091'),
(1381, 'NSRP 40 Pump With Motor Closed Impeller', 'NSRP 40 Pump With Motor Closed Impeller', 7, 27, '46', 1, 0, '0.00000000', '0.00000000', 0, 0, 'Purchessed/Manufactured', 0, 0, '0.00', '0.00', '84137091'),
(1382, 'NSRP 40 Pump With Motor Semi Open Impeller', 'NSRP 40 Pump With Motor Semi Open Impeller', 7, 27, '46', 1, 0, '0.00000000', '0.00000000', 0, 0, 'Purchessed/Manufactured', 0, 0, '0.00', '0.00', '84137091'),
(1383, 'NSRP 40 Pump Semi Open Impeller', 'NSRP 40 Pump Semi Open Impeller', 1, 5, '60', 1, 0, '0.00000000', '0.00000000', 0, 0, 'Purchessed', 0, 0, '0.00', '0.00', '84137091'),
(1384, 'CN 100 200 With Motor', 'CN 100 200 With Motor', 7, 26, '62', 1, 0, '0.00000000', '0.00000000', 0, 0, 'Purchessed/Manufactured', 0, 0, '0.00', '0.00', ''),
(1385, 'Impeller Johnson ', 'Impeller Johnson ', 6, 16, '13', 1, 0, '0.00000000', '0.00000000', 0, 0, 'Purchessed', 0, 0, '0.00', '0.00', '84139120'),
(1386, 'Stuffing Box Johnson', 'Stuffing Box Johnson', 6, 16, '13', 1, 0, '0.00000000', '0.00000000', 0, 0, 'Purchessed', 0, 0, '0.00', '0.00', '84139120'),
(1387, 'Lock Nut Johnson', 'Lock Nut Johnson', 6, 16, '13', 1, 0, '0.00000000', '0.00000000', 0, 0, 'Purchessed', 0, 0, '0.00', '0.00', '84139120'),
(1388, 'Other Spares Tushaco', 'Other Spares Tushaco', 6, 15, '17', 1, 0, '0.00000000', '0.00000000', 0, 0, 'Purchessed/Manufactured', 0, 0, '0.00', '0.00', '84139190'),
(1389, 'WW 102', 'WW 102', 1, 4, '52', 1, 0, '0.00000000', '0.00000000', 0, 0, 'Purchessed', 0, 0, '0.00', '0.00', '84137010'),
(1390, 'CN 100 250 G1 S2 L1', 'CN 100 250 G1 S2 L1', 1, 1, '1', 1, 0, '0.00000000', '0.00000000', 0, 0, 'Purchessed', 0, 0, '0.00', '0.00', '84137010'),
(1391, 'D 365', 'D 365', 1, 4, '53', 1, 0, '0.00000000', '0.00000000', 0, 0, 'Manufactured', 0, 0, '0.00', '0.00', '84137010'),
(1392, 'SS Flange ', 'SS Flange', 5, 30, '38', 1, 0, '0.00000000', '0.00000000', 0, 0, 'Purchessed/Manufactured', 0, 0, '0.00', '0.00', ''),
(1393, 'Cartridge Assembly T3ST 38/46', 'Cartridge Assembly T3ST 38/46', 6, 15, '17', 1, 0, '0.00000000', '0.00000000', 0, 0, 'Purchessed', 0, 0, '0.00', '0.00', '84139190'),
(1397, 'Cage Ring EXP 50 CT / 55 ST', 'Cage Ring EXP 50 CT / 55 ST', 6, 17, '16', 1, 0, '0.00000000', '0.00000000', 0, 0, 'Purchessed', 0, 0, '0.00', '0.00', '84139120'),
(1403, 'Pump Casing CCR 65 200 R6', 'Pump Casing CCR 65 200 R6', 6, 16, '25', 1, 0, '0.00000000', '0.00000000', 0, 0, 'Purchessed', 0, 0, '0.00', '0.00', '84139120'),
(1408, 'SS Impeller CN 125 400', 'SS Impeller CN 125 400', 6, 16, '13', 1, 0, '0.00000000', '0.00000000', 0, 0, 'Purchessed', 0, 0, '0.00', '0.00', '84139120'),
(1409, 'Shaft Sleeve SS (S2) (1100) CN 125-315, 80 To 150-400', 'Shaft Sleeve SS (S2) (1100) CN 125-315, 80 To 150-', 6, 16, '13', 1, 0, '0.00000000', '0.00000000', 0, 0, 'Purchessed/Manufactured', 0, 0, '0.00', '0.00', '84139120'),
(1410, 'Stuffing Box (0110) CN 100 To 125 250,125 315,125 To 150 400, 200 200 ', 'Stuffing Box (0110) CN 100 To 125 250,125 315,125 ', 6, 16, '13', 1, 0, '0.00000000', '0.00000000', 0, 0, 'Purchessed', 0, 0, '0.00', '0.00', '84139120'),
(1411, 'Wear Ring (0130) CN 125 315, 125 400 ', 'Wear Ring (0130) CN 125 315, 125 400', 6, 16, '13', 1, 0, '0.00000000', '0.00000000', 0, 0, 'Purchessed', 0, 0, '0.00', '0.00', '84139120'),
(1412, 'Leg (0140) CN 65 To 125 315, 125 400,150 400', 'Leg (0140) CN 65 To 125 315, 125 400,150 400', 6, 16, '13', 1, 0, '0.00000000', '0.00000000', 0, 0, 'Purchessed', 0, 0, '0.00', '0.00', '84139120'),
(1413, 'CN 80 200 G1 S2 L1', 'CN 80 200 G2 S2 L1', 1, 1, '1', 1, 0, '0.00000000', '0.00000000', 0, 0, 'Purchessed', 0, 0, '0.00', '0.00', '84137010'),
(1414, 'O Ring Adjusting Plate 4SC 10 / 10 HP ', 'O Ring Adjusting Plate 4SC 10 / 10 HP ', 6, 18, '97', 1, 0, '0.00000000', '0.00000000', 0, 0, 'Purchessed', 0, 0, '0.00', '0.00', '84139120'),
(1415, 'Bottom Ring (1110) CN 80 To 150-400,125-315', 'Bottom Ring (1110) CN 80 To 150-400,125-315', 6, 16, '13', 1, 0, '0.00000000', '0.00000000', 0, 0, 'Purchessed/Manufactured', 0, 0, '0.00', '0.00', '84139120'),
(1416, 'Impeller Cap Nut SS 316 (1820) CN 80 To 150-400,125-315', 'Impeller Cap Nut SS 316 (1820) CN 80 To 150-400,12', 6, 16, '13', 1, 0, '0.00000000', '0.00000000', 0, 0, 'Purchessed', 0, 0, '0.00', '0.00', '84139120'),
(1417, 'Impeller Key  (1860) CN 80 To 150-400,125-315', 'Impeller Key  (1860) CN 80 To 150-400,125-315', 6, 16, '13', 1, 0, '0.00000000', '0.00000000', 0, 0, 'Purchessed/Manufactured', 0, 0, '0.00', '0.00', '84139120'),
(1418, 'Shaft (2200) CN 80-150 400,125 315', 'Shaft (2200) CN 80-150 400,125 315', 6, 16, '13', 1, 0, '0.00000000', '0.00000000', 0, 0, 'Purchessed/Manufactured', 0, 0, '0.00', '0.00', '84139120'),
(1419, 'Pump Casing CN 125 400', 'Pump Casing CN 125 400', 6, 16, '13', 1, 0, '0.00000000', '0.00000000', 0, 0, 'Purchessed', 0, 0, '0.00', '0.00', '84139120'),
(1420, 'Internal Circlip (2300) CN 100 -150 400,125 315', 'Internal Circlip (2300) CN 100 -150 400,125 315', 6, 16, '13', 1, 0, '0.00000000', '0.00000000', 0, 0, 'Purchessed', 0, 0, '0.00', '0.00', '84139120'),
(1421, 'External Circlip (2360) CN 80 To 150 -400,125-315', 'External Circlip (2360) CN 80 To 150 -400,125-315', 6, 16, '13', 1, 0, '0.00000000', '0.00000000', 0, 0, 'Purchessed', 0, 0, '0.00', '0.00', '84139120'),
(1422, 'Back Plate EXP 50 CT', 'Back Plate EXP 50 CT', 6, 17, '16', 1, 0, '0.00000000', '0.00000000', 0, 0, 'Purchessed', 0, 0, '0.00', '0.00', '84139120'),
(1423, 'Back Plate EXP 55 ST', 'Back Plate EXP 55 ST', 6, 17, '16', 1, 0, '0.00000000', '0.00000000', 0, 0, 'Purchessed', 0, 0, '0.00', '0.00', '84139120'),
(1424, 'Impeller EXP 50 CT', 'Impeller EXP 50 CT', 6, 17, '16', 1, 0, '0.00000000', '0.00000000', 0, 0, 'Purchessed', 0, 0, '0.00', '0.00', '84139120'),
(1425, 'Impeller EXP 55 ST', 'Impeller EXP 55 ST', 6, 17, '16', 1, 0, '0.00000000', '0.00000000', 0, 0, 'Purchessed', 0, 0, '0.00', '0.00', '84139120'),
(1426, 'Adopter EXP 50 CT / 55 ST', 'Adopter EXP 50 CT / 55 ST', 6, 17, '16', 1, 0, '0.00000000', '0.00000000', 0, 0, 'Purchessed', 0, 0, '0.00', '0.00', '84139120'),
(1427, 'Bolt For Clamping EXP 50 CT / 55 ST / 160 CT', 'Bolt For Clamping EXP 50 CT / 55 ST / 160 CT', 6, 17, '16', 3, 0, '0.00000000', '0.00000000', 0, 0, 'Purchessed', 0, 0, '0.00', '0.00', '84139120'),
(1428, 'Casing Hardware EXP 50 CT / 55 ST / 160 CT', 'Casing Hardware EXP 50 CT / 55 ST / 160 CT', 6, 17, '16', 3, 0, '0.00000000', '0.00000000', 0, 0, 'Purchessed', 0, 0, '0.00', '0.00', '84139120'),
(1429, 'Circlip EXP 50 CT / 55 ST / 160 CT', 'Circlip EXP 50 CT / 55 ST / 160 CT', 6, 17, '16', 1, 0, '0.00000000', '0.00000000', 0, 0, 'Purchessed', 0, 0, '0.00', '0.00', '84139120'),
(1430, 'Lock Nut (75800006) EXP 50 CT / 55 ST / 160 CT', 'Lock Nut EXP 50 CT / 55 ST / 160 CT', 6, 17, '16', 1, 0, '0.00000000', '0.00000000', 0, 0, 'Purchessed', 0, 0, '0.00', '0.00', '84139120'),
(1431, 'O Ring EXP 50 CT / 55 ST / 160 CT', 'O Ring EXP 50 CT / 55 ST / 160 CT', 6, 17, '16', 1, 0, '0.00000000', '0.00000000', 0, 0, 'Purchessed', 0, 0, '0.00', '0.00', '84139120'),
(1432, 'Oil Seal EXP(73625408) 50 CT / 55 ST / 160 CT', 'Oil Seal EXP(73625408) 50 CT / 55 ST / 160 CT', 6, 17, '16', 1, 0, '0.00000000', '0.00000000', 0, 0, 'Purchessed', 0, 0, '0.00', '0.00', '84139120'),
(1433, 'Splash Ring (2220) CN 80-150 400, 125 315', 'Splash Ring (2220) CN 80-150 400, 125 315', 6, 16, '13', 1, 0, '0.00000000', '0.00000000', 0, 0, 'Purchessed', 0, 0, '0.00', '0.00', '84139120'),
(1434, 'Antico Spares EXP Series', 'Antico Spares EXP Series', 6, 17, '16', 3, 0, '0.00000000', '0.00000000', 0, 0, 'Purchessed', 0, 0, '0.00', '0.00', '84139120'),
(1435, 'Antico Spares Miscellaneous ', 'Antico Spares Miscellaneous ', 6, 17, '16', 3, 0, '0.00000000', '0.00000000', 0, 0, 'Purchessed', 0, 0, '0.00', '0.00', '84139120'),
(1436, '7.5 HP Dredger Pump ', '7.5 HP Dredger Pump ', 1, 4, '72', 1, 0, '0.00000000', '0.00000000', 0, 0, 'Purchessed', 0, 0, '0.00', '0.00', '84137097'),
(1437, 'Spacer Sleeve CCR 80 160 ', 'Spacer Sleeve CCR 80 160 ', 6, 16, '25', 1, 0, '0.00000000', '0.00000000', 0, 0, 'Purchessed/Manufactured', 0, 0, '0.00', '0.00', '84139120'),
(1438, 'Spider For Coupling', 'Spider For Coupling', 5, 30, '38', 1, 0, '0.00000000', '0.00000000', 0, 0, 'Purchessed', 0, 0, '0.00', '0.00', ''),
(1439, '10 HP Dredger Pump', '10 HP Dredger Pump', 1, 4, '72', 1, 0, '0.00000000', '0.00000000', 0, 0, 'Purchessed', 0, 0, '0.00', '0.00', '84137097'),
(1440, 'CN 50 250 With Motor', 'CN 50 250 With Motor', 7, 26, '62', 1, 0, '0.00000000', '0.00000000', 0, 0, 'Purchessed/Manufactured', 0, 0, '0.00', '0.00', ''),
(1441, 'FRE 40 110', 'FRE 40 110', 1, 1, '89', 1, 0, '0.00000000', '0.00000000', 0, 0, 'Purchessed', 0, 0, '0.00', '0.00', '84137091'),
(1442, 'Service Charges', 'Service Charges', 5, 30, '38', 1, 0, '0.00000000', '0.00000000', 0, 0, 'Manufactured', 0, 0, '0.00', '0.00', ''),
(1443, 'WP 03D/35', 'WP 03D/35', 1, 4, '52', 1, 0, '0.00000000', '0.00000000', 0, 0, '', 0, 0, '0.00', '0.00', '84137010'),
(1444, 'O Ring Adjusting Plate 4SC7/100 7.50 HP', 'O Ring Adjusting Plate 4SC7/100 7.50 HP', 6, 18, '97', 1, 0, '0.00000000', '0.00000000', 0, 0, 'Purchessed', 0, 0, '0.00', '0.00', '84139120'),
(1445, 'O Ring For Motor BES TES 4SC10 / 10HP', 'O Ring For Motor BES TES 4SC10 / 10HP', 6, 18, '97', 1, 0, '0.00000000', '0.00000000', 0, 0, 'Purchessed', 0, 0, '0.00', '0.00', '84139120'),
(1446, 'O Ring For Motor BES TES 7SC / 100 7.50 HP', 'O Ring For Motor BES TES 7SC / 100 7.50 HP', 6, 18, '97', 1, 0, '0.00000000', '0.00000000', 0, 0, 'Purchessed', 0, 0, '0.00', '0.00', '84139120'),
(1447, 'SS 316 Rod (OD 55 Mm)', 'SS 316 Rod (OD 55 Mm)', 5, 30, '43', 6, 0, '0.00000000', '0.00000000', 0, 0, 'Purchessed', 0, 0, '0.00', '0.00', ''),
(1448, 'M 754', 'M 754', 1, 4, '65', 1, 0, '0.00000000', '0.00000000', 0, 0, 'Purchessed', 0, 0, '0.00', '0.00', '84137010'),
(1449, 'Allen Bolt (0800) FRE 50 125', 'Allen Bolt (0800) FRE 50 125', 6, 16, '98', 1, 0, '0.00000000', '0.00000000', 0, 0, 'Purchessed', 0, 0, '0.00', '0.00', '84139120'),
(1450, 'CCR / CN 80 315 R6 S2 L3', 'CCR / CN 80 315 R6 S2 L3', 1, 1, '2', 1, 0, '0.00000000', '0.00000000', 0, 0, 'Purchessed', 0, 0, '0.00', '0.00', '84137091'),
(1451, 'Dosing Tube', 'Dosing Tube', 6, 19, '82', 2, 0, '0.00000000', '0.00000000', 0, 0, 'Purchessed', 0, 0, '0.00', '0.00', '84139190'),
(1452, 'Wear Ring CCR 200 200', 'Wear Ring CCR 200 200', 6, 16, '25', 1, 0, '0.00000000', '0.00000000', 0, 0, 'Purchessed', 0, 0, '0.00', '0.00', '84139120'),
(1453, 'SS Impeller CCR 200 200', 'SS Impeller CCR 200 200', 6, 16, '25', 1, 0, '0.00000000', '0.00000000', 0, 0, 'Purchessed', 0, 0, '0.00', '0.00', '84139120'),
(1454, 'SS Impeller CCR 250 200', 'SS Impeller CCR 250 200', 6, 16, '25', 1, 0, '0.00000000', '0.00000000', 0, 0, 'Purchessed', 0, 0, '0.00', '0.00', '84139120'),
(1457, 'CI Impeller KGEN 29n 15', 'CI Impeller KGEN 29n 15', 6, 16, '11', 1, 0, '0.00000000', '0.00000000', 0, 0, 'Purchessed', 0, 0, '0.00', '0.00', '84139120'),
(1458, 'Bearing Housing Plug PP CCR 50 160', 'Bearing Housing Plug PP CCR 50 160', 6, 16, '25', 1, 0, '0.00000000', '0.00000000', 0, 0, 'Purchessed', 0, 0, '0.00', '0.00', '84139120'),
(1459, 'Gland Packing (1120) CCR 32,50-125,160,200', 'Gland Packing (1120) CCR 32,50-125,160,200', 6, 16, '25', 1, 0, '0.00000000', '0.00000000', 0, 0, 'Purchessed', 0, 0, '0.00', '0.00', '84139120'),
(1460, 'Rotor Set RT 10 ', 'Rotor Set RT 10 ', 6, 15, '20', 1, 0, '0.00000000', '0.00000000', 0, 0, 'Purchessed', 0, 0, '0.00', '0.00', '84139190'),
(1461, 'Rubber Grommet 4SC 07 / 100 7.5 HP ', 'Rubber Grommet 4SC 07 / 100 7.5 HP ', 6, 18, '97', 1, 0, '0.00000000', '0.00000000', 0, 0, 'Purchessed', 0, 0, '0.00', '0.00', '84139120'),
(1462, 'Rubber Grommet 4SC 10 / 100 10 HP ', 'Rubber Grommet 4SC 10 / 100 10 HP ', 6, 18, '97', 1, 0, '0.00000000', '0.00000000', 0, 0, 'Purchessed', 0, 0, '0.00', '0.00', '84139120'),
(1463, 'Transformer Oil', 'Transformer Oil', 5, 30, '43', 4, 0, '0.00000000', '0.00000000', 0, 0, 'Purchessed', 0, 0, '0.00', '0.00', ''),
(1464, 'SS 316 Circle (OD 170 X 20 Mm)', 'SS 316 Circle (OD 170 X 20 Mm)', 5, 30, '43', 12, 0, '0.00000000', '0.00000000', 0, 0, 'Purchessed', 0, 0, '0.00', '0.00', ''),
(1465, 'SS 316 Circle (OD 145 X 20 Mm)', 'SS 316 Circle (OD 145 X 20 Mm)', 5, 30, '43', 12, 0, '0.00000000', '0.00000000', 0, 0, 'Purchessed', 0, 0, '0.00', '0.00', ''),
(1466, 'SS 316 Circle (OD 190 X 20 Mm)', 'SS 316 Circle (OD 190 X 20 Mm)', 5, 30, '43', 12, 0, '0.00000000', '0.00000000', 0, 0, 'Purchessed', 0, 0, '0.00', '0.00', ''),
(1467, 'SS 316 Circle (OD 155 X 20 Mm)', 'SS 316 Circle (OD 155 X 20 Mm)', 5, 30, '43', 12, 0, '0.00000000', '0.00000000', 0, 0, 'Purchessed', 0, 0, '0.00', '0.00', ''),
(1468, 'SS 202 Circle (OD 170 X 35 Mm)', 'SS 202 Circle (OD 170 X 35 Mm)', 5, 30, '43', 12, 0, '0.00000000', '0.00000000', 0, 0, 'Purchessed', 0, 0, '0.00', '0.00', ''),
(1469, 'Bearing Bracket FRE 50 125', 'Bearing Bracket FRE 50 125', 6, 16, '98', 1, 0, '0.00000000', '0.00000000', 0, 0, 'Purchessed', 0, 0, '0.00', '0.00', '84139120'),
(1470, 'Gasket ', 'Gasket', 6, 16, '13', 1, 0, '0.00000000', '0.00000000', 0, 0, 'Purchessed/Manufactured', 0, 0, '0.00', '0.00', '84139120'),
(1472, 'SG 100 50 LPM', 'SG 100 50 LPM', 1, 6, '95', 1, 0, '0.00000000', '0.00000000', 0, 0, 'Purchessed', 0, 0, '0.00', '0.00', ''),
(1473, 'SG 150 110 LPM', 'SG 150 110 LPM', 1, 6, '95', 1, 0, '0.00000000', '0.00000000', 0, 0, 'Purchessed', 0, 0, '0.00', '0.00', ''),
(1474, 'SG 50 20 LPM 20 Kg/Cm2', 'SG 50 20 LPM 20 Kg/Cm2', 1, 6, '95', 1, 0, '0.00000000', '0.00000000', 0, 0, 'Purchessed', 0, 0, '0.00', '0.00', ''),
(1475, 'Seeger L Ring KGEN 12 6 To 16 6', 'Seeger L Ring KGEN 12 6 To 16 6', 6, 16, '11', 1, 0, '0.00000000', '0.00000000', 0, 0, 'Purchessed', 0, 0, '0.00', '0.00', '84139120'),
(1476, '4SR 10F 40', '4SR 10F 40', 1, 4, '54', 1, 0, '0.00000000', '0.00000000', 0, 0, 'Purchessed', 0, 0, '0.00', '0.00', '84137097'),
(1477, '4SR 15K 50', '4SR 15K 50', 1, 4, '54', 1, 0, '0.00000000', '0.00000000', 0, 0, 'Purchessed', 0, 0, '0.00', '0.00', '84137097'),
(1478, '4SP 10ML 20', '4SP 10ML 20', 1, 4, '54', 1, 0, '0.00000000', '0.00000000', 0, 0, 'Purchessed', 0, 0, '0.00', '0.00', '84137097'),
(1479, 'Shaft (2200) CCR 25 125', 'Shaft (2200) CCR 25 125', 6, 16, '25', 1, 0, '0.00000000', '0.00000000', 0, 0, 'Purchessed/Manufactured', 0, 0, '0.00', '0.00', '84139120'),
(1480, 'Shaft Sleeve S2 (1100) CCR 25 125', 'Shaft Sleeve (1100) CCR 25 125', 6, 16, '25', 1, 0, '0.00000000', '0.00000000', 0, 0, 'Purchessed', 0, 0, '0.00', '0.00', '84139120'),
(1481, 'Stuffing Box (0110) CCR 25 125', 'Stuffing Box (0110) CCR 25 125', 6, 16, '25', 1, 0, '0.00000000', '0.00000000', 0, 0, 'Purchessed', 0, 0, '0.00', '0.00', '84139120'),
(1482, 'CCR 32 200 With Motor', 'CCR 32 200 With Motor', 7, 26, '63', 1, 0, '0.00000000', '0.00000000', 0, 0, 'Purchessed/Manufactured', 0, 0, '0.00', '0.00', '84137091'),
(1483, 'Locating Flange 1.125\"', 'Locating Flange 1.125\"', 6, 17, '33', 1, 0, '0.00000000', '0.00000000', 0, 0, 'Purchessed', 0, 0, '0.00', '0.00', '84139120'),
(1484, 'Other Pumps', 'Other Pumps', 1, 6, '95', 1, 0, '0.00000000', '0.00000000', 0, 0, 'Purchessed', 0, 0, '0.00', '0.00', ''),
(1485, '5 HP / 2900 RPM CGL', '5 HP / 2900 RPM CGL', 3, 35, '58', 1, 0, '0.00000000', '0.00000000', 0, 0, 'Purchessed', 0, 0, '0.00', '0.00', '85012000'),
(1486, 'Other Darling Sinko Pump', 'Other Darling Sinko Pump', 1, 4, '65', 1, 0, '0.00000000', '0.00000000', 0, 0, 'Purchessed', 0, 0, '0.00', '0.00', '84137010'),
(1487, 'Mechanical Seal 50 MM', 'Mechanical Seal 50 Mm', 6, 16, '11', 1, 0, '0.00000000', '0.00000000', 0, 0, 'Purchessed', 0, 0, '0.00', '0.00', '84139120'),
(1488, 'Splash Ring (2220) CCR 32-65 125, 32-50 160, 32-50 200', 'Splash Ring (2220) CCR 32-65 125, 32-50 160, 32-50', 6, 16, '25', 1, 0, '0.00000000', '0.00000000', 0, 0, 'Purchessed', 0, 0, '0.00', '0.00', '84139120'),
(1489, 'Split Gland SS (1140) CCR 25-125 160', 'Split Gland SS (1140) CCR 25-125 160', 6, 16, '25', 1, 0, '0.00000000', '0.00000000', 0, 0, 'Purchessed/Manufactured', 0, 0, '0.00', '0.00', '84139120'),
(1490, 'Split Gland SS (1140) CCR 32-65 125, 32-50 160, 32-50 200', 'Split Gland SS (1140) CCR 32-65 125, 32-50 160, 32', 6, 16, '25', 1, 0, '0.00000000', '0.00000000', 0, 0, 'Purchessed/Manufactured', 0, 0, '0.00', '0.00', '84139120'),
(1491, 'Other Tushaco Pump', 'Other Tushaco Pump', 1, 2, '8', 1, 0, '0.00000000', '0.00000000', 0, 0, 'Purchessed', 0, 0, '0.00', '0.00', '84131990'),
(1492, 'SGX 50 20 LPM 10 Kg/Cm2', 'SGX 50 20 LPM 10 Kg/Cm2', 1, 6, '95', 1, 0, '0.00000000', '0.00000000', 0, 0, 'Purchessed', 0, 0, '0.00', '0.00', ''),
(1493, 'Shaft Bush For TGH 58 80', 'Shaft Bush For TGH 58 80', 6, 16, '77', 1, 0, '0.00000000', '0.00000000', 0, 0, 'Purchessed', 0, 0, '0.00', '0.00', '84139120'),
(1494, 'EN8 Rod (OD 32 Mm)', 'EN8 Rod (OD 32 Mm)', 5, 30, '43', 10, 0, '0.00000000', '0.00000000', 0, 0, 'Purchessed', 0, 0, '0.00', '0.00', ''),
(1495, 'EN8 Rod (OD 24 Mm)', 'EN8 Rod (OD 24 Mm)', 5, 30, '43', 10, 0, '0.00000000', '0.00000000', 0, 0, 'Purchessed', 0, 0, '0.00', '0.00', ''),
(1496, 'Impeller Lock Nut (0520) KGEN 12 5 To 16 6', 'Impeller Lock Nut (0520) KGEN 12 5 To 16 6', 6, 16, '11', 1, 0, '0.00000000', '0.00000000', 0, 0, 'Purchessed', 0, 0, '0.00', '0.00', '84139120'),
(1497, 'Impeller Lock Washer SS (0560) KGEN 12 5 To 16 6', 'Impeller Lock Washer SS (0560) KGEN 12 5 To 16 6', 6, 16, '11', 1, 0, '0.00000000', '0.00000000', 0, 0, 'Purchessed', 0, 0, '0.00', '0.00', '84139120'),
(1498, 'Mechanical Seal 38 MM For Pump', 'Mechanical Seal 38 MM For Pump', 6, 18, '83', 1, 0, '0.00000000', '0.00000000', 0, 0, 'Purchessed', 0, 0, '0.00', '0.00', '84842000'),
(1499, 'Mechanical Seal 38 MM For Motor', 'Mechanical Seal 38 MM For Motor', 6, 18, '83', 1, 0, '0.00000000', '0.00000000', 0, 0, 'Purchessed', 0, 0, '0.00', '0.00', '84842000'),
(1500, 'Oil Baffle (2120) CCR 200 200', 'Oil Baffle (2120) CCR 200 200', 6, 16, '25', 1, 0, '0.00000000', '0.00000000', 0, 0, 'Purchessed', 0, 0, '0.00', '0.00', '84139120'),
(1501, '20 TON Jack', '20 TON Jack', 9, 39, '99', 1, 0, '0.00000000', '0.00000000', 0, 0, 'Purchessed', 0, 0, '0.00', '0.00', '84139190'),
(1502, '5 HP / 60 RPM Geared Motor', '5 HP / 60 RPM Geared Motor', 3, 8, '5', 1, 0, '0.00000000', '0.00000000', 0, 0, 'Purchessed', 0, 0, '0.00', '0.00', '8483'),
(1503, '1\" Filter Die Wooden', '1\" Filter Die Wooden', 2, 12, '40', 1, 0, '0.00000000', '0.00000000', 0, 0, 'Purchessed/Manufactured', 0, 0, '0.00', '0.00', ''),
(1504, 'Other Antico Spares ', 'Other Antico Spares ', 6, 20, '100', 1, 0, '0.00000000', '0.00000000', 0, 0, 'Purchessed', 0, 0, '0.00', '0.00', '84139120'),
(1505, 'Strainer T 2003 H', 'Strainer T 2003 H', 6, 18, '83', 1, 0, '0.00000000', '0.00000000', 0, 0, 'Purchessed', 0, 0, '0.00', '0.00', '84139120'),
(1506, 'Gasket Sheet ', 'Gasket Sheet ', 5, 30, '43', 7, 0, '0.00000000', '0.00000000', 0, 0, 'Purchessed', 0, 0, '0.00', '0.00', ''),
(1507, 'Shaft (2200) CCR 32 To 65 125, 32 To 50 160,32 To 50 200', 'Shaft (2200) CCR 32 To 65 125, 32 To 50 160,32 To ', 6, 16, '25', 1, 0, '0.00000000', '0.00000000', 0, 0, 'Purchessed/Manufactured', 0, 0, '0.00', '0.00', '84139120'),
(1508, 'Shaft Sleeve (S2) (1100) CN 32-65 125, 32-65 160, 32-65 200, 32-50 250', 'Shaft Sleeve (S2) (1100) CN', 6, 16, '13', 1, 0, '0.00000000', '0.00000000', 0, 0, 'Purchessed/Manufactured', 0, 0, '0.00', '0.00', '84139120'),
(1509, 'VGP 12 With Motor', 'VGP 12 With Motor', 7, 27, '101', 1, 0, '0.00000000', '0.00000000', 0, 0, 'Manufactured', 0, 0, '0.00', '0.00', '84137091'),
(1510, 'Geared Motor', 'Geared Motor', 3, 8, '102', 1, 0, '0.00000000', '0.00000000', 0, 0, 'Purchessed', 0, 0, '0.00', '0.00', '8483'),
(1511, 'Pressure Gauge ', 'Pressure Gauge ', 5, 30, '38', 1, 0, '0.00000000', '0.00000000', 0, 0, 'Purchessed', 0, 0, '0.00', '0.00', '9026'),
(1512, 'Temperature Gauge', 'Temperature Gauge', 5, 30, '38', 1, 0, '0.00000000', '0.00000000', 0, 0, 'Purchessed', 0, 0, '0.00', '0.00', '9026'),
(1513, 'Impeller HE 120 CT', 'Impeller HE 120 CT', 6, 17, '33', 1, 0, '0.00000000', '0.00000000', 0, 0, 'Purchessed', 0, 0, '0.00', '0.00', '84139120'),
(1514, 'Pump Casing HE 120 CT', 'Pump Casing HE 120 CT', 6, 17, '33', 1, 0, '0.00000000', '0.00000000', 0, 0, 'Purchessed', 0, 0, '0.00', '0.00', '84139120'),
(1515, '4SC 03G / 80', '4SC 03G / 80', 1, 4, '54', 1, 0, '0.00000000', '0.00000000', 0, 0, 'Purchessed', 0, 0, '0.00', '0.00', '84137097'),
(1516, 'Other Johnson CN Spares ', 'Other Johnson CN Spares ', 6, 16, '13', 1, 0, '0.00000000', '0.00000000', 0, 0, 'Purchessed', 0, 0, '0.00', '0.00', '84139120'),
(1517, 'CCR 50 250 With Motor', 'CCR 50 250 With Motor', 7, 26, '63', 1, 0, '0.00000000', '0.00000000', 0, 0, 'Purchessed/Manufactured', 0, 0, '0.00', '0.00', '84137091'),
(1518, 'Bearing (6308) T1503, T2003 & T2504', 'Bearing (6308) T1503, T2003 & T2504', 6, 18, '83', 1, 0, '0.00000000', '0.00000000', 0, 0, 'Purchessed', 0, 0, '0.00', '0.00', '84821020'),
(1519, 'Bearing (3308) T1503, T2003 & T2504', 'Bearing (3308) T1503, T2003 & T2504', 6, 18, '83', 1, 0, '0.00000000', '0.00000000', 0, 0, 'Purchessed', 0, 0, '0.00', '0.00', '84821020'),
(1520, 'DOL Starter Panel', 'DOL Starter Panel', 5, 30, '38', 1, 0, '0.00000000', '0.00000000', 0, 0, 'Purchessed', 0, 0, '0.00', '0.00', '85371000'),
(1521, 'PP Foot Valve', 'PP Foot Valve', 5, 30, '38', 1, 0, '0.00000000', '0.00000000', 0, 0, 'Purchessed', 0, 0, '0.00', '0.00', ''),
(1522, 'Cable', 'Cable', 5, 30, '38', 2, 0, '0.00000000', '0.00000000', 0, 0, 'Purchessed', 0, 0, '0.00', '0.00', '8544'),
(1523, 'Hose Pipe', 'Hose Pipe', 5, 30, '38', 2, 0, '0.00000000', '0.00000000', 0, 0, 'Purchessed', 0, 0, '0.00', '0.00', ''),
(1524, 'Hose Clip', 'Hose Clip', 5, 30, '38', 1, 0, '0.00000000', '0.00000000', 0, 0, 'Purchessed', 0, 0, '0.00', '0.00', ''),
(1525, 'Hose Nipple', 'Hose Nipple', 5, 30, '38', 1, 0, '0.00000000', '0.00000000', 0, 0, 'Purchessed', 0, 0, '0.00', '0.00', ''),
(1526, '1 HP/3000 RPM CGL Single Phase', '1 HP/3000 RPM CGL Single Phase', 3, 35, '58', 1, 0, '0.00000000', '0.00000000', 0, 0, 'Purchessed', 0, 0, '0.00', '0.00', '85012000'),
(1527, 'Dowel Pin R50 SL ', 'Dowel Pin R50 SL ', 6, 15, '78', 1, 0, '0.00000000', '0.00000000', 0, 0, 'Purchessed', 0, 0, '0.00', '0.00', '84139190'),
(1528, 'Piston R50 SL ', 'Piston R50 SL ', 6, 15, '78', 1, 0, '0.00000000', '0.00000000', 0, 0, 'Purchessed', 0, 0, '0.00', '0.00', '84139190'),
(1529, 'Rotor R50 SL', 'Rotor R50 SL', 6, 15, '78', 1, 0, '0.00000000', '0.00000000', 0, 0, 'Purchessed', 0, 0, '0.00', '0.00', '84139190'),
(1530, 'Shuttle R50 SL', 'Shuttle R50 SL', 6, 15, '78', 1, 0, '0.00000000', '0.00000000', 0, 0, 'Purchessed', 0, 0, '0.00', '0.00', '84139190'),
(1531, 'CCR 100 400 With Motor', 'CCR 100 400 With Motor', 7, 26, '63', 1, 0, '0.00000000', '0.00000000', 0, 0, 'Purchessed/Manufactured', 0, 0, '0.00', '0.00', '84137091'),
(1532, 'Shaft Sleeve SS (S2) (1200) CCR 32 To 65-125,32 To 50-160,32 To 50-200', 'Shaft Sleeve SS (S2) (1200) CCR 32 To 65-125,32 To', 6, 16, '25', 1, 0, '0.00000000', '0.00000000', 0, 0, 'Purchessed/Manufactured', 0, 0, '0.00', '0.00', '84139120'),
(1533, 'HD 3530 With Motor', 'HD 3530 With Motor', 7, 28, '66', 1, 0, '0.00000000', '0.00000000', 0, 0, 'Purchessed/Manufactured', 0, 0, '0.00', '0.00', ''),
(1534, 'Circlip KGEN 25n 10', 'Circlip KGEN 25n 10', 6, 16, '11', 1, 0, '0.00000000', '0.00000000', 0, 0, 'Purchessed', 0, 0, '0.00', '0.00', '84139120'),
(1535, 'Internal Circlip  (2300) CCR 25-65 125, 25-50 160, 32-50 200', 'Internal Circlip  (2300) CCR 25-65 125, 25-50 160,', 6, 16, '25', 1, 0, '0.00000000', '0.00000000', 0, 0, 'Purchessed', 0, 0, '0.00', '0.00', '84139120'),
(1536, 'Circlip NSS 65 250 W8', 'Circlip NSS 65 250 W8', 6, 15, '17', 1, 0, '0.00000000', '0.00000000', 0, 0, 'Purchessed', 0, 0, '0.00', '0.00', '84139190');
INSERT INTO `items` (`id`, `name`, `alias`, `item_category_id`, `item_group_id`, `item_sub_group_id`, `unit_id`, `ob_quantity`, `ob_rate`, `ob_value`, `freeze`, `serial_number_enable`, `source`, `minimum_quantity`, `maximum_quantity`, `dynamic_cost`, `minimum_selling_price_factor`, `hsn_code`) VALUES
(1537, 'Metering Pump SS 100 LPH', 'Metering Pump SS 100 LPH', 1, 6, '95', 1, 0, '0.00000000', '0.00000000', 0, 0, 'Purchessed', 0, 0, '0.00', '0.00', ''),
(1538, 'HE 130 CT', 'HE 130 CT', 1, 6, '95', 1, 0, '0.00000000', '0.00000000', 0, 0, 'Purchessed', 0, 0, '0.00', '0.00', '84137091'),
(1539, 'Filter Element 4\" ', 'Filter Element 4\" ', 2, 32, '42', 1, 0, '0.00000000', '0.00000000', 0, 0, 'Purchessed/Manufactured', 0, 0, '0.00', '0.00', ''),
(1540, 'Trim Gasket Copes Vulcan 2\" CL 900 WCB', 'Trim Gasket Copes Vulcan 2\" CL 900 WCB', 6, 20, '100', 1, 0, '0.00000000', '0.00000000', 0, 0, 'Purchessed', 0, 0, '0.00', '0.00', ''),
(1541, '0.5 HP 1500 RPM Flange Mounted', '0.5 HP 1500 RPM Flange Mounted', 3, 40, '103', 1, 0, '0.00000000', '0.00000000', 0, 0, 'Purchessed', 0, 0, '0.00', '0.00', '85015210'),
(1542, '1\" Ball Valve Bronze Screw End', '1\" Ball Valve Bronze Screw End', 5, 30, '38', 1, 0, '0.00000000', '0.00000000', 0, 0, 'Purchessed', 0, 0, '0.00', '0.00', ''),
(1543, '1.125\"  Clamp Ring For Mechanical Seal', '1.125\"  Clamp Ring For Mechanical Seal', 6, 17, '33', 1, 0, '0.00000000', '0.00000000', 0, 0, 'Purchessed', 0, 0, '0.00', '0.00', '84139120'),
(1544, '1.125\" Mechanical Seal CPO ', '1.125\" Mechanical Seal CPO ', 5, 30, '38', 1, 0, '0.00000000', '0.00000000', 0, 0, 'Purchessed', 0, 0, '0.00', '0.00', '84842000'),
(1546, '1.375\" Carbon Stationary Ring ', '1.375\" Carbon Stationary Ring ', 6, 17, '16', 1, 0, '0.00000000', '0.00000000', 0, 0, 'Purchessed', 0, 0, '0.00', '0.00', '84842000'),
(1547, '1.5\" Tyre', '1.5\" Tyre', 5, 30, '38', 1, 0, '0.00000000', '0.00000000', 0, 0, 'Purchessed', 0, 0, '0.00', '0.00', ''),
(1548, '0.5\" Filter Element Die', '0.5\" Filter Element Die', 2, 32, '42', 3, 0, '0.00000000', '0.00000000', 0, 0, 'Purchessed', 0, 0, '0.00', '0.00', ''),
(1549, 'Mechanical Seal 4DRR 10 HP ', 'Mechanical Seal 4DRR 10 HP ', 6, 18, '73', 1, 0, '0.00000000', '0.00000000', 0, 0, 'Purchessed', 0, 0, '0.00', '0.00', '84842000'),
(1550, '2\" CI Flange', '2\" CI Flange', 5, 30, '38', 1, 0, '0.00000000', '0.00000000', 0, 0, 'Purchessed', 0, 0, '0.00', '0.00', ''),
(1551, '3\" Canvas Pipe ', '3\" Canvas Pipe ', 5, 30, '43', 2, 0, '0.00000000', '0.00000000', 0, 0, 'Purchessed', 0, 0, '0.00', '0.00', ''),
(1552, '3\" CI Flange', '3\" CI Flange', 5, 30, '38', 1, 0, '0.00000000', '0.00000000', 0, 0, 'Purchessed', 0, 0, '0.00', '0.00', ''),
(1553, 'Bearing 38/46', 'Bearing 38/46', 6, 15, '17', 1, 0, '0.00000000', '0.00000000', 0, 0, 'Purchessed', 0, 0, '0.00', '0.00', '84139190'),
(1554, 'Bearing Bush 38/46', 'Bearing Bush 38/46', 6, 15, '17', 1, 0, '0.00000000', '0.00000000', 0, 0, 'Purchessed', 0, 0, '0.00', '0.00', '84139190'),
(1555, 'Circlip 38/46', 'Circlip 38/46', 6, 15, '17', 1, 0, '0.00000000', '0.00000000', 0, 0, 'Purchessed', 0, 0, '0.00', '0.00', '84139190'),
(1556, 'O Ring 38/46', 'O Ring 38/46', 6, 15, '17', 1, 0, '0.00000000', '0.00000000', 0, 0, 'Purchessed', 0, 0, '0.00', '0.00', '84139190'),
(1557, 'SS Mesh 80 Micron', 'SS Mesh 80 Micron', 5, 30, '43', 10, 0, '0.00000000', '0.00000000', 0, 0, 'Purchessed', 0, 0, '0.00', '0.00', ''),
(1558, 'AMP  Meter', 'AMP  Meter', 5, 30, '38', 1, 0, '0.00000000', '0.00000000', 0, 0, 'Purchessed', 0, 0, '0.00', '0.00', ''),
(1559, 'Bronze Rod (OD 20 Mm)', 'Bronze Rod (OD 20 mm)', 5, 30, '43', 6, 0, '0.00000000', '0.00000000', 0, 0, 'Purchessed', 0, 0, '0.00', '0.00', ''),
(1560, 'Bronze Rod (OD 40 Mm)', 'Bronze Rod (OD 40 Mm)', 5, 30, '43', 6, 0, '0.00000000', '0.00000000', 0, 0, 'Purchessed', 0, 0, '0.00', '0.00', ''),
(1562, 'Bearing (6206) ', 'Bearing (6206) ', 6, 16, '25', 1, 0, '0.00000000', '0.00000000', 0, 0, 'Purchessed', 0, 0, '0.00', '0.00', '84821020'),
(1563, 'Bearing Cover (2110,2115) CCR 25 125', 'Bearing Cover (2110,2115) CCR 25 125', 6, 16, '25', 1, 0, '0.00000000', '0.00000000', 0, 0, 'Purchessed', 0, 0, '0.00', '0.00', '84139120'),
(1564, 'Bearing Housing (2100) CCR 25 125 ', 'Bearing Housing (2100) CCR 25 125 ', 6, 16, '25', 1, 0, '0.00000000', '0.00000000', 0, 0, 'Purchessed', 0, 0, '0.00', '0.00', '84139120'),
(1565, 'External Circlip (2360) CCR 25-125,25-160', 'External Circlip (2360) CCR 25-125,25-160', 6, 16, '25', 1, 0, '0.00000000', '0.00000000', 0, 0, 'Purchessed', 0, 0, '0.00', '0.00', '84139120'),
(1566, 'Cooling Pipe  ', 'Cooling Pipe  ', 6, 16, '25', 1, 0, '0.00000000', '0.00000000', 0, 0, 'Purchessed', 0, 0, '0.00', '0.00', '84139120'),
(1567, 'Seal Cover (1230) CCR 25 -125 160', 'Seal Cover (1230) CCR 25-125 160', 6, 16, '25', 1, 0, '0.00000000', '0.00000000', 0, 0, 'Purchessed', 0, 0, '0.00', '0.00', '84139120'),
(1568, 'Bottom Ring (S2) (1110) CCR  25-125 To 160', 'Bottom Ring (S2) (1110) CCR  25-125 To 160', 6, 16, '25', 1, 0, '0.00000000', '0.00000000', 0, 0, 'Purchessed', 0, 0, '0.00', '0.00', '84139120'),
(1569, 'Bush For Gland (1141) CCR 25-125 To 160', 'Bush For Gland (1141) CCR 25-125 To 160', 6, 16, '25', 1, 0, '0.00000000', '0.00000000', 0, 0, 'Purchessed', 0, 0, '0.00', '0.00', '84139120'),
(1570, 'SS Impeller CCR 25 125', 'SS Impeller CCR 25 125', 6, 16, '25', 1, 0, '0.00000000', '0.00000000', 0, 0, 'Purchessed', 0, 0, '0.00', '0.00', '84139120'),
(1571, 'Impeller Cap Nut SS 316 CCR 25 125', 'Impeller Cap Nut SS 316 CCR 25 125', 6, 16, '25', 1, 0, '0.00000000', '0.00000000', 0, 0, 'Purchessed', 0, 0, '0.00', '0.00', '84139120'),
(1572, 'Pipe Nipple (1420) CCR 25 125', 'Pipe Nipple (1420) CCR 25 125', 6, 16, '25', 1, 0, '0.00000000', '0.00000000', 0, 0, 'Purchessed', 0, 0, '0.00', '0.00', '84139120'),
(1573, 'Socket Head Plug (1310) CCR ', 'Socket Head Plug (1310) CCR ', 6, 16, '25', 1, 0, '0.00000000', '0.00000000', 0, 0, 'Purchessed', 0, 0, '0.00', '0.00', '84139120'),
(1574, 'Shaft Sleeve (M2)(1200) CCR 25 125', 'Shaft Sleeve (M2)(1200) CCR 25 125', 6, 16, '25', 1, 0, '0.00000000', '0.00000000', 0, 0, 'Purchessed', 0, 0, '0.00', '0.00', '84139120'),
(1575, 'Splash Ring (2220) CCR 25-125 To 160', 'Splash Ring (2220) CCR 25-125 To 160', 6, 16, '25', 1, 0, '0.00000000', '0.00000000', 0, 0, 'Purchessed', 0, 0, '0.00', '0.00', '84139120'),
(1576, 'Adjusting Ring (2340) CCR 25-125 To 160', 'Adjusting Ring (2340) CCR 25-125 To 160', 6, 16, '25', 1, 0, '0.00000000', '0.00000000', 0, 0, 'Purchessed', 0, 0, '0.00', '0.00', '84139120'),
(1577, 'Pipe Nipple (1420) CCR 32 To 80 -125 To 250, 100-200', 'Pipe Nipple (1420) CCR 32 To 80 -125 To 250, 100-2', 6, 16, '25', 1, 0, '0.00000000', '0.00000000', 0, 0, 'Purchessed', 0, 0, '0.00', '0.00', '84139120'),
(1578, 'Bottom Ring (S2) (1110) CCR 32 To 65-125 To 200', 'Bottom Ring (S2) (1110) CCR 32 To 65-125 To 200', 6, 16, '25', 1, 0, '0.00000000', '0.00000000', 0, 0, 'Purchessed/Manufactured', 0, 0, '0.00', '0.00', '84139120'),
(1579, 'Bottom Ring (M2) (1110) CCR 32 To 65-125 To 200', 'Bottom Ring (M2) (1110) CCR 32 To 65-125 To 200', 6, 16, '25', 1, 0, '0.00000000', '0.00000000', 0, 0, 'Purchessed/Manufactured', 0, 0, '0.00', '0.00', '84139120'),
(1580, 'Bearing Housing (2100) CCR 32 To 50-200', 'Bearing Housing (2100) CCR 32 To 50-200', 6, 16, '25', 1, 0, '0.00000000', '0.00000000', 0, 0, 'Purchessed', 0, 0, '0.00', '0.00', '84139120'),
(1581, 'Seal Cover (M2) (1230) CCR 32 To  80-160 To 250, 100-200', 'Seal Cover (M2) (1230) CCR 32 To  80-160 To 250, ', 6, 16, '25', 1, 0, '0.00000000', '0.00000000', 0, 0, 'Purchessed/Manufactured', 0, 0, '0.00', '0.00', '84139120'),
(1582, 'Shaft Sleeve SS (M2) (1100) CCR 32 To 65-125, 32 To 50-160, 32 To 50-200', 'Shaft Sleeve SS (M2) (1100) CCR', 6, 16, '25', 1, 0, '0.00000000', '0.00000000', 0, 0, 'Purchessed/Manufactured', 0, 0, '0.00', '0.00', '84139120'),
(1583, '5 HP 3000 RPM BBL FLP Motor', '5 HP 3000 RPM BBL FLP Motor', 3, 7, '87', 1, 0, '0.00000000', '0.00000000', 0, 0, 'Purchessed', 0, 0, '0.00', '0.00', '85021927'),
(1584, 'Adaptor RRL 150 Coupling', 'Adaptor RRL 150 Coupling', 5, 29, '37', 1, 0, '0.00000000', '0.00000000', 0, 0, 'Purchessed/Manufactured', 0, 0, '0.00', '0.00', ''),
(1585, 'Hex Bolt 8 Mm', 'Hex Bolt 8 Mm', 5, 30, '43', 1, 0, '0.00000000', '0.00000000', 0, 0, 'Purchessed/Manufactured', 0, 0, '0.00', '0.00', ''),
(1586, 'Back Plate HE 100 CT', 'Back Plate HE 100 CT', 6, 17, '33', 1, 0, '0.00000000', '0.00000000', 0, 0, 'Purchessed', 0, 0, '0.00', '0.00', '84139120'),
(1587, 'Back Plate HE 120 CT', 'Back Plate HE 120 CT', 6, 17, '33', 1, 0, '0.00000000', '0.00000000', 0, 0, 'Purchessed', 0, 0, '0.00', '0.00', '84139120'),
(1588, 'Impeller PP HE 130 CT', 'Impeller PP HE 130 CT', 6, 17, '33', 1, 0, '0.00000000', '0.00000000', 0, 0, 'Purchessed', 0, 0, '0.00', '0.00', '84139120'),
(1589, 'Ball Bearing (6311) T3ST 100/42', 'Ball Bearing (6311)  T3ST 100/42', 6, 15, '17', 1, 0, '0.00000000', '0.00000000', 0, 0, 'Purchessed', 0, 0, '0.00', '0.00', '84139190'),
(1590, 'Other Johnson CN Pumps', 'Other Johnson CN Pumps', 1, 1, '1', 1, 0, '0.00000000', '0.00000000', 0, 0, 'Purchessed', 0, 0, '0.00', '0.00', '84137010'),
(1591, '55 Ton Jack', '55 Ton Jack', 9, 39, '104', 1, 0, '0.00000000', '0.00000000', 0, 0, 'Purchessed', 0, 0, '0.00', '0.00', '84139190'),
(1592, 'CCR 40 125 With Motor', 'CCR 40 125 With Motor', 7, 26, '63', 1, 0, '0.00000000', '0.00000000', 0, 0, 'Purchessed/Manufactured', 0, 0, '0.00', '0.00', '84137091'),
(1593, '4 SC 05G / 20', '4 SC 05G / 20', 1, 4, '54', 1, 0, '0.00000000', '0.00000000', 0, 0, 'Purchessed', 0, 0, '0.00', '0.00', '84137097'),
(1594, '4 SC 07I / 20', '4 SC 07I / 20', 1, 4, '54', 1, 0, '0.00000000', '0.00000000', 0, 0, 'Purchessed', 0, 0, '0.00', '0.00', '84137097'),
(1595, 'CT 65A 250 ', 'CT 65A 250 ', 1, 1, '74', 1, 0, '0.00000000', '0.00000000', 0, 0, 'Purchessed', 0, 0, '0.00', '0.00', '84137091'),
(1596, 'PL 1011 With Motor', 'PL 1011 With Motor', 7, 28, '66', 1, 0, '0.00000000', '0.00000000', 0, 0, 'Purchessed/Manufactured', 0, 0, '0.00', '0.00', ''),
(1597, 'PL 2017 With Motor', 'PL 2017 With Motor', 7, 28, '66', 1, 0, '0.00000000', '0.00000000', 0, 0, 'Purchessed/Manufactured', 0, 0, '0.00', '0.00', ''),
(1598, 'S 528', 'S 528', 1, 4, '65', 1, 0, '0.00000000', '0.00000000', 0, 0, 'Purchessed', 0, 0, '0.00', '0.00', '84137010'),
(1599, 'SS Impeller CCR 40c 160', 'SS Impeller CCR 40c 160', 6, 16, '25', 1, 0, '0.00000000', '0.00000000', 0, 0, 'Purchessed', 0, 0, '0.00', '0.00', '84139120'),
(1600, 'Shaft Sleeve (M2) (1100) CN 32-65 125, 32-65 160, 32-65 200, 32-50 250', 'Shaft Sleeve (M2) (1100) CN 32-65 125, 32-65 160, ', 6, 16, '13', 1, 0, '0.00000000', '0.00000000', 0, 0, 'Purchessed/Manufactured', 0, 0, '0.00', '0.00', '84139120'),
(1601, 'CI Impeller CN 40 250', 'CI Impeller CN 40 250', 6, 16, '13', 1, 0, '0.00000000', '0.00000000', 0, 0, 'Purchessed', 0, 0, '0.00', '0.00', '84139120'),
(1602, 'Seal Cover (M2) (1230) CN 32 To 65-125, 32 To 80-160, 32 To 65-200, 32 To 65-250', 'Seal Cover (M2) (1230) CN 32 To 65-125, 32 To 80-1', 6, 16, '13', 1, 0, '0.00000000', '0.00000000', 0, 0, 'Purchessed/Manufactured', 0, 0, '0.00', '0.00', '84139120'),
(1603, 'MS Circle', 'MS Circle', 5, 30, '38', 1, 0, '0.00000000', '0.00000000', 0, 0, 'Purchessed', 0, 0, '0.00', '0.00', ''),
(1604, 'Casing NS 50 Pump', 'Casing NS 40 Pump', 6, 17, '15', 1, 0, '0.00000000', '0.00000000', 0, 0, 'Purchessed', 0, 0, '0.00', '0.00', '84139120'),
(1605, '4DRR-20J/16+', '4DRR-20J/16+', 1, 4, '72', 1, 0, '0.00000000', '0.00000000', 0, 0, 'Purchessed', 0, 0, '0.00', '0.00', '84137097'),
(1606, 'Oil Baffle (2125) CCR 32 To 65-125,32 To 50-160,32 To 50-200', 'Oil Baffle (2125) CCR 32 To 65-125,32 To 50-160,32', 6, 16, '25', 1, 0, '0.00000000', '0.00000000', 0, 0, 'Purchessed/Manufactured', 0, 0, '0.00', '0.00', '84139120'),
(1607, 'Stuffing Box (0110) CCR 50 200', 'Stuffing Box (0110) CCR 50 200', 6, 16, '25', 1, 0, '0.00000000', '0.00000000', 0, 0, 'Purchessed', 0, 0, '0.00', '0.00', '84139120'),
(1608, 'CCR 40 200 With Motor', 'CCR 40 200 With Motor', 7, 26, '63', 1, 0, '0.00000000', '0.00000000', 0, 0, 'Purchessed/Manufactured', 0, 0, '0.00', '0.00', '84137091'),
(1609, 'Lock Nut (2560) CCR 32 To 65 125,32 To 50 160,32 To 50 200', 'Lock Nut (2560) CCR 32 To 65 125,32 To 50 160,32 T', 6, 16, '25', 1, 0, '0.00000000', '0.00000000', 0, 0, 'Purchessed', 0, 0, '0.00', '0.00', '84139120'),
(1610, 'Tranter Plate Type Heat Exchanger XXL', 'Tranter Plate Type Heat Exchanger XXL', 8, 33, '44', 1, 0, '0.00000000', '0.00000000', 0, 0, 'Purchessed', 0, 0, '0.00', '0.00', '84195020'),
(1611, 'Oil Leveller Johnson Pump', 'Oil Leveller Johnson Pump', 6, 16, '25', 1, 0, '0.00000000', '0.00000000', 0, 0, 'Purchessed', 0, 0, '0.00', '0.00', '84139120'),
(1613, '3 HP /1500 RPM FLP CGL', '3 HP /1500 RPM FLP CGL', 3, 35, '57', 1, 0, '0.00000000', '0.00000000', 0, 0, 'Purchessed', 0, 0, '0.00', '0.00', '85021927'),
(1614, 'Diffuser  For T 2504', 'Diffuser for T 2504', 6, 18, '83', 1, 0, '0.00000000', '0.00000000', 0, 0, 'Purchessed', 0, 0, '0.00', '0.00', '84139120'),
(1615, 'Impeller T 2504', 'Impeller T 2504', 6, 18, '83', 1, 0, '0.00000000', '0.00000000', 0, 0, 'Purchessed', 0, 0, '0.00', '0.00', '84139120'),
(1616, 'Impeller Key  (1860) CCR 32 To 65 125, 32 To 50 160,32 To 50 200', 'Impeller Key  (1860) CCR 32 To 65 125, 32 To 50 16', 6, 16, '25', 1, 0, '0.00000000', '0.00000000', 0, 0, 'Purchessed/Manufactured', 0, 0, '0.00', '0.00', '84139120'),
(1617, 'ED 04', 'ED 04', 1, 3, '24', 1, 0, '0.00000000', '0.00000000', 0, 0, 'Purchessed', 0, 0, '0.00', '0.00', '84135010'),
(1618, 'Casing Plug MS (0310,0320) CN 25 125,160', 'Casing Plug MS (0310,0320) CN 25 125,160', 6, 16, '13', 1, 0, '0.00000000', '0.00000000', 0, 0, 'Purchessed', 0, 0, '0.00', '0.00', '84139120'),
(1619, 'Bottom Ring (S2) (1110) CN 32 To 65-125 To 200', 'Bottom Ring (S2) (1110) CN 32 To 65-125 To 200', 6, 16, '13', 1, 0, '0.00000000', '0.00000000', 0, 0, 'Purchessed/Manufactured', 0, 0, '0.00', '0.00', '84139120'),
(1620, 'Bush For Gland (1141) CN 32 To 65 125,32 To 80 160,32 To 65 200,32 To 50 250', 'Bush For Gland (1141) CN 32 To 65 125,32 To 80 160', 6, 16, '13', 1, 0, '0.00000000', '0.00000000', 0, 0, 'Purchessed/Manufactured', 0, 0, '0.00', '0.00', '84139120'),
(1621, 'Pump Casing CN 50 160', 'Pump Casing CN 50 160', 6, 16, '13', 1, 0, '0.00000000', '0.00000000', 0, 0, 'Purchessed', 0, 0, '0.00', '0.00', '84139120'),
(1622, 'Stuffing Box (0110) CN 65 160 ', 'Stuffing Box (0110) CN 65 160 ', 6, 16, '13', 1, 0, '0.00000000', '0.00000000', 0, 0, 'Purchessed', 0, 0, '0.00', '0.00', '84139120'),
(1623, 'Bush For Gland (1141) CN 50 TO 100 315,65 TO 125 250,,80 200, 100 160', 'Bush For Gland (1141) CN 50 TO 100 315,65 TO 125 2', 6, 16, '13', 1, 0, '0.00000000', '0.00000000', 0, 0, 'Purchessed/Manufactured', 0, 0, '0.00', '0.00', '84139120'),
(1624, 'Bottom Ring (S2) (1110) CN 40 TO 100 315,80 TO 125 250', 'Bottom Ring (S2) (1110) CN 40 TO 100 315,80 TO 125', 6, 16, '13', 1, 0, '0.00000000', '0.00000000', 0, 0, 'Purchessed/Manufactured', 0, 0, '0.00', '0.00', '84139120'),
(1625, 'Oil Baffle (2120) CN 65 TO 125 315,65 TO 100 250, 80 TO 100 ,160-200', 'Oil Baffle (2120) CN 65 TO 125 315,65 TO 100 250, ', 6, 16, '13', 1, 0, '0.00000000', '0.00000000', 0, 0, 'Purchessed/Manufactured', 0, 0, '0.00', '0.00', '84139120'),
(1627, 'Star Washer EXP 50 / 55 / 160 CT', 'Star Washer EXP 50 / 55 / 160 CT', 6, 17, '16', 1, 0, '0.00000000', '0.00000000', 0, 0, 'Purchessed', 0, 0, '0.00', '0.00', '84139120'),
(1628, 'Oil Seal EXP(73635728) 50 CT / 55 ST / 160 CT', 'Oil Seal EXP(73635728) 50 CT / 55 ST / 160 CT', 6, 17, '16', 1, 0, '0.00000000', '0.00000000', 0, 0, 'Purchessed', 0, 0, '0.00', '0.00', '84139120'),
(1629, 'Foundation Bolt ', 'Foundation Bolt ', 6, 20, '100', 3, 0, '0.00000000', '0.00000000', 0, 0, 'Purchessed', 0, 0, '0.00', '0.00', ''),
(1630, 'Oil Seal (1235) FRE 65 155', 'Oil Seal (1235) FRE 65 155', 6, 16, '98', 1, 0, '0.00000000', '0.00000000', 0, 0, 'Purchessed', 0, 0, '0.00', '0.00', '84139120'),
(1631, 'Soft Packing (1120) CN 32 To 65 125,32 To 80 160,32 To 65 200,32 To 50 250', 'Soft Packing (1120) CN 32 To 65 125,32 To 80 160,3', 6, 16, '13', 3, 0, '0.00000000', '0.00000000', 0, 0, '', 0, 0, '0.00', '0.00', '84139120'),
(1632, 'Bearing Housing HE 100 CT', 'Bearing Housing HE 100 CT', 6, 17, '33', 1, 0, '0.00000000', '0.00000000', 0, 0, 'Purchessed', 0, 0, '0.00', '0.00', '84139120'),
(1633, 'Grease Cup (72050100) HE 130', 'Grease Cup (72050100) HE 130', 6, 17, '33', 1, 0, '0.00000000', '0.00000000', 0, 0, 'Purchessed', 0, 0, '0.00', '0.00', '84139120'),
(1634, 'Adjusting Ring Impeller KGEN 12 5', 'Adjusting Ring Impeller KGEN 12 5', 6, 16, '11', 1, 0, '0.00000000', '0.00000000', 0, 0, 'Purchessed', 0, 0, '0.00', '0.00', '84139120'),
(1635, 'Allen Bolt Impeller KGEN 12 5', 'Allen Bolt Impeller KGEN 12 5', 6, 16, '11', 1, 0, '0.00000000', '0.00000000', 0, 0, 'Purchessed', 0, 0, '0.00', '0.00', '84139120'),
(1636, 'Casing Plug KGEN 12 5', 'Casing Plug KGEN 12 5', 6, 16, '11', 1, 0, '0.00000000', '0.00000000', 0, 0, 'Purchessed', 0, 0, '0.00', '0.00', '84139120'),
(1637, 'Circlip KGEN 12 5', 'Circlip KGEN 12 5', 6, 16, '11', 1, 0, '0.00000000', '0.00000000', 0, 0, 'Purchessed', 0, 0, '0.00', '0.00', '84139120'),
(1638, 'Hex Bolt KGEN 12 5', 'Hex Bolt KGEN 12 5', 6, 16, '11', 1, 0, '0.00000000', '0.00000000', 0, 0, 'Purchessed', 0, 0, '0.00', '0.00', '84139120'),
(1639, 'NRV KGEN 16 6', 'NRV KGEN 16 6', 6, 16, '11', 1, 0, '0.00000000', '0.00000000', 0, 0, 'Purchessed', 0, 0, '0.00', '0.00', '84139120'),
(1640, 'Socket Head KGEN 21 8', 'Socket Head KGEN 21 8', 6, 16, '11', 10, 0, '0.00000000', '0.00000000', 0, 0, 'Purchessed', 0, 0, '0.00', '0.00', '84139120'),
(1641, 'WW 152', 'WW 152', 1, 4, '52', 1, 0, '0.00000000', '0.00000000', 0, 0, 'Purchessed', 0, 0, '0.00', '0.00', '84137010'),
(1642, 'VGP 13 With Motor', 'VGP 13 With Motor', 7, 27, '101', 1, 0, '0.00000000', '0.00000000', 0, 0, 'Manufactured', 0, 0, '0.00', '0.00', '84137091'),
(1643, 'HD 3530/SZ2', 'HD 3530/SZ2', 1, 3, '31', 1, 0, '0.00000000', '0.00000000', 0, 0, 'Purchessed', 0, 0, '0.00', '0.00', '84135010'),
(1644, 'WP 10E/40', 'WP 10E/40', 1, 4, '52', 1, 0, '0.00000000', '0.00000000', 0, 0, 'Purchessed', 0, 0, '0.00', '0.00', '84137010'),
(1645, 'Perforated Sheet (3 Mm)', 'Perforated Sheet (3 Mm)', 5, 30, '43', 7, 0, '0.00000000', '0.00000000', 0, 0, 'Purchessed', 0, 0, '0.00', '0.00', ''),
(1646, 'SS 304 Rod (OD 55 MM)', 'SS 304 Rod (OD 55 MM)', 5, 30, '43', 6, 0, '0.00000000', '0.00000000', 0, 0, 'Purchessed', 0, 0, '0.00', '0.00', ''),
(1647, 'EN8 Rod (45 MM)', 'EN8 Rod (45 MM)', 5, 30, '43', 6, 0, '0.00000000', '0.00000000', 0, 0, 'Purchessed', 0, 0, '0.00', '0.00', ''),
(1648, 'KGEN 21 8 With Motor', 'KGEN 21 8 With Motor', 7, 26, '30', 1, 0, '0.00000000', '0.00000000', 0, 0, 'Manufactured', 0, 0, '0.00', '0.00', ''),
(1649, 'Other Antico Pump', 'Other Antico Pump', 1, 5, '59', 1, 0, '0.00000000', '0.00000000', 0, 0, 'Purchessed/Manufactured', 0, 0, '0.00', '0.00', '84137091'),
(1650, 'Power Team Motor', 'Power Team Motor', 9, 39, '105', 1, 0, '0.00000000', '0.00000000', 0, 0, 'Purchessed', 0, 0, '0.00', '0.00', '84139190'),
(1651, 'CN 50 125 G1 S2 L3', 'CN 50 125 G1 S2 L3', 1, 1, '1', 1, 0, '0.00000000', '0.00000000', 0, 0, 'Purchessed', 0, 0, '0.00', '0.00', '84137010'),
(1652, 'DJ 53', 'DJ 53', 1, 4, '53', 1, 0, '0.00000000', '0.00000000', 0, 0, 'Purchessed/Manufactured', 0, 0, '0.00', '0.00', '84137010'),
(1653, 'CN 125 315 With Motor', 'CN 125 315 With Motor', 7, 26, '62', 1, 0, '0.00000000', '0.00000000', 0, 0, 'Purchessed/Manufactured', 0, 0, '0.00', '0.00', ''),
(1654, 'Adjusting Ring (2340) CN 100 160, 80 -100 200, 65-125  250, 40-100 315', 'Adjusting Ring (2340) CN 100 160, 80 -100 200, 65', 6, 16, '13', 1, 0, '0.00000000', '0.00000000', 0, 0, 'Purchessed/Manufactured', 0, 0, '0.00', '0.00', '84139120'),
(1655, 'Reducing Nipple (1450) CCR 32 To 60-125, 32 To 80-160, 32 To 80-250, 40 To 65-315, 100-200', 'Reducing Nipple (1450) CCR 32 To 60-125, 32 To 80-', 6, 16, '25', 1, 0, '0.00000000', '0.00000000', 0, 0, 'Purchessed', 0, 0, '0.00', '0.00', '84139120'),
(1656, 'Bearing Cover 38/46', 'Bearing Cover 38/46', 6, 15, '17', 1, 0, '0.00000000', '0.00000000', 0, 0, 'Purchessed', 0, 0, '0.00', '0.00', '84139190'),
(1657, 'Shaft Sleeve 1.375 Antico  (SS 316 MOC)', 'Shaft Sleeve 1.375 (SS 316 MOC)', 6, 17, '16', 1, 0, '0.00000000', '0.00000000', 0, 0, 'Purchessed/Manufactured', 0, 0, '0.00', '0.00', '84139120'),
(1658, ' 4 SC-07I/100', ' 4 SC-07I/100', 1, 4, '54', 1, 0, '0.00000000', '0.00000000', 0, 0, 'Manufactured', 0, 0, '0.00', '0.00', '84137097'),
(1661, 'Winding Kit ', 'Winding Kit ', 5, 30, '43', 1, 0, '0.00000000', '0.00000000', 0, 0, 'Purchessed', 0, 0, '0.00', '0.00', ''),
(1662, 'DJ 73', 'DJ 73', 1, 4, '53', 1, 0, '0.00000000', '0.00000000', 0, 0, 'Purchessed', 0, 0, '0.00', '0.00', '84137010'),
(1663, 'FRE 100 250', 'FRE 100 250', 1, 1, '89', 1, 0, '0.00000000', '0.00000000', 0, 0, 'Purchessed', 0, 0, '0.00', '0.00', '84137091'),
(1664, 'SS Impeller CCR 300 200', 'SS Impeller CCR 300 200', 6, 16, '25', 1, 0, '0.00000000', '0.00000000', 0, 0, '', 0, 0, '0.00', '0.00', '84139120'),
(1665, 'SS Impeller CCR 250 315', 'SS Impeller CCR 250 315', 6, 16, '25', 1, 0, '0.00000000', '0.00000000', 0, 0, '', 0, 0, '0.00', '0.00', '84139120'),
(1666, 'O Ring For Motor Body BES TES (26) WW 102, 152 & 202', 'O Ring For Motor Body BES TES (26) WW 102, 152 & 2', 6, 18, '68', 1, 0, '0.00000000', '0.00000000', 0, 0, 'Purchessed', 0, 0, '0.00', '0.00', '84139120'),
(1667, 'O Ring For BES, Casing (27) WW 102,152 & 202', 'O Ring For BES, Casing (27) WW 102,152 & 202', 6, 18, '68', 1, 0, '0.00000000', '0.00000000', 0, 0, 'Purchessed', 0, 0, '0.00', '0.00', '84139120'),
(1668, 'CCR 65 200 R6 M2 L3 With Motor', 'CCR 65 200 R6 M2 L3 With Motor', 7, 26, '63', 1, 0, '0.00000000', '0.00000000', 0, 0, 'Purchessed/Manufactured', 0, 0, '0.00', '0.00', '84137091'),
(1669, 'CCR 65 200 R6 M2 L3', 'CCR 65 200 R6 M2 L3', 1, 1, '2', 1, 0, '0.00000000', '0.00000000', 0, 0, 'Purchessed', 0, 0, '0.00', '0.00', '84137091'),
(1670, 'LJ-75LN', 'LJ-75LN', 1, 4, '64', 1, 0, '0.00000000', '0.00000000', 0, 0, 'Purchessed', 1, 1, '0.00', '0.00', '84137010'),
(1671, 'Bearing Housing (2100) CN 125,150-400', 'Bearing Housing (2100) CN 125,150-400', 6, 16, '13', 1, 0, '0.00000000', '0.00000000', 0, 0, 'Purchessed', 0, 0, '0.00', '0.00', '84139120'),
(1672, 'Spacer Sleeve (2350) CN 125-315 & 80, 100, 125, 150-400', 'Spacer Sleeve (2350) CN 125-315 & 80, 100, 125, 15', 6, 16, '13', 1, 0, '0.00000000', '0.00000000', 0, 0, 'Purchessed', 0, 0, '0.00', '0.00', '84139120'),
(1673, 'Bearing Cover(L3) (2110) CN 125 315 & 80, 100, 125, 150-400', 'Bearing Cover(L3) (2110) CN 125 315 & 80, 100, 125', 6, 16, '13', 1, 0, '0.00000000', '0.00000000', 0, 0, 'Purchessed', 0, 0, '0.00', '0.00', '84139120'),
(1674, 'Oil Baffle (2120)CN 200-160, 80 To 200 -200, 65 To 100-250, 65to 125-315, 80 To 150-400', 'Oil Baffle (2120)CN 200-160, 80 To 200 -200, 65 To', 6, 16, '13', 1, 0, '0.00000000', '0.00000000', 0, 0, 'Purchessed', 0, 0, '0.00', '0.00', '84139120'),
(1675, 'Coupling Key (2210) CN 125-315, 100 To 150-400', 'Coupling Key (2210) CN 125-315, 100 To 150-400', 6, 16, '13', 1, 0, '0.00000000', '0.00000000', 0, 0, 'Purchessed', 0, 0, '0.00', '0.00', '84139120'),
(1676, 'Allen Bolt (0800) CN 125-315, 100 To 125-400', 'Allen Bolt (0800) CN 125-315, 100 To 125-400', 6, 16, '13', 1, 0, '0.00000000', '0.00000000', 0, 0, 'Purchessed', 0, 0, '0.00', '0.00', '84139120'),
(1677, 'CN 50 200 G1 S2 L1', 'CN 50 200 G1 S2 L1', 1, 1, '1', 1, 0, '0.00000000', '0.00000000', 0, 0, 'Purchessed', 0, 0, '0.00', '0.00', '84137010'),
(1678, 'CCR 32C 125 R6 150 LBS M2 L3', 'CCR 32C 125 R6 150 LBS M2 L3', 1, 1, '2', 1, 0, '0.00000000', '0.00000000', 0, 0, 'Purchessed', 0, 0, '0.00', '0.00', '84137091'),
(1679, 'CCR 32 200 R6 150 LBS M2 L3', 'CCR 32 200 R6 150 LBS M2 L3', 1, 1, '2', 1, 0, '0.00000000', '0.00000000', 0, 0, 'Purchessed', 0, 0, '0.00', '0.00', '84137091'),
(1680, 'CBR 32 125 With Motor', 'CBR 32 125 With Motor', 1, 1, '61', 1, 0, '0.00000000', '0.00000000', 0, 0, 'Purchessed', 0, 0, '0.00', '0.00', '84137010'),
(1682, 'Mechanical Seal 45 MM', 'Mechanical Seal 45 MM', 6, 16, '25', 1, 0, '0.00000000', '0.00000000', 0, 0, 'Purchessed', 0, 0, '0.00', '0.00', '84842000'),
(1683, 'Casing CN 65 250 ', 'Casing CN 65 250', 6, 16, '13', 1, 0, '0.00000000', '0.00000000', 0, 0, 'Purchessed', 0, 0, '0.00', '0.00', '84139120'),
(1684, 'Motor With Base Frame Accessories ', 'Motor With Base Frame Accessories ', 5, 30, '38', 1, 0, '0.00000000', '0.00000000', 0, 0, 'Purchessed/Manufactured', 0, 0, '0.00', '0.00', ''),
(1685, '3 HP / 1500 RPM Siemens', '3 HP / 1500 RPM Siemens', 3, 13, '86', 1, 0, '0.00000000', '0.00000000', 0, 0, 'Purchessed', 0, 0, '0.00', '0.00', '85015110'),
(1686, 'Mechanical Seal 25 MM', 'Mechanical Seal 25 MM', 6, 15, '20', 1, 0, '0.00000000', '0.00000000', 0, 0, 'Purchessed', 0, 0, '0.00', '0.00', '84842000'),
(1687, 'DJ 104 ', 'DJ 104 ', 1, 4, '53', 1, 0, '0.00000000', '0.00000000', 0, 0, 'Purchessed', 0, 0, '0.00', '0.00', '84137010'),
(1688, 'CCR 32C 160 With Motor', 'CCR 32C 160 With Motor', 7, 26, '63', 1, 0, '0.00000000', '0.00000000', 0, 0, 'Purchessed/Manufactured', 0, 0, '0.00', '0.00', '84137091'),
(1689, 'Repair Kit P 159-Power Team', 'Repair Kit P 159-Power Team', 9, 39, '99', 1, 0, '0.00000000', '0.00000000', 0, 0, 'Purchessed', 0, 0, '0.00', '0.00', '84139190'),
(1690, 'Repair Kit P-300 Power Team Pump', 'Repair Kit P-300 Power Team Pump', 9, 39, '99', 1, 0, '0.00000000', '0.00000000', 0, 0, 'Purchessed', 0, 0, '0.00', '0.00', '84139190'),
(1691, 'CCR 65 250 R6 S2 L3', 'CCR 65 250 R6 S2 L3', 1, 1, '2', 1, 0, '0.00000000', '0.00000000', 0, 0, 'Purchessed', 0, 0, '0.00', '0.00', '84137091'),
(1692, 'CCR 65 250 With Motor', 'CCR 65 250 With Motor', 7, 26, '63', 1, 0, '0.00000000', '0.00000000', 0, 0, 'Purchessed/Manufactured', 0, 0, '0.00', '0.00', '84137091'),
(1693, 'SS Impeller CCR 40 200', 'SS Impeller CCR 40 200', 6, 16, '25', 1, 0, '0.00000000', '0.00000000', 0, 0, 'Purchessed', 0, 0, '0.00', '0.00', '84139120'),
(1694, 'WR03/LM 20', 'WR03/LM 20', 1, 4, '52', 1, 0, '0.00000000', '0.00000000', 0, 0, 'Purchessed', 0, 0, '0.00', '0.00', '84137010'),
(1696, 'Bearing Cover CPP 60 CT', 'Bearing Cover CPP 60 CT', 6, 17, '106', 1, 0, '0.00000000', '0.00000000', 0, 0, 'Purchessed', 0, 0, '0.00', '0.00', '84139120'),
(1697, 'Ring For Back Plate EXP 40/50/55/160/170', 'Ring For Back Plate EXP 40/50/55/160/170', 6, 17, '16', 1, 0, '0.00000000', '0.00000000', 0, 0, 'Purchessed', 0, 0, '0.00', '0.00', '84139120'),
(1698, 'Back Plate CPP 60 CT', 'Back Plate CPP 60 CT', 6, 17, '106', 1, 0, '0.00000000', '0.00000000', 0, 0, 'Purchessed', 0, 0, '0.00', '0.00', '84139120'),
(1699, 'Impeller For CPP 60 CT', 'Impeller For CPP 60 CT', 6, 17, '106', 1, 0, '0.00000000', '0.00000000', 0, 0, 'Purchessed', 0, 0, '0.00', '0.00', '84139120'),
(1700, 'Other Pump Spares', 'Other Pump Spares', 6, 20, '100', 1, 0, '0.00000000', '0.00000000', 0, 0, 'Purchessed', 0, 0, '0.00', '0.00', ''),
(1701, '18 MM Plywood ', '18 MM Plywood ', 5, 30, '38', 1, 0, '0.00000000', '0.00000000', 0, 0, 'Purchessed', 0, 0, '0.00', '0.00', ''),
(1702, '16 Mm Plywood ', '16 Mm Plywood ', 5, 30, '38', 1, 0, '0.00000000', '0.00000000', 0, 0, 'Purchessed', 0, 0, '0.00', '0.00', ''),
(1703, '9 Mm Plywood ', '9 Mm Plywood ', 5, 30, '38', 1, 0, '0.00000000', '0.00000000', 0, 0, 'Purchessed', 0, 0, '0.00', '0.00', ''),
(1704, 'CCR 40C 125 R6 S2 L3', 'CCR 40C 125 R6 S2 L3', 1, 1, '2', 1, 0, '0.00000000', '0.00000000', 0, 0, 'Purchessed', 0, 0, '0.00', '0.00', '84137091'),
(1705, 'Repair Kit For Powerteam Jacks', 'Repair Kit For Powerteam Jacks', 6, 20, '100', 1, 0, '0.00000000', '0.00000000', 0, 0, 'Purchessed', 0, 0, '0.00', '0.00', '84139190'),
(1706, 'CN 100 315 With Motor', 'CN 100 315 With Motor', 7, 26, '62', 1, 0, '0.00000000', '0.00000000', 0, 0, 'Purchessed/Manufactured', 0, 0, '0.00', '0.00', ''),
(1707, 'CI Impeller CN 65 250 ', 'CI Impeller CN 65 250 ', 6, 16, '13', 1, 0, '0.00000000', '0.00000000', 0, 0, 'Purchessed', 0, 0, '0.00', '0.00', '84139120'),
(1708, 'Pump Casing CN 200 250', 'Pump Casing CN 200 250', 6, 16, '13', 1, 0, '0.00000000', '0.00000000', 0, 0, 'Purchessed', 0, 0, '0.00', '0.00', '84139120'),
(1709, 'SS 304 Circle (OD 145 X 20 Mm)', 'SS 304 Circle (OD 145 X 20 Mm)', 5, 30, '43', 12, 0, '0.00000000', '0.00000000', 0, 0, 'Purchessed', 0, 0, '0.00', '0.00', ''),
(1710, 'SS 304 Circle (OD 170 X 20 Mm)', 'SS 304 Circle (OD 170 X 20 Mm)', 5, 30, '43', 12, 0, '0.00000000', '0.00000000', 0, 0, 'Purchessed', 0, 0, '0.00', '0.00', ''),
(1711, 'MD-10', 'MD-10', 1, 3, '32', 1, 0, '0.00000000', '0.00000000', 0, 0, 'Purchessed', 0, 0, '0.00', '0.00', '84135010'),
(1712, 'KGEN 16 6 G6', 'KGEN 16 6 G6', 1, 1, '21', 1, 0, '0.00000000', '0.00000000', 0, 0, 'Purchessed', 10, 15, '0.00', '0.00', '84137010'),
(1713, 'SS Impeller CCR 32 200', 'SS Impeller CCR 32 200', 6, 16, '25', 1, 0, '0.00000000', '0.00000000', 0, 0, 'Purchessed', 0, 0, '0.00', '0.00', '84139120'),
(1714, '4 DRR-07F/16', '4 DRR-07F/16', 1, 4, '72', 1, 0, '0.00000000', '0.00000000', 0, 0, 'Purchessed', 0, 0, '0.00', '0.00', '84137097'),
(1715, 'CI Impeller CN 65 160', 'CI Impeller CN 65 160', 6, 16, '13', 1, 0, '0.00000000', '0.00000000', 0, 0, 'Purchessed', 0, 0, '0.00', '0.00', '84139120'),
(1716, 'Intermediate Cover KGEN 29N,29NB,29NA-15', 'Intermediate Cover KGEN 29N,29NB,29NA-15', 6, 16, '11', 1, 0, '0.00000000', '0.00000000', 0, 0, 'Purchessed', 0, 0, '0.00', '0.00', '84139120'),
(1717, '1\" MS Pipe', '1\" MS Pipe', 5, 30, '43', 12, 0, '0.00000000', '0.00000000', 0, 0, 'Purchessed', 0, 0, '0.00', '0.00', ''),
(1718, 'Oil Baffle (2125) CCR 300 250', 'Oil Baffle CCR 300 250', 6, 16, '25', 1, 0, '0.00000000', '0.00000000', 0, 0, 'Purchessed', 0, 0, '0.00', '0.00', '84139120'),
(1719, 'Impeller Cap Nut SS 316  (1820) CCR 300 250', 'Impeller Cap Nut SS 316  (1820) CCR 300 250', 6, 16, '25', 1, 0, '0.00000000', '0.00000000', 0, 0, 'Purchessed', 0, 0, '0.00', '0.00', '84139120'),
(1720, 'Other Johnson CCR Spares', 'Other Johnson CCR Spares', 6, 16, '25', 1, 0, '0.00000000', '0.00000000', 0, 0, 'Purchessed', 0, 0, '0.00', '0.00', '84139120'),
(1721, 'ETP 50', 'ETP 50', 1, 5, '107', 1, 0, '0.00000000', '0.00000000', 0, 0, 'Purchessed', 0, 0, '0.00', '0.00', '84137091'),
(1722, '50 Ton Jack', '50 Ton Jack', 9, 39, '99', 1, 0, '0.00000000', '0.00000000', 0, 0, 'Purchessed', 0, 0, '0.00', '0.00', '84131990'),
(1723, 'Oil Baffle Others ', 'Oil Baffle Others ', 6, 16, '25', 1, 0, '0.00000000', '0.00000000', 0, 0, 'Purchessed', 0, 0, '0.00', '0.00', '84139120'),
(1724, 'Bearing Cover CCR 300 250', 'Bearing Cover CCR 300 250', 6, 16, '25', 1, 0, '0.00000000', '0.00000000', 0, 0, 'Purchessed', 0, 0, '0.00', '0.00', '84139120'),
(1725, 'NZK 50 160 Pump Closed Impeller', 'NZK 50 160 Pump Closed Impeller', 1, 5, '59', 1, 0, '0.00000000', '0.00000000', 0, 0, 'Purchessed', 0, 0, '0.00', '0.00', '84137091'),
(1726, 'Ball Valve 1\"', 'Ball Valve 1\"', 5, 30, '38', 1, 0, '0.00000000', '0.00000000', 0, 0, 'Purchessed', 0, 0, '0.00', '0.00', ''),
(1727, 'MS Flange', 'MS Flange', 5, 30, '38', 1, 0, '0.00000000', '0.00000000', 0, 0, 'Purchessed/Manufactured', 0, 0, '0.00', '0.00', ''),
(1729, 'Duplex Filter 0.5\" And 1\"', 'Duplex Filter 0.5\" And 1\"', 2, 12, '40', 1, 0, '0.00000000', '0.00000000', 0, 0, 'Purchessed/Manufactured', 0, 0, '0.00', '0.00', ''),
(1730, '15 Ton Jack', '15 Ton Jack', 9, 39, '104', 1, 0, '0.00000000', '0.00000000', 0, 0, 'Purchessed', 0, 0, '0.00', '0.00', '84131990'),
(1731, 'FRE 40 110 With Motor', 'FRE 40 110 With Motor', 7, 26, '69', 1, 0, '0.00000000', '0.00000000', 0, 0, 'Purchessed/Manufactured', 0, 0, '0.00', '0.00', '84137091'),
(1732, 'Other Motors', 'Other Motors', 3, 40, '103', 1, 0, '0.00000000', '0.00000000', 0, 0, 'Purchessed', 0, 0, '0.00', '0.00', '8501'),
(1733, ' CI Impeller CN 125 315', ' CI Impeller CN 125 315', 6, 16, '13', 1, 0, '0.00000000', '0.00000000', 0, 0, 'Purchessed', 0, 0, '0.00', '0.00', '84139120'),
(1734, 'TDSH 088/060', 'TDSH 088/060', 1, 2, '9', 1, 0, '0.00000000', '0.00000000', 0, 0, 'Purchessed', 0, 0, '0.00', '0.00', '84131990'),
(1735, 'Seeger L Ring 11 3 - 11 4', 'Seeger L Ring 11 3 - 11 4', 6, 16, '11', 1, 0, '0.00000000', '0.00000000', 0, 0, 'Purchessed', 0, 0, '0.00', '0.00', ''),
(1736, 'Adjusting Ring KGEN 11 3 - 11 4', 'Adjusting Ring KGEN 11 3 - 11 4', 6, 16, '11', 1, 0, '0.00000000', '0.00000000', 0, 0, 'Purchessed', 0, 0, '0.00', '0.00', ''),
(1737, 'Other JOHNSON KGEN Spares', 'Other JOHNSON KGEN Spares', 6, 16, '11', 1, 0, '0.00000000', '0.00000000', 0, 0, 'Purchessed', 0, 0, '0.00', '0.00', ''),
(1738, 'Tranter GLD PHE', 'Tranter GLD PHE', 8, 33, '44', 1, 0, '0.00000000', '0.00000000', 0, 0, 'Purchessed', 0, 0, '0.00', '0.00', '84195020'),
(1739, 'Tranter GCD PHE', '  Tranter GCD', 8, 33, '44', 1, 0, '0.00000000', '0.00000000', 0, 0, 'Purchessed', 0, 0, '0.00', '0.00', '84195020'),
(1740, 'HRS PHE', 'HRS PHE', 8, 33, '44', 1, 0, '0.00000000', '0.00000000', 0, 0, 'Purchessed', 0, 0, '0.00', '0.00', '84195020'),
(1741, 'Powerteam Pullers', 'Powerteam Pullers', 9, 39, '108', 1, 0, '0.00000000', '0.00000000', 0, 0, 'Purchessed', 0, 0, '0.00', '0.00', '84139190'),
(1742, 'Other NRV Positive', 'Other NRV Positive', 6, 19, '71', 1, 0, '0.00000000', '0.00000000', 0, 0, 'Purchessed', 0, 0, '0.00', '0.00', '84139190'),
(1743, 'NJL 32 160 Pump Semi Open Impeller', 'NJL 32 160 Pump Semi Open Impeller', 1, 5, '59', 1, 0, '0.00000000', '0.00000000', 0, 0, 'Purchessed', 0, 0, '0.00', '0.00', '84137091'),
(1744, '4SC07I -100', '4SC07I -100', 1, 4, '54', 1, 0, '0.00000000', '0.00000000', 0, 0, 'Purchessed', 0, 0, '0.00', '0.00', '84137097'),
(1745, 'SS 304 Rod (OD 50 MM)', 'SS 304 Rod (OD 50 MM)', 5, 30, '43', 10, 0, '0.00000000', '0.00000000', 0, 0, 'Purchessed', 0, 0, '0.00', '0.00', ''),
(1746, 'Other REMI Spares', 'Other REMI Spares', 6, 37, '79', 1, 0, '0.00000000', '0.00000000', 0, 0, 'Purchessed', 0, 0, '0.00', '0.00', ''),
(1747, 'Oil Baffle (2120) CN 32 To 65-125, 32 To 65-160,32 To 65-200', 'Oil Baffle (2120) CN 32 To 65-125, 32 To 65-160,32', 6, 16, '13', 1, 0, '0.00000000', '0.00000000', 0, 0, 'Purchessed/Manufactured', 0, 0, '0.00', '0.00', '84139120'),
(1748, 'Stator T1S 200.1', 'Stator T1S 200.1', 6, 15, '19', 1, 0, '0.00000000', '0.00000000', 0, 0, 'Purchessed', 0, 0, '0.00', '0.00', '84139190'),
(1749, 'Rotor T1S 200.1', 'Rotor T1S 200.1', 6, 15, '19', 1, 0, '0.00000000', '0.00000000', 0, 0, 'Purchessed', 0, 0, '0.00', '0.00', '84139190'),
(1750, 'Coupling Rod Joint Kit T1S 200.1', 'Coupling Rod Joint Kit T1S 200.1', 6, 15, '19', 1, 0, '0.00000000', '0.00000000', 0, 0, 'Purchessed', 0, 0, '0.00', '0.00', '84139190'),
(1751, 'Stuffing Box Packing T1S 200.1', 'Stuffing Box Packing T1S 200.1', 6, 15, '19', 1, 0, '0.00000000', '0.00000000', 0, 0, 'Purchessed', 0, 0, '0.00', '0.00', '84139190'),
(1752, '75 Ton Jack', '75 Ton Jack', 9, 39, '104', 1, 0, '0.00000000', '0.00000000', 0, 0, 'Purchessed', 0, 0, '0.00', '0.00', '84139190'),
(1753, 'Bush For Gland CCR 25 125,160', 'Bush For Gland CCR 25 125,160', 1, 1, '2', 1, 0, '0.00000000', '0.00000000', 0, 0, 'Purchessed/Manufactured', 0, 0, '0.00', '0.00', ''),
(1754, 'CN 100 250 G1 M2 L3', 'CN 100 250 G1 M2 L3', 1, 1, '1', 1, 0, '0.00000000', '0.00000000', 0, 0, 'Purchessed', 0, 0, '0.00', '0.00', '84137010'),
(1755, 'Casing Cover NZ Pump', 'Casing Cover NZ Pump', 6, 17, '15', 1, 0, '0.00000000', '0.00000000', 0, 0, 'Purchessed', 0, 0, '0.00', '0.00', '84139120'),
(1756, 'O Ring For Impeller Screw  (412.2) Of  NZ Pump', 'O Ring for Impeller Screw  (412.2) of  NZ Pump', 6, 17, '15', 1, 0, '0.00000000', '0.00000000', 0, 0, 'Purchessed', 0, 0, '0.00', '0.00', '84139120'),
(1757, 'O Ring For Impeller (412.3) Of NZ Pump', 'O Ring For Impeller (412.3) Of NZ Pump', 6, 17, '15', 1, 0, '0.00000000', '0.00000000', 0, 0, 'Purchessed', 0, 0, '0.00', '0.00', '84139120'),
(1758, 'O Ring For Bearing Cover (412.4) Of  NZ Pump', 'O Ring For Bearing Cover (412.4) Of  NZ Pump', 6, 17, '15', 1, 0, '0.00000000', '0.00000000', 0, 0, 'Purchessed', 0, 0, '0.00', '0.00', '84139120'),
(1759, 'O Ring For Suction Flange (412.5) Of  NZ Pump', 'O Ring For Suction Flange (412.5) Of  NZ Pump', 6, 17, '15', 1, 0, '0.00000000', '0.00000000', 0, 0, 'Purchessed', 0, 0, '0.00', '0.00', '84139120'),
(1760, 'O Ring For Discharge Flange (412.6) Of  NZ Pump', 'O Ring For Discharge Flange (412.6) Of  NZ Pump', 6, 17, '15', 1, 0, '0.00000000', '0.00000000', 0, 0, 'Purchessed', 0, 0, '0.00', '0.00', '84139120'),
(1761, 'O Ring For Body (412.1) Of NZ Pump', 'O Ring For Body (412.1) Of NZ Pump', 6, 17, '15', 1, 0, '0.00000000', '0.00000000', 0, 0, 'Purchessed', 0, 0, '0.00', '0.00', '84139120'),
(1762, 'NZK 50 160  Pump Closed Impeller With Motor', 'NZK 50 160  Pump Closed Impeller With Motor', 7, 27, '27', 1, 0, '0.00000000', '0.00000000', 0, 0, 'Purchessed/Manufactured', 0, 0, '0.00', '0.00', '84137091'),
(1763, 'Stationary Unit 1.625\" ', 'Stationary Unit 1.625\" ', 6, 17, '15', 1, 0, '0.00000000', '0.00000000', 0, 0, 'Purchessed', 0, 0, '0.00', '0.00', '84842000'),
(1764, 'R 100 EG', 'R 100 EG', 1, 2, '7', 1, 0, '0.00000000', '0.00000000', 0, 0, 'Purchessed', 0, 0, '0.00', '0.00', '84131990'),
(1765, 'VGP 160 With Motor', 'VGP 160 With Motor', 7, 27, '101', 1, 0, '0.00000000', '0.00000000', 0, 0, 'Purchessed/Manufactured', 0, 0, '0.00', '0.00', ''),
(1766, 'VGP 160', 'VGP 160', 1, 5, '107', 1, 0, '0.00000000', '0.00000000', 0, 0, 'Purchessed', 0, 0, '0.00', '0.00', '84137091'),
(1767, 'Mechfill Unloading Skid With Duplex Filter', 'Mechfill Unloading Skid ', 4, 34, '45', 3, 0, '0.00000000', '0.00000000', 0, 0, 'Manufactured', 0, 0, '0.00', '0.00', '84137091'),
(1768, 'ETP 50 With Motor', 'ETP 50 With Motor', 7, 27, '101', 1, 0, '0.00000000', '0.00000000', 0, 0, 'Purchessed/Manufactured', 0, 0, '0.00', '0.00', ''),
(1769, 'Stuffing Box CN 65-80 250', 'Stuffing Box CN 65-80 250', 6, 16, '13', 1, 0, '0.00000000', '0.00000000', 0, 0, 'Purchessed', 0, 0, '0.00', '0.00', '84139120'),
(1770, 'Pumpset On Rent', 'Pumpset On Rent', 5, 30, '38', 3, 0, '0.00000000', '0.00000000', 0, 0, 'Purchessed', 0, 0, '0.00', '0.00', '84137091'),
(1771, 'Bearing Housing KGEN 25n 10', 'Bearing Housing KGEN 25n 10', 6, 16, '11', 1, 0, '0.00000000', '0.00000000', 0, 0, 'Purchessed', 0, 0, '0.00', '0.00', '84139120'),
(1772, 'Shaft Sleeve S2 (1100) CN 200-300 250, 250-300 315, 150B-200 400, 125-150 500  ', 'Shaft Sleeve S2 (1100)CN 200-300 250, 250-300 315,', 6, 16, '13', 1, 0, '0.00000000', '0.00000000', 0, 0, 'Purchessed/Manufactured', 0, 0, '0.00', '0.00', '84139120'),
(1773, 'CI Impeller CN 50 200', 'CI Impeller CN 50 200', 6, 16, '13', 1, 0, '0.00000000', '0.00000000', 0, 0, 'Purchessed', 0, 0, '0.00', '0.00', '84139120'),
(1774, 'NJL 32 160 Pump Semi Open', 'NJL 32 160 Pump Semi Open', 1, 5, '59', 1, 0, '0.00000000', '0.00000000', 0, 0, 'Purchessed', 0, 0, '0.00', '0.00', '84137091'),
(1775, 'CCR 40 160 R6 M2 L3', 'CCR 40 160 R6 M2 L3', 1, 1, '2', 1, 0, '0.00000000', '0.00000000', 0, 0, 'Purchessed', 0, 0, '0.00', '0.00', '84137091'),
(1776, 'Power Team Pump', 'Power Team Pump', 9, 39, '104', 1, 0, '0.00000000', '0.00000000', 0, 0, 'Purchessed', 0, 0, '0.00', '0.00', '84139190'),
(1777, 'Suction Hose  2\"', 'Suction Hose  2\"', 5, 30, '38', 1, 0, '0.00000000', '0.00000000', 0, 0, 'Purchessed', 0, 0, '0.00', '0.00', '3917'),
(1778, 'MS Hose Clamp', 'MS Hose Clamp', 5, 30, '38', 1, 0, '0.00000000', '0.00000000', 0, 0, 'Purchessed', 0, 0, '0.00', '0.00', '7316'),
(1779, 'Male Hose Collar', 'Male Hose Collar', 5, 30, '38', 1, 0, '0.00000000', '0.00000000', 0, 0, 'Purchessed', 0, 0, '0.00', '0.00', '7307'),
(1780, 'Female Hose Collar', 'Female Hose Collar', 5, 30, '38', 1, 0, '0.00000000', '0.00000000', 0, 0, 'Purchessed', 0, 0, '0.00', '0.00', '7307'),
(1781, 'Hydraulic Fittings', 'Hydraulic Fittings`', 5, 30, '38', 1, 0, '0.00000000', '0.00000000', 0, 0, 'Purchessed', 0, 0, '0.00', '0.00', '4009');

-- --------------------------------------------------------

--
-- Table structure for table `item_buckets`
--

CREATE TABLE `item_buckets` (
  `id` int(11) NOT NULL,
  `item_id` int(11) NOT NULL,
  `quantity` decimal(10,2) NOT NULL
) ENGINE=InnoDB DEFAULT CHARSET=latin1;

-- --------------------------------------------------------

--
-- Table structure for table `item_categories`
--

CREATE TABLE `item_categories` (
  `id` int(10) NOT NULL,
  `name` varchar(100) NOT NULL
) ENGINE=InnoDB DEFAULT CHARSET=latin1;

--
-- Dumping data for table `item_categories`
--

INSERT INTO `item_categories` (`id`, `name`) VALUES
(1, 'Pumps'),
(2, 'Filters & Elements'),
(3, 'Motors'),
(4, 'Skids'),
(5, 'Miscllaneous'),
(6, 'Spares'),
(7, 'Motorised Units'),
(8, 'Heat Exchanger'),
(9, 'Hydraulic Tools');

-- --------------------------------------------------------

--
-- Table structure for table `item_companies`
--

CREATE TABLE `item_companies` (
  `item_id` int(11) NOT NULL,
  `company_id` int(11) NOT NULL,
  `serial_number_enable` tinyint(1) NOT NULL,
  `dynamic_cost` decimal(18,5) NOT NULL,
  `minimum_selling_price_factor` decimal(4,2) NOT NULL,
  `minimum_stock` decimal(4,2) NOT NULL,
  `freeze` int(10) NOT NULL DEFAULT '0'
) ENGINE=InnoDB DEFAULT CHARSET=latin1;

--
-- Dumping data for table `item_companies`
--

INSERT INTO `item_companies` (`item_id`, `company_id`, `serial_number_enable`, `dynamic_cost`, `minimum_selling_price_factor`, `minimum_stock`, `freeze`) VALUES
(556, 25, 1, '105.60000', '5.00', '20.00', 0),
(556, 27, 0, '0.00000', '0.00', '0.00', 0),
(558, 25, 1, '4253.40000', '0.00', '10.00', 0),
(558, 27, 0, '0.00000', '0.00', '0.00', 0),
(559, 25, 1, '5258.66500', '0.00', '0.00', 0),
(559, 27, 0, '0.00000', '0.00', '0.00', 0),
(560, 25, 1, '0.00000', '0.00', '0.00', 0),
(560, 27, 0, '0.00000', '0.00', '0.00', 0),
(561, 25, 1, '0.00000', '0.00', '0.00', 0),
(561, 27, 0, '0.00000', '0.00', '0.00', 0),
(562, 25, 1, '0.00000', '0.00', '0.00', 0),
(562, 27, 0, '0.00000', '0.00', '0.00', 0),
(563, 25, 1, '0.00000', '0.00', '0.00', 0),
(563, 27, 0, '0.00000', '0.00', '0.00', 0),
(564, 25, 1, '0.00000', '0.00', '0.00', 0),
(564, 27, 0, '0.00000', '0.00', '0.00', 0),
(565, 25, 1, '0.00000', '0.00', '0.00', 0),
(565, 27, 0, '0.00000', '0.00', '0.00', 0),
(566, 25, 1, '3585.06600', '0.00', '0.00', 0),
(566, 27, 0, '0.00000', '0.00', '0.00', 0),
(567, 25, 1, '0.00000', '0.00', '0.00', 0),
(567, 27, 0, '0.00000', '0.00', '0.00', 0),
(568, 25, 1, '4340.83333', '0.00', '0.00', 0),
(568, 27, 0, '0.00000', '0.00', '0.00', 0),
(569, 25, 1, '5385.19000', '0.00', '0.00', 0),
(569, 27, 0, '0.00000', '0.00', '0.00', 0),
(570, 25, 1, '7301.27778', '0.00', '0.00', 0),
(570, 27, 0, '0.00000', '0.00', '0.00', 0),
(572, 25, 1, '12478.00000', '0.00', '0.00', 0),
(572, 27, 0, '0.00000', '0.00', '0.00', 0),
(573, 25, 1, '0.00000', '0.00', '0.00', 0),
(573, 27, 0, '0.00000', '0.00', '0.00', 0),
(574, 25, 1, '0.00000', '0.00', '0.00', 0),
(574, 27, 0, '0.00000', '0.00', '0.00', 0),
(575, 25, 1, '0.00000', '0.00', '0.00', 0),
(575, 27, 0, '0.00000', '0.00', '0.00', 0),
(576, 25, 1, '0.00000', '0.00', '0.00', 0),
(576, 27, 0, '0.00000', '0.00', '0.00', 0),
(577, 25, 1, '244.75000', '0.00', '0.00', 0),
(577, 27, 0, '0.00000', '0.00', '0.00', 0),
(578, 25, 1, '0.00000', '0.00', '0.00', 0),
(578, 27, 0, '0.00000', '0.00', '0.00', 0),
(579, 25, 1, '0.00000', '0.00', '0.00', 0),
(579, 27, 0, '0.00000', '0.00', '0.00', 0),
(580, 25, 1, '6705.74000', '0.00', '0.00', 0),
(580, 27, 0, '0.00000', '0.00', '0.00', 0),
(581, 25, 1, '0.00000', '0.00', '0.00', 0),
(581, 27, 0, '0.00000', '0.00', '0.00', 0),
(582, 25, 1, '0.00000', '0.00', '0.00', 0),
(582, 27, 0, '0.00000', '0.00', '0.00', 0),
(583, 25, 1, '14986.00000', '0.00', '0.00', 0),
(583, 27, 0, '14986.00000', '0.00', '0.00', 0),
(584, 25, 1, '0.00000', '0.00', '0.00', 0),
(584, 27, 0, '0.00000', '0.00', '0.00', 0),
(585, 25, 1, '0.00000', '0.00', '0.00', 0),
(585, 27, 0, '0.00000', '0.00', '0.00', 0),
(586, 25, 1, '5480.14769', '0.00', '0.00', 0),
(586, 27, 0, '0.00000', '0.00', '0.00', 0),
(587, 25, 1, '4524.15000', '0.00', '0.00', 0),
(587, 27, 0, '0.00000', '0.00', '0.00', 0),
(588, 25, 1, '5237.10000', '0.00', '0.00', 0),
(588, 27, 0, '0.00000', '0.00', '0.00', 0),
(589, 25, 1, '6836.13375', '0.00', '0.00', 0),
(589, 27, 0, '0.00000', '0.00', '0.00', 0),
(590, 25, 1, '6769.06667', '0.00', '0.00', 0),
(590, 27, 0, '0.00000', '0.00', '0.00', 0),
(591, 25, 1, '0.00000', '0.00', '0.00', 0),
(591, 27, 0, '0.00000', '0.00', '0.00', 0),
(592, 25, 1, '0.00000', '0.00', '0.00', 0),
(592, 27, 0, '0.00000', '0.00', '0.00', 0),
(593, 25, 1, '0.00000', '0.00', '0.00', 0),
(593, 27, 0, '0.00000', '0.00', '0.00', 0),
(594, 25, 1, '0.00000', '0.00', '0.00', 0),
(594, 27, 0, '0.00000', '0.00', '0.00', 0),
(595, 25, 1, '0.00000', '0.00', '0.00', 0),
(595, 27, 0, '0.00000', '0.00', '0.00', 0),
(596, 25, 0, '0.00000', '0.00', '0.00', 0),
(596, 27, 0, '0.00000', '0.00', '0.00', 0),
(597, 25, 1, '79710.90000', '0.00', '0.00', 0),
(597, 27, 0, '79710.90000', '0.00', '0.00', 0),
(598, 25, 0, '0.00000', '0.00', '0.00', 0),
(598, 27, 0, '0.00000', '0.00', '0.00', 0),
(599, 25, 1, '2859.00000', '0.00', '0.00', 0),
(599, 27, 0, '0.00000', '0.00', '0.00', 0),
(600, 25, 1, '3880.27478', '0.00', '0.00', 0),
(600, 27, 0, '0.00000', '0.00', '0.00', 0),
(601, 25, 1, '5224.04250', '0.00', '0.00', 0),
(601, 27, 0, '5224.04000', '0.00', '0.00', 0),
(602, 25, 1, '12932.33000', '0.00', '0.00', 0),
(602, 27, 1, '0.00000', '0.00', '0.00', 0),
(603, 25, 1, '18140.00000', '0.00', '0.00', 0),
(603, 27, 1, '0.00000', '0.00', '0.00', 0),
(604, 25, 1, '3249.14100', '0.00', '0.00', 0),
(604, 27, 0, '3249.14000', '0.00', '0.00', 0),
(605, 25, 1, '22097.77500', '0.00', '0.00', 0),
(605, 27, 0, '0.00000', '0.00', '0.00', 0),
(606, 25, 1, '139786.36364', '0.00', '0.00', 0),
(606, 27, 1, '0.00000', '0.00', '0.00', 0),
(607, 25, 1, '0.00000', '0.00', '0.00', 0),
(607, 27, 0, '0.00000', '0.00', '0.00', 0),
(608, 25, 1, '263809.68000', '0.00', '0.00', 0),
(608, 27, 1, '0.00000', '0.00', '0.00', 0),
(609, 25, 1, '0.00000', '0.00', '0.00', 0),
(609, 27, 0, '0.00000', '0.00', '0.00', 0),
(610, 25, 1, '0.00000', '0.00', '0.00', 0),
(610, 27, 0, '0.00000', '0.00', '0.00', 0),
(611, 25, 1, '0.00000', '0.00', '0.00', 0),
(611, 27, 0, '0.00000', '0.00', '0.00', 0),
(612, 25, 0, '7385.37500', '0.00', '0.00', 0),
(612, 27, 0, '0.00000', '0.00', '0.00', 0),
(613, 25, 0, '0.00000', '0.00', '0.00', 0),
(613, 26, 0, '0.00000', '0.00', '0.00', 0),
(613, 27, 0, '0.00000', '0.00', '0.00', 0),
(614, 25, 0, '7025.62500', '0.00', '0.00', 0),
(614, 27, 0, '0.00000', '0.00', '0.00', 0),
(615, 25, 0, '0.00000', '0.00', '0.00', 0),
(615, 27, 0, '0.00000', '0.00', '0.00', 0),
(616, 25, 0, '0.00000', '0.00', '0.00', 0),
(616, 27, 0, '0.00000', '0.00', '0.00', 0),
(617, 25, 0, '0.00000', '0.00', '0.00', 0),
(617, 27, 0, '0.00000', '0.00', '0.00', 0),
(618, 25, 1, '0.00000', '0.00', '0.00', 0),
(618, 27, 0, '0.00000', '0.00', '0.00', 0),
(619, 25, 1, '0.00000', '0.00', '0.00', 0),
(619, 27, 0, '0.00000', '0.00', '0.00', 0),
(620, 25, 1, '85000.00000', '0.00', '0.00', 0),
(620, 27, 0, '85000.00000', '0.00', '0.00', 0),
(621, 25, 0, '4655.50000', '0.00', '0.00', 0),
(621, 27, 0, '0.00000', '0.00', '0.00', 0),
(622, 25, 1, '20081.25000', '0.00', '0.00', 0),
(622, 27, 0, '0.00000', '0.00', '0.00', 0),
(623, 25, 1, '26966.25000', '0.00', '0.00', 0),
(623, 27, 0, '0.00000', '0.00', '0.00', 0),
(624, 25, 1, '0.00000', '0.00', '0.00', 0),
(624, 27, 0, '0.00000', '0.00', '0.00', 0),
(625, 25, 0, '956301.00000', '0.00', '0.00', 0),
(625, 27, 0, '956301.00000', '0.00', '0.00', 0),
(626, 25, 1, '107309.85600', '0.00', '0.00', 0),
(626, 27, 0, '90387.32000', '0.00', '0.00', 0),
(627, 25, 1, '10693.87500', '0.00', '0.00', 0),
(627, 27, 0, '0.00000', '0.00', '0.00', 0),
(628, 25, 1, '15260.00000', '0.00', '0.00', 0),
(628, 27, 0, '15260.00000', '0.00', '0.00', 0),
(629, 25, 1, '0.00000', '0.00', '0.00', 0),
(629, 27, 0, '0.00000', '0.00', '0.00', 0),
(630, 25, 1, '0.00000', '0.00', '0.00', 0),
(630, 27, 0, '0.00000', '0.00', '0.00', 0),
(631, 25, 1, '0.00000', '0.00', '0.00', 0),
(631, 27, 0, '0.00000', '0.00', '0.00', 0),
(632, 25, 1, '0.00000', '0.00', '0.00', 0),
(632, 27, 0, '0.00000', '0.00', '0.00', 0),
(633, 25, 0, '0.00000', '0.00', '0.00', 0),
(633, 27, 0, '0.00000', '0.00', '0.00', 0),
(634, 25, 0, '153711.75333', '0.00', '0.00', 0),
(634, 27, 0, '0.00000', '0.00', '0.00', 0),
(635, 25, 0, '84939.00000', '0.00', '0.00', 0),
(635, 27, 0, '0.00000', '0.00', '0.00', 0),
(636, 25, 0, '0.00000', '0.00', '0.00', 0),
(636, 27, 0, '0.00000', '0.00', '0.00', 0),
(637, 25, 1, '163044.81250', '0.00', '0.00', 0),
(637, 27, 0, '153122.00000', '0.00', '0.00', 0),
(638, 25, 1, '0.00000', '0.00', '0.00', 0),
(638, 27, 0, '0.00000', '0.00', '0.00', 0),
(639, 25, 1, '0.00000', '0.00', '0.00', 0),
(639, 27, 0, '0.00000', '0.00', '0.00', 0),
(640, 25, 1, '58419.10000', '0.00', '0.00', 0),
(640, 27, 0, '0.00000', '0.00', '0.00', 0),
(641, 25, 1, '54246.00000', '0.00', '0.00', 0),
(641, 27, 0, '0.00000', '0.00', '0.00', 0),
(642, 25, 1, '0.00000', '0.00', '0.00', 0),
(642, 27, 0, '0.00000', '0.00', '0.00', 0),
(643, 25, 1, '0.00000', '0.00', '0.00', 0),
(643, 27, 0, '0.00000', '0.00', '0.00', 0),
(644, 25, 1, '0.00000', '0.00', '0.00', 0),
(644, 27, 0, '0.00000', '0.00', '0.00', 0),
(645, 25, 0, '0.00000', '0.00', '0.00', 0),
(645, 27, 0, '0.00000', '0.00', '0.00', 0),
(646, 25, 1, '0.00000', '0.00', '0.00', 0),
(646, 27, 0, '0.00000', '0.00', '0.00', 0),
(647, 25, 1, '0.00000', '0.00', '0.00', 0),
(647, 27, 0, '16076.30000', '0.00', '0.00', 0),
(649, 25, 1, '19523.41375', '0.00', '0.00', 0),
(649, 27, 0, '0.00000', '0.00', '0.00', 0),
(650, 25, 1, '18500.00000', '0.00', '0.00', 0),
(650, 27, 0, '0.00000', '0.00', '0.00', 0),
(651, 25, 1, '0.00000', '0.00', '0.00', 0),
(651, 27, 0, '0.00000', '0.00', '0.00', 0),
(652, 25, 1, '0.00000', '0.00', '0.00', 0),
(652, 27, 0, '0.00000', '0.00', '0.00', 0),
(653, 25, 1, '0.00000', '0.00', '0.00', 0),
(653, 27, 0, '0.00000', '0.00', '0.00', 0),
(654, 25, 1, '23799.15000', '0.00', '0.00', 0),
(654, 27, 0, '0.00000', '0.00', '0.00', 0),
(655, 25, 1, '23799.00000', '0.00', '0.00', 0),
(655, 27, 0, '0.00000', '0.00', '0.00', 0),
(656, 25, 1, '0.00000', '0.00', '0.00', 0),
(656, 27, 1, '0.00000', '0.00', '0.00', 0),
(658, 25, 1, '0.00000', '0.00', '0.00', 0),
(658, 27, 0, '0.00000', '0.00', '0.00', 0),
(659, 25, 1, '0.00000', '0.00', '0.00', 0),
(659, 27, 0, '0.00000', '0.00', '0.00', 0),
(660, 25, 1, '41940.00000', '0.00', '0.00', 0),
(660, 27, 0, '0.00000', '0.00', '0.00', 0),
(661, 25, 1, '36549.15000', '0.00', '0.00', 0),
(661, 27, 0, '0.00000', '0.00', '0.00', 0),
(663, 25, 1, '0.00000', '0.00', '0.00', 0),
(663, 27, 0, '0.00000', '0.00', '0.00', 0),
(664, 25, 1, '25649.05000', '0.00', '0.00', 0),
(664, 27, 0, '0.00000', '0.00', '0.00', 0),
(665, 25, 1, '22211.86250', '0.00', '0.00', 0),
(665, 27, 0, '0.00000', '0.00', '0.00', 0),
(666, 25, 1, '27500.00000', '0.00', '0.00', 0),
(666, 27, 0, '27500.00000', '0.00', '0.00', 0),
(667, 25, 0, '1400.00000', '0.00', '0.00', 0),
(667, 27, 0, '0.00000', '0.00', '0.00', 0),
(668, 25, 0, '2278.75000', '0.00', '0.00', 0),
(668, 27, 0, '0.00000', '0.00', '0.00', 0),
(669, 25, 0, '5160.00000', '0.00', '0.00', 0),
(669, 27, 0, '0.00000', '0.00', '0.00', 0),
(670, 25, 0, '0.00000', '0.00', '0.00', 0),
(670, 27, 0, '8262.00000', '0.00', '0.00', 0),
(671, 25, 0, '0.00000', '0.00', '0.00', 0),
(671, 27, 0, '0.00000', '0.00', '0.00', 0),
(672, 25, 0, '650.00000', '0.00', '0.00', 0),
(672, 27, 0, '0.00000', '0.00', '0.00', 0),
(673, 25, 0, '834.37500', '0.00', '0.00', 0),
(673, 27, 0, '0.00000', '0.00', '0.00', 0),
(674, 25, 0, '1945.84615', '0.00', '0.00', 0),
(674, 27, 0, '1683.00000', '0.00', '0.00', 0),
(675, 25, 0, '0.00000', '0.00', '0.00', 0),
(675, 27, 0, '2926.00000', '0.00', '0.00', 0),
(676, 25, 0, '0.00000', '0.00', '0.00', 0),
(676, 27, 0, '0.00000', '0.00', '0.00', 0),
(677, 25, 1, '4979.98577', '0.00', '0.00', 0),
(677, 27, 0, '6402.50000', '0.00', '0.00', 0),
(678, 25, 1, '0.00000', '0.00', '0.00', 0),
(678, 27, 0, '0.00000', '0.00', '0.00', 0),
(679, 25, 1, '5655.14273', '0.00', '0.00', 0),
(679, 27, 0, '5790.58824', '0.00', '0.00', 0),
(680, 25, 1, '0.00000', '0.00', '0.00', 0),
(680, 27, 0, '0.00000', '0.00', '0.00', 0),
(681, 25, 1, '7279.52667', '0.00', '0.00', 0),
(681, 27, 0, '0.00000', '0.00', '0.00', 0),
(682, 25, 1, '9566.00000', '0.00', '0.00', 0),
(682, 27, 0, '9566.00000', '0.00', '0.00', 0),
(683, 25, 1, '7133.06889', '0.00', '0.00', 0),
(683, 27, 0, '7904.50000', '0.00', '0.00', 0),
(684, 25, 1, '7156.50000', '0.00', '0.00', 0),
(684, 27, 0, '7156.50000', '0.00', '0.00', 0),
(685, 25, 1, '9983.43500', '0.00', '0.00', 0),
(685, 27, 0, '9483.00000', '0.00', '0.00', 0),
(686, 25, 1, '11155.00000', '0.00', '0.00', 0),
(686, 27, 0, '11155.00000', '0.00', '0.00', 0),
(687, 25, 1, '9835.61143', '0.00', '0.00', 0),
(687, 27, 0, '12839.76600', '0.00', '0.00', 0),
(688, 25, 1, '52894.67000', '0.00', '0.00', 0),
(688, 27, 0, '52894.67000', '0.00', '0.00', 0),
(689, 25, 1, '47314.00000', '0.00', '0.00', 0),
(689, 27, 0, '47314.00000', '0.00', '0.00', 0),
(690, 25, 1, '29777.40000', '0.00', '0.00', 0),
(690, 27, 0, '29777.40000', '0.00', '0.00', 0),
(691, 25, 1, '0.00000', '0.00', '0.00', 0),
(691, 27, 0, '0.00000', '0.00', '0.00', 0),
(692, 25, 1, '8422.95238', '0.00', '0.00', 0),
(692, 27, 0, '8597.00000', '0.00', '0.00', 0),
(693, 25, 1, '7160.00000', '0.00', '0.00', 0),
(693, 27, 0, '7160.00000', '0.00', '0.00', 0),
(694, 25, 1, '0.00000', '0.00', '0.00', 0),
(694, 27, 0, '0.00000', '0.00', '0.00', 0),
(695, 25, 1, '0.00000', '0.00', '0.00', 0),
(695, 27, 0, '0.00000', '0.00', '0.00', 0),
(696, 25, 1, '0.00000', '0.00', '0.00', 0),
(696, 27, 0, '0.00000', '0.00', '0.00', 0),
(697, 25, 1, '0.00000', '0.00', '0.00', 0),
(697, 27, 1, '0.00000', '0.00', '0.00', 0),
(698, 25, 1, '0.00000', '0.00', '0.00', 0),
(698, 27, 0, '0.00000', '0.00', '0.00', 0),
(699, 25, 1, '11400.00000', '0.00', '0.00', 0),
(699, 27, 0, '11400.00000', '0.00', '0.00', 0),
(700, 25, 1, '0.00000', '0.00', '0.00', 0),
(700, 27, 0, '0.00000', '0.00', '0.00', 0),
(701, 25, 1, '0.00000', '0.00', '0.00', 0),
(701, 27, 0, '0.00000', '0.00', '0.00', 0),
(702, 25, 1, '8633.83333', '0.00', '0.00', 0),
(702, 27, 0, '0.00000', '0.00', '0.00', 0),
(703, 25, 1, '8970.00000', '0.00', '0.00', 0),
(703, 27, 0, '0.00000', '0.00', '0.00', 0),
(704, 25, 1, '5610.00000', '0.00', '0.00', 0),
(704, 27, 0, '5610.00000', '0.00', '0.00', 0),
(705, 25, 1, '8318.00000', '0.00', '0.00', 0),
(705, 27, 0, '8318.00000', '0.00', '0.00', 0),
(706, 25, 1, '9190.00000', '0.00', '0.00', 0),
(706, 27, 0, '9190.00000', '0.00', '0.00', 0),
(707, 25, 1, '0.00000', '0.00', '0.00', 0),
(707, 27, 0, '0.00000', '0.00', '0.00', 0),
(708, 25, 1, '22380.00000', '0.00', '0.00', 0),
(708, 27, 0, '22380.00000', '0.00', '0.00', 0),
(709, 25, 1, '11172.87750', '0.00', '0.00', 0),
(709, 27, 0, '12446.44000', '0.00', '0.00', 0),
(710, 25, 1, '0.00000', '0.00', '0.00', 0),
(710, 27, 0, '0.00000', '0.00', '0.00', 0),
(711, 25, 1, '10802.00000', '0.00', '0.00', 0),
(711, 27, 0, '10802.00000', '0.00', '0.00', 0),
(712, 25, 1, '0.00000', '0.00', '0.00', 0),
(712, 27, 0, '0.00000', '0.00', '0.00', 0),
(713, 25, 1, '0.00000', '0.00', '0.00', 0),
(713, 27, 0, '0.00000', '0.00', '0.00', 0),
(714, 25, 1, '0.00000', '0.00', '0.00', 0),
(714, 27, 0, '0.00000', '0.00', '0.00', 0),
(715, 25, 1, '12959.86200', '0.00', '0.00', 0),
(715, 27, 0, '12959.86000', '0.00', '0.00', 0),
(716, 25, 1, '0.00000', '0.00', '0.00', 0),
(716, 27, 0, '0.00000', '0.00', '0.00', 0),
(717, 25, 1, '0.00000', '0.00', '0.00', 0),
(717, 27, 0, '0.00000', '0.00', '0.00', 0),
(718, 25, 1, '0.00000', '0.00', '0.00', 0),
(718, 27, 0, '0.00000', '0.00', '0.00', 0),
(719, 25, 1, '13500.00000', '0.00', '0.00', 0),
(719, 27, 0, '13500.00000', '0.00', '0.00', 0),
(720, 25, 1, '0.00000', '0.00', '0.00', 0),
(720, 27, 0, '0.00000', '0.00', '0.00', 0),
(721, 25, 1, '29804.00000', '0.00', '0.00', 0),
(721, 27, 0, '29804.00000', '0.00', '0.00', 0),
(722, 25, 1, '26701.50000', '0.00', '0.00', 0),
(722, 27, 0, '26701.50000', '0.00', '0.00', 0),
(723, 25, 1, '25200.00000', '0.00', '0.00', 0),
(723, 27, 0, '25200.00000', '0.00', '0.00', 0),
(724, 25, 1, '27519.43333', '0.00', '0.00', 0),
(724, 27, 0, '0.00000', '0.00', '0.00', 0),
(725, 25, 1, '0.00000', '0.00', '0.00', 0),
(725, 26, 1, '0.00000', '0.00', '0.00', 0),
(725, 27, 0, '0.00000', '0.00', '0.00', 0),
(726, 25, 1, '0.00000', '0.00', '0.00', 0),
(726, 27, 0, '0.00000', '0.00', '0.00', 0),
(727, 25, 1, '33170.00000', '0.00', '0.00', 0),
(727, 27, 0, '34244.00000', '0.00', '0.00', 0),
(728, 25, 1, '109065.00000', '0.00', '0.00', 0),
(728, 27, 0, '0.00000', '0.00', '0.00', 0),
(729, 25, 1, '17751.99000', '0.00', '0.00', 0),
(729, 27, 0, '0.00000', '0.00', '0.00', 0),
(730, 25, 1, '22606.25000', '0.00', '0.00', 0),
(730, 27, 0, '0.00000', '0.00', '0.00', 0),
(731, 25, 1, '27099.27500', '0.00', '0.00', 0),
(731, 27, 0, '0.00000', '0.00', '0.00', 0),
(732, 25, 1, '53345.50000', '0.00', '0.00', 0),
(732, 27, 0, '0.00000', '0.00', '0.00', 0),
(733, 25, 1, '0.00000', '0.00', '0.00', 0),
(733, 27, 0, '0.00000', '0.00', '0.00', 0),
(734, 25, 1, '0.00000', '0.00', '0.00', 0),
(734, 27, 0, '0.00000', '0.00', '0.00', 0),
(735, 25, 1, '0.00000', '0.00', '0.00', 0),
(735, 27, 0, '0.00000', '0.00', '0.00', 0),
(736, 25, 1, '0.00000', '0.00', '0.00', 0),
(736, 27, 0, '0.00000', '0.00', '0.00', 0),
(737, 25, 1, '80814.00000', '0.00', '0.00', 0),
(737, 27, 1, '0.00000', '0.00', '0.00', 0),
(738, 25, 1, '0.00000', '0.00', '0.00', 0),
(738, 27, 0, '0.00000', '0.00', '0.00', 0),
(739, 25, 1, '0.00000', '0.00', '0.00', 0),
(739, 27, 0, '0.00000', '0.00', '0.00', 0),
(740, 25, 1, '34282.00000', '0.00', '0.00', 0),
(740, 27, 0, '0.00000', '0.00', '0.00', 0),
(741, 25, 1, '0.00000', '0.00', '0.00', 0),
(741, 27, 0, '0.00000', '0.00', '0.00', 0),
(742, 25, 0, '0.00000', '0.00', '0.00', 0),
(742, 27, 0, '0.00000', '0.00', '0.00', 0),
(743, 25, 0, '0.00000', '0.00', '0.00', 0),
(743, 27, 0, '0.00000', '0.00', '0.00', 0),
(744, 25, 0, '237583.67510', '0.00', '0.00', 0),
(744, 27, 0, '0.00000', '0.00', '0.00', 0),
(745, 25, 0, '0.00000', '0.00', '0.00', 0),
(745, 27, 0, '0.00000', '0.00', '0.00', 0),
(746, 25, 0, '671.22364', '0.00', '0.00', 0),
(746, 26, 0, '0.00000', '0.00', '0.00', 0),
(746, 27, 0, '919.00000', '0.00', '0.00', 0),
(747, 25, 0, '1243.69250', '0.00', '0.00', 0),
(747, 27, 0, '1900.00000', '0.00', '0.00', 0),
(748, 25, 0, '0.00000', '0.00', '0.00', 0),
(748, 26, 0, '0.00000', '0.00', '0.00', 0),
(748, 27, 0, '0.00000', '0.00', '0.00', 0),
(749, 25, 0, '0.00000', '0.00', '0.00', 0),
(749, 27, 0, '0.00000', '0.00', '0.00', 0),
(750, 25, 0, '16.00000', '0.00', '0.00', 0),
(750, 27, 0, '0.00000', '0.00', '0.00', 0),
(751, 25, 0, '22.00714', '0.00', '0.00', 0),
(751, 27, 0, '69.00000', '0.00', '0.00', 0),
(752, 25, 0, '0.00000', '0.00', '0.00', 0),
(752, 27, 0, '348.58000', '0.00', '0.00', 0),
(753, 25, 0, '401.19125', '0.00', '0.00', 0),
(753, 27, 0, '553.00000', '0.00', '0.00', 0),
(754, 25, 0, '1596.27500', '0.00', '0.00', 0),
(754, 27, 0, '2337.00000', '0.00', '0.00', 0),
(755, 25, 0, '431.27807', '0.00', '0.00', 0),
(755, 27, 0, '589.58333', '0.00', '0.00', 0),
(756, 25, 0, '635.75830', '0.00', '0.00', 0),
(756, 27, 0, '0.00000', '0.00', '0.00', 0),
(757, 25, 0, '0.00000', '0.00', '0.00', 0),
(757, 27, 0, '0.00000', '0.00', '0.00', 0),
(758, 25, 0, '0.00000', '0.00', '0.00', 0),
(758, 27, 0, '430.34000', '0.00', '0.00', 0),
(759, 25, 0, '0.00000', '0.00', '0.00', 0),
(759, 26, 0, '0.00000', '0.00', '0.00', 0),
(759, 27, 0, '0.00000', '0.00', '0.00', 0),
(760, 25, 0, '0.00000', '0.00', '0.00', 0),
(760, 27, 0, '1140.00000', '0.00', '0.00', 0),
(761, 25, 0, '0.00000', '0.00', '0.00', 0),
(761, 27, 0, '0.00000', '0.00', '0.00', 0),
(762, 25, 0, '0.00000', '0.00', '0.00', 0),
(762, 27, 0, '130.46000', '0.00', '0.00', 0),
(763, 25, 0, '0.00000', '0.00', '0.00', 0),
(763, 27, 0, '205.00000', '0.00', '0.00', 0),
(764, 25, 0, '219.18450', '0.00', '0.00', 0),
(764, 27, 0, '590.00000', '0.00', '0.00', 0),
(765, 25, 0, '233.32281', '0.00', '0.00', 0),
(765, 27, 0, '640.00000', '0.00', '0.00', 0),
(766, 25, 0, '0.00000', '0.00', '0.00', 0),
(766, 27, 0, '681.34000', '0.00', '0.00', 0),
(767, 25, 0, '63.29231', '0.00', '0.00', 0),
(767, 27, 0, '0.00000', '0.00', '0.00', 0),
(768, 25, 0, '482.81417', '0.00', '0.00', 0),
(768, 26, 0, '0.00000', '0.00', '0.00', 0),
(768, 27, 0, '665.00000', '0.00', '0.00', 0),
(769, 25, 0, '0.00000', '0.00', '0.00', 0),
(769, 27, 0, '10500.00000', '0.00', '0.00', 0),
(770, 25, 0, '403.44846', '0.00', '0.00', 0),
(770, 27, 0, '408.53000', '0.00', '0.00', 0),
(771, 25, 0, '420.40000', '0.00', '0.00', 0),
(771, 26, 0, '0.00000', '0.00', '0.00', 0),
(771, 27, 0, '695.00000', '0.00', '0.00', 0),
(772, 25, 0, '0.00000', '0.00', '0.00', 0),
(772, 27, 0, '567.18000', '0.00', '0.00', 0),
(773, 25, 0, '475.63200', '0.00', '0.00', 0),
(773, 27, 0, '833.00000', '0.00', '0.00', 0),
(774, 25, 0, '540.00000', '0.00', '0.00', 0),
(774, 27, 0, '595.71429', '0.00', '0.00', 0),
(775, 25, 0, '0.00000', '0.00', '0.00', 0),
(775, 27, 0, '510.05000', '0.00', '0.00', 0),
(776, 25, 0, '524.24000', '0.00', '0.00', 0),
(776, 27, 0, '694.50000', '0.00', '0.00', 0),
(777, 25, 0, '0.00000', '0.00', '0.00', 0),
(777, 26, 0, '0.00000', '0.00', '0.00', 0),
(777, 27, 0, '529.49167', '0.00', '0.00', 0),
(778, 25, 0, '0.00000', '0.00', '0.00', 0),
(778, 27, 0, '854.00000', '0.00', '0.00', 0),
(779, 25, 0, '1114.82000', '0.00', '0.00', 0),
(779, 27, 0, '0.00000', '0.00', '0.00', 0),
(780, 25, 0, '1503.41500', '0.00', '0.00', 0),
(780, 27, 0, '2045.00000', '0.00', '0.00', 0),
(781, 25, 0, '0.00000', '0.00', '0.00', 0),
(781, 27, 0, '0.00000', '0.00', '0.00', 0),
(782, 25, 0, '1742.94000', '0.00', '0.00', 0),
(782, 27, 0, '0.00000', '0.00', '0.00', 0),
(783, 25, 0, '0.00000', '0.00', '0.00', 0),
(783, 27, 0, '2410.00000', '0.00', '0.00', 0),
(784, 25, 0, '0.00000', '0.00', '0.00', 0),
(784, 27, 0, '2494.25000', '0.00', '0.00', 0),
(785, 25, 0, '0.00000', '0.00', '0.00', 0),
(785, 27, 0, '0.00000', '0.00', '0.00', 0),
(786, 25, 0, '0.00000', '0.00', '0.00', 0),
(786, 27, 0, '0.00000', '0.00', '0.00', 0),
(787, 25, 0, '0.00000', '0.00', '0.00', 0),
(787, 27, 0, '2972.23000', '0.00', '0.00', 0),
(788, 25, 0, '3181.53900', '0.00', '0.00', 0),
(788, 27, 0, '0.00000', '0.00', '0.00', 0),
(789, 25, 0, '0.00000', '0.00', '0.00', 0),
(789, 27, 0, '0.00000', '0.00', '0.00', 0),
(790, 25, 0, '0.00000', '0.00', '0.00', 0),
(790, 27, 0, '0.00000', '0.00', '0.00', 0),
(791, 25, 0, '0.00000', '0.00', '0.00', 0),
(791, 27, 0, '0.00000', '0.00', '0.00', 0),
(792, 25, 0, '0.00000', '0.00', '0.00', 0),
(792, 27, 0, '0.00000', '0.00', '0.00', 0),
(793, 25, 0, '2832.98333', '0.00', '0.00', 0),
(793, 27, 0, '0.00000', '0.00', '0.00', 0),
(794, 25, 0, '0.00000', '0.00', '0.00', 0),
(794, 27, 0, '0.00000', '0.00', '0.00', 0),
(795, 25, 0, '4482.14000', '0.00', '0.00', 0),
(795, 27, 0, '0.00000', '0.00', '0.00', 0),
(796, 25, 0, '4946.68333', '0.00', '0.00', 0),
(796, 27, 0, '6175.00000', '0.00', '0.00', 0),
(797, 25, 0, '0.00000', '0.00', '0.00', 0),
(797, 27, 0, '0.00000', '0.00', '0.00', 0),
(798, 25, 0, '6705.06750', '0.00', '0.00', 0),
(798, 27, 0, '8222.00000', '0.00', '0.00', 0),
(799, 25, 0, '7363.70000', '0.00', '0.00', 0),
(799, 27, 0, '0.00000', '0.00', '0.00', 0),
(800, 25, 0, '12230.79496', '0.00', '0.00', 0),
(800, 27, 0, '0.00000', '0.00', '0.00', 0),
(801, 25, 0, '6259.71441', '0.00', '0.00', 0),
(801, 27, 0, '14679.00000', '0.00', '0.00', 0),
(802, 25, 0, '0.00000', '0.00', '0.00', 0),
(802, 27, 0, '0.00000', '0.00', '0.00', 0),
(803, 25, 0, '15408.96510', '0.00', '0.00', 0),
(803, 27, 0, '0.00000', '0.00', '0.00', 0),
(804, 25, 0, '67937.18232', '0.00', '0.00', 0),
(804, 27, 0, '15775.00000', '0.00', '0.00', 0),
(805, 25, 0, '0.00000', '0.00', '0.00', 0),
(805, 27, 0, '0.00000', '0.00', '0.00', 0),
(806, 25, 0, '20596.74351', '0.00', '0.00', 0),
(806, 27, 0, '0.00000', '0.00', '0.00', 0),
(807, 25, 0, '0.00000', '0.00', '0.00', 0),
(807, 27, 0, '0.00000', '0.00', '0.00', 0),
(808, 25, 0, '0.00000', '0.00', '0.00', 0),
(808, 27, 0, '0.00000', '0.00', '0.00', 0),
(809, 25, 0, '0.00000', '0.00', '0.00', 0),
(809, 27, 0, '0.00000', '0.00', '0.00', 0),
(810, 25, 0, '22590.24971', '0.00', '0.00', 0),
(810, 27, 0, '0.00000', '0.00', '0.00', 0),
(811, 25, 0, '0.00000', '0.00', '0.00', 0),
(811, 27, 0, '0.00000', '0.00', '0.00', 0),
(812, 25, 0, '15219.04026', '0.00', '0.00', 0),
(812, 27, 0, '28322.00000', '0.00', '0.00', 0),
(813, 25, 0, '0.00000', '0.00', '0.00', 0),
(813, 27, 0, '0.00000', '0.00', '0.00', 0),
(814, 25, 0, '8700.00000', '0.00', '0.00', 0),
(814, 27, 0, '8700.00000', '0.00', '0.00', 0),
(815, 25, 0, '0.00000', '0.00', '0.00', 0),
(815, 27, 0, '0.00000', '0.00', '0.00', 0),
(816, 25, 0, '6031.57000', '0.00', '0.00', 0),
(816, 27, 0, '0.00000', '0.00', '0.00', 0),
(817, 25, 0, '0.00000', '0.00', '0.00', 0),
(817, 27, 0, '6149.31000', '0.00', '0.00', 0),
(818, 25, 0, '0.00000', '0.00', '0.00', 0),
(818, 27, 0, '2294.03000', '0.00', '0.00', 0),
(819, 25, 0, '2331.25000', '0.00', '0.00', 0),
(819, 27, 0, '2331.50000', '0.00', '0.00', 0),
(820, 25, 0, '3447.09000', '0.00', '0.00', 0),
(820, 27, 0, '0.00000', '0.00', '0.00', 0),
(821, 25, 0, '0.00000', '0.00', '0.00', 0),
(821, 27, 0, '0.00000', '0.00', '0.00', 0),
(822, 25, 0, '0.00000', '0.00', '0.00', 0),
(822, 27, 0, '0.00000', '0.00', '0.00', 0),
(823, 25, 0, '0.00000', '0.00', '0.00', 0),
(823, 27, 0, '0.00000', '0.00', '0.00', 0),
(824, 25, 0, '0.00000', '0.00', '0.00', 0),
(824, 27, 0, '5878.00000', '0.00', '0.00', 0),
(825, 25, 0, '0.00000', '0.00', '0.00', 0),
(825, 27, 0, '0.00000', '0.00', '0.00', 0),
(826, 25, 0, '0.00000', '0.00', '0.00', 0),
(826, 27, 0, '3519.00000', '0.00', '0.00', 0),
(827, 25, 0, '0.00000', '0.00', '0.00', 0),
(827, 27, 0, '0.00000', '0.00', '0.00', 0),
(829, 25, 0, '0.00000', '0.00', '0.00', 0),
(829, 27, 0, '0.00000', '0.00', '0.00', 0),
(830, 25, 0, '89.62500', '0.00', '0.00', 0),
(830, 27, 0, '0.00000', '0.00', '0.00', 0),
(831, 25, 0, '0.00000', '0.00', '0.00', 0),
(831, 27, 0, '0.00000', '0.00', '0.00', 0),
(834, 25, 0, '0.00000', '0.00', '0.00', 0),
(834, 27, 0, '0.00000', '0.00', '0.00', 0),
(835, 25, 0, '0.00000', '0.00', '0.00', 0),
(835, 27, 0, '204.00000', '0.00', '0.00', 0),
(836, 25, 0, '0.00000', '0.00', '0.00', 0),
(836, 27, 0, '47.75000', '0.00', '0.00', 0),
(837, 25, 0, '0.00000', '0.00', '0.00', 0),
(837, 27, 0, '0.00000', '0.00', '0.00', 0),
(838, 25, 0, '0.00000', '0.00', '0.00', 0),
(838, 27, 0, '0.00000', '0.00', '0.00', 0),
(839, 25, 0, '0.00000', '0.00', '0.00', 0),
(839, 27, 0, '32064.21000', '0.00', '0.00', 0),
(840, 25, 0, '0.00000', '0.00', '0.00', 0),
(840, 27, 0, '0.00000', '0.00', '0.00', 0),
(841, 25, 0, '0.00000', '0.00', '0.00', 0),
(841, 27, 0, '0.00000', '0.00', '0.00', 0),
(842, 25, 0, '0.00000', '0.00', '0.00', 0),
(842, 27, 0, '259.83000', '0.00', '0.00', 0),
(843, 25, 0, '0.00000', '0.00', '0.00', 0),
(843, 27, 0, '0.00000', '0.00', '0.00', 0),
(844, 25, 0, '0.00000', '0.00', '0.00', 0),
(844, 27, 0, '509.65000', '0.00', '0.00', 0),
(845, 25, 0, '0.00000', '0.00', '0.00', 0),
(845, 27, 0, '7787.04000', '0.00', '0.00', 0),
(846, 25, 0, '0.00000', '0.00', '0.00', 0),
(846, 27, 0, '4779.50000', '0.00', '0.00', 0),
(847, 25, 0, '0.00000', '0.00', '0.00', 0),
(847, 27, 0, '4616.00000', '0.00', '0.00', 0),
(848, 25, 0, '0.00000', '0.00', '0.00', 0),
(848, 27, 0, '0.00000', '0.00', '0.00', 0),
(849, 25, 0, '0.00000', '0.00', '0.00', 0),
(849, 27, 0, '813.41000', '0.00', '0.00', 0),
(850, 25, 0, '0.00000', '0.00', '0.00', 0),
(850, 27, 0, '53893.75000', '0.00', '0.00', 0),
(851, 25, 0, '0.00000', '0.00', '0.00', 0),
(851, 27, 0, '7464.37000', '0.00', '0.00', 0),
(852, 25, 0, '0.00000', '0.00', '0.00', 0),
(852, 27, 0, '0.00000', '0.00', '0.00', 0),
(853, 25, 0, '0.00000', '0.00', '0.00', 0),
(853, 27, 0, '4500.00000', '0.00', '0.00', 0),
(854, 25, 0, '0.00000', '0.00', '0.00', 0),
(854, 27, 0, '0.00000', '0.00', '0.00', 0),
(855, 25, 0, '0.00000', '0.00', '0.00', 0),
(855, 27, 0, '0.00000', '0.00', '0.00', 0),
(856, 25, 0, '0.00000', '0.00', '0.00', 0),
(856, 27, 0, '4500.00000', '0.00', '0.00', 0),
(857, 25, 0, '0.00000', '0.00', '0.00', 0),
(857, 27, 0, '63939.40000', '0.00', '0.00', 0),
(858, 25, 0, '0.00000', '0.00', '0.00', 0),
(858, 27, 0, '0.00000', '0.00', '0.00', 0),
(859, 25, 0, '0.00000', '0.00', '0.00', 0),
(859, 27, 0, '5000.00000', '0.00', '0.00', 0),
(860, 25, 0, '0.00000', '0.00', '0.00', 0),
(860, 27, 0, '21601.10000', '0.00', '0.00', 0),
(861, 25, 0, '0.00000', '0.00', '0.00', 0),
(861, 27, 0, '0.00000', '0.00', '0.00', 0),
(862, 25, 0, '0.00000', '0.00', '0.00', 0),
(862, 27, 0, '0.00000', '0.00', '0.00', 0),
(863, 25, 0, '303.97608', '0.00', '0.00', 0),
(863, 27, 0, '970.00000', '0.00', '0.00', 0),
(864, 25, 0, '0.00000', '0.00', '0.00', 0),
(864, 27, 0, '0.00000', '0.00', '0.00', 0),
(865, 25, 0, '0.00000', '0.00', '0.00', 0),
(865, 27, 0, '0.00000', '0.00', '0.00', 0),
(866, 25, 0, '0.00000', '0.00', '0.00', 0),
(866, 27, 0, '0.00000', '0.00', '0.00', 0),
(867, 25, 0, '1420.67000', '0.00', '0.00', 0),
(867, 27, 0, '0.00000', '0.00', '0.00', 0),
(868, 25, 0, '0.00000', '0.00', '0.00', 0),
(868, 27, 0, '0.00000', '0.00', '0.00', 0),
(869, 25, 0, '0.00000', '0.00', '0.00', 0),
(869, 27, 0, '0.00000', '0.00', '0.00', 0),
(870, 25, 0, '1605.00000', '0.00', '0.00', 0),
(870, 27, 0, '0.00000', '0.00', '0.00', 0),
(871, 25, 0, '0.00000', '0.00', '0.00', 0),
(871, 27, 0, '0.00000', '0.00', '0.00', 0),
(872, 25, 0, '333.36667', '0.00', '0.00', 0),
(872, 27, 0, '0.00000', '0.00', '0.00', 0),
(873, 25, 0, '0.00000', '0.00', '0.00', 0),
(873, 27, 0, '0.00000', '0.00', '0.00', 0),
(874, 25, 0, '6112.66154', '0.00', '0.00', 0),
(874, 27, 0, '0.00000', '0.00', '0.00', 0),
(875, 25, 0, '750.00000', '0.00', '0.00', 0),
(875, 27, 0, '0.00000', '0.00', '0.00', 0),
(876, 25, 0, '0.00000', '0.00', '0.00', 0),
(876, 27, 0, '180.00000', '0.00', '0.00', 0),
(877, 25, 0, '236.96429', '0.00', '0.00', 0),
(877, 27, 0, '247.50000', '0.00', '0.00', 0),
(878, 25, 0, '0.00000', '0.00', '0.00', 0),
(878, 27, 0, '220.00000', '0.00', '0.00', 0),
(879, 25, 0, '0.00000', '0.00', '0.00', 0),
(879, 27, 0, '0.00000', '0.00', '0.00', 0),
(880, 25, 0, '0.00000', '0.00', '0.00', 0),
(880, 27, 0, '0.00000', '0.00', '0.00', 0),
(881, 25, 0, '100.00000', '0.00', '0.00', 0),
(881, 26, 0, '0.00000', '0.00', '0.00', 0),
(881, 27, 0, '0.00000', '0.00', '0.00', 0),
(882, 25, 0, '14.62500', '0.00', '0.00', 0),
(882, 27, 0, '0.00000', '0.00', '0.00', 0),
(883, 25, 0, '4675.00000', '0.00', '0.00', 0),
(883, 27, 0, '0.00000', '0.00', '0.00', 0),
(884, 25, 0, '130.89000', '0.00', '0.00', 0),
(884, 27, 0, '0.00000', '0.00', '0.00', 0),
(885, 25, 0, '0.00000', '0.00', '0.00', 0),
(885, 27, 0, '0.00000', '0.00', '0.00', 0),
(886, 25, 0, '0.00000', '0.00', '0.00', 0),
(886, 27, 0, '0.00000', '0.00', '0.00', 0),
(887, 25, 0, '0.00000', '0.00', '0.00', 0),
(887, 27, 0, '0.00000', '0.00', '0.00', 0),
(888, 25, 0, '0.00000', '0.00', '0.00', 0),
(888, 27, 0, '0.00000', '0.00', '0.00', 0),
(889, 25, 0, '0.00000', '0.00', '0.00', 0),
(889, 27, 0, '0.00000', '0.00', '0.00', 0),
(890, 25, 0, '0.00000', '0.00', '0.00', 0),
(890, 27, 0, '0.00000', '0.00', '0.00', 0),
(891, 25, 0, '0.00000', '0.00', '0.00', 0),
(891, 27, 0, '0.00000', '0.00', '0.00', 0),
(892, 25, 0, '0.00000', '0.00', '0.00', 0),
(892, 27, 0, '40.00000', '0.00', '0.00', 0),
(893, 25, 0, '8290.69000', '0.00', '0.00', 0),
(893, 26, 0, '0.00000', '0.00', '0.00', 0),
(893, 27, 0, '0.00000', '0.00', '0.00', 0),
(896, 25, 0, '0.00000', '0.00', '0.00', 0),
(896, 27, 0, '0.00000', '0.00', '0.00', 0),
(897, 25, 0, '0.00000', '0.00', '0.00', 0),
(897, 27, 0, '0.00000', '0.00', '0.00', 0),
(898, 25, 0, '0.00000', '0.00', '0.00', 0),
(898, 27, 0, '0.00000', '0.00', '0.00', 0),
(899, 25, 0, '0.00000', '0.00', '0.00', 0),
(899, 27, 0, '112.50000', '0.00', '0.00', 0),
(900, 25, 0, '0.00000', '0.00', '0.00', 0),
(900, 27, 0, '0.00000', '0.00', '0.00', 0),
(901, 25, 0, '0.00000', '0.00', '0.00', 0),
(901, 27, 0, '0.00000', '0.00', '0.00', 0),
(902, 25, 0, '0.00000', '0.00', '0.00', 0),
(902, 27, 0, '0.00000', '0.00', '0.00', 0),
(903, 25, 0, '32372.76000', '0.00', '0.00', 0),
(903, 27, 0, '0.00000', '0.00', '0.00', 0),
(904, 25, 0, '0.00000', '0.00', '0.00', 0),
(904, 27, 0, '0.00000', '0.00', '0.00', 0),
(905, 25, 0, '35427.16000', '0.00', '0.00', 0),
(905, 27, 0, '0.00000', '0.00', '0.00', 0),
(907, 25, 0, '0.00000', '0.00', '0.00', 0),
(907, 27, 0, '0.00000', '0.00', '0.00', 0),
(908, 25, 0, '0.00000', '0.00', '0.00', 0),
(908, 27, 0, '0.00000', '0.00', '0.00', 0),
(909, 25, 0, '0.00000', '0.00', '0.00', 0),
(909, 27, 0, '0.00000', '0.00', '0.00', 0),
(910, 25, 0, '0.00000', '0.00', '0.00', 0),
(910, 27, 0, '0.00000', '0.00', '0.00', 0),
(911, 25, 0, '31988.99333', '0.00', '0.00', 0),
(911, 27, 0, '0.00000', '0.00', '0.00', 0),
(912, 25, 0, '0.00000', '0.00', '0.00', 0),
(912, 27, 0, '0.00000', '0.00', '0.00', 0),
(913, 25, 0, '0.00000', '0.00', '0.00', 0),
(913, 27, 0, '0.00000', '0.00', '0.00', 0),
(915, 25, 0, '0.00000', '0.00', '0.00', 0),
(915, 27, 0, '0.00000', '0.00', '0.00', 0),
(916, 25, 1, '66839.31250', '0.00', '0.00', 0),
(916, 27, 0, '0.00000', '0.00', '0.00', 0),
(917, 25, 0, '74927.57313', '0.00', '0.00', 0),
(917, 27, 0, '0.00000', '0.00', '0.00', 0),
(918, 25, 0, '0.00000', '0.00', '0.00', 0),
(918, 27, 0, '0.00000', '0.00', '0.00', 0),
(919, 25, 0, '0.00000', '0.00', '0.00', 0),
(919, 27, 0, '0.00000', '0.00', '0.00', 0),
(920, 25, 0, '24628.17500', '0.00', '0.00', 0),
(920, 27, 0, '0.00000', '0.00', '0.00', 0),
(921, 25, 0, '0.00000', '0.00', '0.00', 0),
(921, 27, 0, '0.00000', '0.00', '0.00', 0),
(922, 25, 0, '0.00000', '0.00', '0.00', 0),
(922, 27, 0, '0.00000', '0.00', '0.00', 0),
(923, 25, 0, '8444.28333', '0.00', '0.00', 0),
(923, 27, 0, '0.00000', '0.00', '0.00', 0),
(924, 25, 0, '10791.11100', '0.00', '0.00', 0),
(924, 27, 0, '0.00000', '0.00', '0.00', 0),
(925, 25, 0, '22674.48000', '0.00', '0.00', 0),
(925, 27, 0, '0.00000', '0.00', '0.00', 0),
(926, 25, 1, '30540.00000', '0.00', '0.00', 0),
(926, 27, 0, '0.00000', '0.00', '0.00', 0),
(927, 25, 0, '43565.50322', '0.00', '0.00', 0),
(927, 27, 0, '0.00000', '0.00', '0.00', 0),
(928, 25, 0, '0.00000', '0.00', '0.00', 0),
(928, 27, 0, '0.00000', '0.00', '0.00', 0),
(929, 25, 1, '30157.40000', '0.00', '0.00', 0),
(929, 27, 0, '0.00000', '0.00', '0.00', 0),
(930, 25, 0, '56732.45005', '0.00', '0.00', 0),
(930, 27, 0, '0.00000', '0.00', '0.00', 0),
(931, 25, 1, '14654.85938', '0.00', '0.00', 0),
(931, 27, 0, '0.00000', '0.00', '0.00', 0),
(932, 25, 1, '0.00000', '0.00', '0.00', 0),
(932, 27, 0, '0.00000', '0.00', '0.00', 0),
(933, 25, 1, '0.00000', '0.00', '0.00', 0),
(933, 27, 0, '0.00000', '0.00', '0.00', 0),
(934, 25, 1, '0.00000', '0.00', '0.00', 0),
(934, 27, 0, '0.00000', '0.00', '0.00', 0),
(935, 25, 1, '23204.00000', '0.00', '0.00', 0),
(935, 27, 0, '0.00000', '0.00', '0.00', 0),
(936, 25, 0, '0.00000', '0.00', '0.00', 0),
(936, 27, 0, '0.00000', '0.00', '0.00', 0),
(938, 25, 0, '10027.54026', '0.00', '0.00', 0),
(938, 27, 0, '19100.00000', '0.00', '0.00', 0),
(940, 25, 1, '65000.00000', '0.00', '0.00', 0),
(940, 27, 0, '0.00000', '0.00', '0.00', 0),
(941, 25, 0, '73572.26000', '0.00', '0.00', 0),
(941, 27, 0, '0.00000', '0.00', '0.00', 0),
(942, 25, 0, '0.00000', '0.00', '0.00', 0),
(942, 27, 0, '3499.99500', '0.00', '0.00', 0),
(943, 25, 0, '0.00000', '0.00', '0.00', 0),
(943, 27, 0, '0.00000', '0.00', '0.00', 0),
(944, 25, 0, '0.00000', '0.00', '0.00', 0),
(944, 27, 0, '9868.00000', '0.00', '0.00', 0),
(945, 25, 0, '0.00000', '0.00', '0.00', 0),
(945, 27, 0, '0.00000', '0.00', '0.00', 0),
(946, 25, 1, '0.00000', '0.00', '0.00', 0),
(946, 27, 0, '0.00000', '0.00', '0.00', 0),
(947, 25, 0, '141750.00000', '0.00', '0.00', 0),
(947, 27, 0, '0.00000', '0.00', '0.00', 0),
(948, 25, 0, '4305.00000', '0.00', '0.00', 0),
(948, 27, 0, '0.00000', '0.00', '0.00', 0),
(949, 25, 0, '0.00000', '0.00', '0.00', 0),
(949, 27, 0, '0.00000', '0.00', '0.00', 0),
(950, 25, 1, '34445.45000', '0.00', '0.00', 0),
(950, 27, 0, '0.00000', '0.00', '0.00', 0),
(951, 25, 0, '0.00000', '0.00', '0.00', 0),
(951, 27, 0, '0.00000', '0.00', '0.00', 0),
(952, 25, 0, '0.00000', '0.00', '0.00', 0),
(952, 26, 0, '0.00000', '0.00', '0.00', 0),
(952, 27, 0, '0.00000', '0.00', '0.00', 0),
(953, 25, 0, '1107.12744', '0.00', '0.00', 0),
(953, 26, 0, '0.00000', '0.00', '0.00', 0),
(953, 27, 0, '0.00000', '0.00', '0.00', 0),
(954, 25, 1, '43952.75167', '0.00', '0.00', 0),
(954, 27, 0, '0.00000', '0.00', '0.00', 0),
(955, 25, 1, '59652.90100', '0.00', '0.00', 0),
(955, 27, 0, '0.00000', '0.00', '0.00', 0),
(956, 25, 0, '50.00000', '0.00', '0.00', 0),
(956, 26, 0, '0.00000', '0.00', '0.00', 0),
(956, 27, 0, '0.00000', '0.00', '0.00', 0),
(957, 25, 0, '0.00000', '0.00', '0.00', 0),
(957, 27, 0, '0.00000', '0.00', '0.00', 0),
(958, 25, 1, '33756.20000', '0.00', '0.00', 0),
(958, 27, 0, '0.00000', '0.00', '0.00', 0),
(959, 25, 0, '0.00000', '0.00', '0.00', 0),
(959, 27, 0, '0.00000', '0.00', '0.00', 0),
(960, 25, 1, '94943.00000', '0.00', '0.00', 0),
(960, 27, 0, '0.00000', '0.00', '0.00', 0),
(962, 25, 1, '53521.00000', '0.00', '0.00', 0),
(962, 27, 0, '0.00000', '0.00', '0.00', 0),
(963, 25, 0, '2148.52833', '0.00', '0.00', 0),
(963, 27, 0, '0.00000', '0.00', '0.00', 0),
(964, 25, 1, '36551.94375', '0.00', '0.00', 0),
(964, 27, 0, '0.00000', '0.00', '0.00', 0),
(965, 25, 0, '156.70000', '0.00', '0.00', 0),
(965, 27, 0, '0.00000', '0.00', '0.00', 0),
(966, 25, 0, '2687.24000', '0.00', '0.00', 0),
(966, 27, 0, '0.00000', '0.00', '0.00', 0),
(967, 25, 0, '1573.19000', '0.00', '0.00', 0),
(967, 27, 0, '0.00000', '0.00', '0.00', 0),
(968, 25, 1, '46478.24800', '0.00', '0.00', 0),
(968, 27, 0, '0.00000', '0.00', '0.00', 0),
(969, 25, 1, '53347.00000', '0.00', '0.00', 0),
(969, 27, 0, '0.00000', '0.00', '0.00', 0),
(970, 25, 1, '49392.00000', '0.00', '0.00', 0),
(970, 27, 0, '0.00000', '0.00', '0.00', 0),
(971, 25, 1, '41873.00000', '0.00', '0.00', 0),
(971, 27, 0, '0.00000', '0.00', '0.00', 0),
(972, 25, 0, '0.00000', '0.00', '0.00', 0),
(972, 27, 0, '0.00000', '0.00', '0.00', 0),
(973, 25, 1, '0.00000', '0.00', '0.00', 0),
(973, 27, 0, '0.00000', '0.00', '0.00', 0),
(974, 25, 0, '0.00000', '0.00', '0.00', 0),
(974, 27, 0, '0.00000', '0.00', '0.00', 0),
(975, 25, 0, '0.00000', '0.00', '0.00', 0),
(975, 27, 0, '0.00000', '0.00', '0.00', 0),
(976, 25, 1, '0.00000', '0.00', '0.00', 0),
(976, 27, 0, '0.00000', '0.00', '0.00', 0),
(977, 25, 0, '3767.20000', '0.00', '0.00', 0),
(977, 27, 0, '0.00000', '0.00', '0.00', 0),
(978, 25, 0, '0.00000', '0.00', '0.00', 0),
(978, 27, 0, '0.00000', '0.00', '0.00', 0),
(979, 25, 0, '0.00000', '0.00', '0.00', 0),
(979, 27, 0, '0.00000', '0.00', '0.00', 0),
(980, 25, 0, '0.00000', '0.00', '0.00', 0),
(980, 27, 0, '0.00000', '0.00', '0.00', 0),
(981, 25, 0, '0.00000', '0.00', '0.00', 0),
(981, 27, 0, '0.00000', '0.00', '0.00', 0),
(982, 25, 1, '3899.05000', '0.00', '0.00', 0),
(982, 27, 0, '0.00000', '0.00', '0.00', 0),
(983, 25, 0, '0.00000', '0.00', '0.00', 0),
(983, 27, 0, '0.00000', '0.00', '0.00', 0),
(984, 25, 0, '0.00000', '0.00', '0.00', 0),
(984, 27, 0, '0.00000', '0.00', '0.00', 0),
(985, 25, 0, '0.00000', '0.00', '0.00', 0),
(985, 26, 0, '0.00000', '0.00', '0.00', 0),
(985, 27, 0, '0.00000', '0.00', '0.00', 0),
(986, 25, 1, '19117.93750', '0.00', '0.00', 0),
(986, 27, 0, '0.00000', '0.00', '0.00', 0),
(987, 25, 0, '15172.94597', '0.00', '0.00', 0),
(987, 27, 0, '21950.00000', '0.00', '0.00', 0),
(988, 25, 1, '0.00000', '0.00', '0.00', 0),
(988, 27, 0, '0.00000', '0.00', '0.00', 0),
(989, 25, 1, '0.00000', '0.00', '0.00', 0),
(989, 27, 0, '0.00000', '0.00', '0.00', 0),
(990, 25, 1, '61162.00000', '0.00', '0.00', 0),
(990, 27, 0, '61162.00000', '0.00', '0.00', 0),
(991, 25, 1, '0.00000', '0.00', '0.00', 0),
(991, 27, 0, '0.00000', '0.00', '0.00', 0),
(992, 25, 1, '25243.00000', '0.00', '0.00', 0),
(992, 27, 0, '25243.00000', '0.00', '0.00', 0),
(993, 25, 1, '0.00000', '0.00', '0.00', 0),
(993, 27, 0, '0.00000', '0.00', '0.00', 0),
(994, 25, 1, '0.00000', '0.00', '0.00', 0),
(994, 27, 0, '0.00000', '0.00', '0.00', 0),
(995, 25, 1, '16686.00000', '0.00', '0.00', 0),
(995, 27, 0, '16686.00000', '0.00', '0.00', 0),
(996, 25, 0, '0.00000', '0.00', '0.00', 0),
(996, 27, 0, '0.00000', '0.00', '0.00', 0),
(997, 25, 0, '0.00000', '0.00', '0.00', 0),
(997, 27, 0, '0.00000', '0.00', '0.00', 0),
(999, 25, 0, '0.00000', '0.00', '0.00', 0),
(999, 27, 0, '0.00000', '0.00', '0.00', 0),
(1001, 25, 0, '0.00000', '0.00', '0.00', 0),
(1001, 27, 0, '0.00000', '0.00', '0.00', 0),
(1002, 25, 0, '0.00000', '0.00', '0.00', 0),
(1002, 27, 0, '0.00000', '0.00', '0.00', 0),
(1003, 25, 0, '0.00000', '0.00', '0.00', 0),
(1003, 27, 0, '0.00000', '0.00', '0.00', 0),
(1004, 25, 0, '0.00000', '0.00', '0.00', 0),
(1004, 27, 0, '0.00000', '0.00', '0.00', 0),
(1005, 25, 0, '0.00000', '0.00', '0.00', 0),
(1005, 27, 0, '0.00000', '0.00', '0.00', 0),
(1006, 25, 0, '0.00000', '0.00', '0.00', 0),
(1006, 27, 0, '0.00000', '0.00', '0.00', 0),
(1007, 25, 0, '0.00000', '0.00', '0.00', 0),
(1007, 27, 0, '0.00000', '0.00', '0.00', 0),
(1008, 25, 0, '0.00000', '0.00', '0.00', 0),
(1008, 26, 0, '0.00000', '0.00', '0.00', 0),
(1008, 27, 0, '0.00000', '0.00', '0.00', 0),
(1009, 25, 0, '0.00000', '0.00', '0.00', 0),
(1009, 27, 0, '0.00000', '0.00', '0.00', 0),
(1010, 25, 0, '0.00000', '0.00', '0.00', 0),
(1010, 27, 0, '0.00000', '0.00', '0.00', 0),
(1011, 25, 0, '0.00000', '0.00', '0.00', 0),
(1011, 27, 0, '0.00000', '0.00', '0.00', 0),
(1012, 25, 0, '0.00000', '0.00', '0.00', 0),
(1012, 27, 0, '0.00000', '0.00', '0.00', 0),
(1013, 25, 0, '0.00000', '0.00', '0.00', 0),
(1013, 27, 0, '0.00000', '0.00', '0.00', 0),
(1014, 25, 0, '0.00000', '0.00', '0.00', 0),
(1014, 27, 0, '0.00000', '0.00', '0.00', 0),
(1015, 25, 0, '0.11000', '0.00', '0.00', 0),
(1015, 27, 0, '0.00000', '0.00', '0.00', 0),
(1016, 25, 0, '0.11000', '0.00', '0.00', 0),
(1016, 27, 0, '0.00000', '0.00', '0.00', 0),
(1017, 25, 0, '0.16000', '0.00', '0.00', 0),
(1017, 27, 0, '0.00000', '0.00', '0.00', 0),
(1018, 25, 0, '0.17000', '0.00', '0.00', 0),
(1018, 27, 0, '0.00000', '0.00', '0.00', 0),
(1019, 25, 0, '0.00000', '0.00', '0.00', 0),
(1019, 27, 0, '0.00000', '0.00', '0.00', 0),
(1020, 25, 0, '0.00000', '0.00', '0.00', 0),
(1020, 27, 0, '0.00000', '0.00', '0.00', 0),
(1021, 25, 0, '0.63000', '0.00', '0.00', 0),
(1021, 27, 0, '0.00000', '0.00', '0.00', 0),
(1022, 25, 0, '0.00000', '0.00', '0.00', 0),
(1022, 27, 0, '0.00000', '0.00', '0.00', 0),
(1023, 25, 0, '0.34000', '0.00', '0.00', 0),
(1023, 27, 0, '0.00000', '0.00', '0.00', 0),
(1024, 25, 0, '3.99000', '0.00', '0.00', 0),
(1024, 27, 0, '0.00000', '0.00', '0.00', 0),
(1025, 25, 0, '0.00000', '0.00', '0.00', 0),
(1025, 27, 0, '0.00000', '0.00', '0.00', 0),
(1026, 25, 0, '3.38000', '0.00', '0.00', 0),
(1026, 27, 0, '0.00000', '0.00', '0.00', 0),
(1027, 25, 0, '0.00000', '0.00', '0.00', 0),
(1027, 27, 0, '0.00000', '0.00', '0.00', 0),
(1028, 25, 0, '0.23000', '0.00', '0.00', 0),
(1028, 27, 0, '0.00000', '0.00', '0.00', 0),
(1029, 25, 0, '0.53000', '0.00', '0.00', 0),
(1029, 27, 0, '0.00000', '0.00', '0.00', 0),
(1030, 25, 0, '0.02000', '0.00', '0.00', 0),
(1030, 27, 0, '0.00000', '0.00', '0.00', 0),
(1031, 25, 0, '0.38000', '0.00', '0.00', 0),
(1031, 27, 0, '0.00000', '0.00', '0.00', 0),
(1032, 25, 0, '2.08000', '0.00', '0.00', 0),
(1032, 27, 0, '0.00000', '0.00', '0.00', 0),
(1033, 25, 0, '0.31000', '0.00', '0.00', 0),
(1033, 27, 0, '0.00000', '0.00', '0.00', 0),
(1034, 25, 0, '0.52000', '0.00', '0.00', 0),
(1034, 27, 0, '0.00000', '0.00', '0.00', 0),
(1035, 25, 0, '0.35000', '0.00', '0.00', 0),
(1035, 27, 0, '0.00000', '0.00', '0.00', 0),
(1036, 25, 0, '0.17000', '0.00', '0.00', 0),
(1036, 27, 0, '0.00000', '0.00', '0.00', 0),
(1037, 25, 0, '1.79000', '0.00', '0.00', 0),
(1037, 27, 0, '0.00000', '0.00', '0.00', 0),
(1038, 25, 0, '42.42680', '0.00', '0.00', 0),
(1038, 27, 0, '0.00000', '0.00', '0.00', 0),
(1039, 25, 0, '42.43000', '0.00', '0.00', 0),
(1039, 27, 0, '0.00000', '0.00', '0.00', 0),
(1040, 25, 0, '41.85000', '0.00', '0.00', 0),
(1040, 27, 0, '0.00000', '0.00', '0.00', 0),
(1041, 25, 0, '42.39194', '0.00', '0.00', 0),
(1041, 27, 0, '0.00000', '0.00', '0.00', 0),
(1042, 25, 0, '0.00000', '0.00', '0.00', 0),
(1042, 27, 0, '0.00000', '0.00', '0.00', 0),
(1043, 25, 0, '0.00000', '0.00', '0.00', 0),
(1043, 27, 0, '0.00000', '0.00', '0.00', 0),
(1044, 25, 0, '0.00000', '0.00', '0.00', 0),
(1044, 27, 0, '0.00000', '0.00', '0.00', 0),
(1045, 25, 0, '0.00000', '0.00', '0.00', 0),
(1045, 27, 0, '0.00000', '0.00', '0.00', 0),
(1046, 25, 0, '0.00000', '0.00', '0.00', 0),
(1046, 27, 0, '0.00000', '0.00', '0.00', 0),
(1047, 25, 0, '0.00000', '0.00', '0.00', 0),
(1047, 27, 0, '0.00000', '0.00', '0.00', 0),
(1048, 25, 0, '0.00000', '0.00', '0.00', 0),
(1048, 26, 0, '0.00000', '0.00', '0.00', 0),
(1048, 27, 0, '0.00000', '0.00', '0.00', 0),
(1049, 25, 0, '0.20830', '0.00', '0.00', 0),
(1049, 26, 0, '0.00000', '0.00', '0.00', 0),
(1049, 27, 0, '0.00000', '0.00', '0.00', 0),
(1050, 25, 0, '0.00000', '0.00', '0.00', 0),
(1050, 26, 0, '0.00000', '0.00', '0.00', 0),
(1050, 27, 0, '0.00000', '0.00', '0.00', 0),
(1051, 25, 0, '0.00000', '0.00', '0.00', 0),
(1051, 27, 0, '0.00000', '0.00', '0.00', 0),
(1052, 25, 0, '0.00000', '0.00', '0.00', 0),
(1052, 27, 0, '0.00000', '0.00', '0.00', 0),
(1053, 25, 0, '0.00000', '0.00', '0.00', 0),
(1053, 27, 0, '0.00000', '0.00', '0.00', 0),
(1054, 25, 0, '0.00000', '0.00', '0.00', 0),
(1054, 27, 0, '0.00000', '0.00', '0.00', 0),
(1055, 25, 0, '0.00000', '0.00', '0.00', 0),
(1055, 27, 0, '0.00000', '0.00', '0.00', 0),
(1056, 25, 0, '0.00000', '0.00', '0.00', 0),
(1056, 27, 0, '0.00000', '0.00', '0.00', 0),
(1057, 25, 0, '0.00000', '0.00', '0.00', 0),
(1057, 27, 0, '0.00000', '0.00', '0.00', 0),
(1058, 25, 0, '0.00000', '0.00', '0.00', 0),
(1058, 27, 0, '0.00000', '0.00', '0.00', 0),
(1059, 25, 0, '0.00000', '0.00', '0.00', 0),
(1059, 27, 0, '0.00000', '0.00', '0.00', 0),
(1060, 25, 0, '0.00000', '0.00', '0.00', 0),
(1060, 27, 0, '0.00000', '0.00', '0.00', 0),
(1061, 25, 0, '0.00000', '0.00', '0.00', 0),
(1061, 27, 0, '0.00000', '0.00', '0.00', 0),
(1062, 25, 0, '0.00000', '0.00', '0.00', 0),
(1062, 27, 0, '0.00000', '0.00', '0.00', 0),
(1063, 25, 0, '0.00000', '0.00', '0.00', 0),
(1063, 27, 0, '0.00000', '0.00', '0.00', 0),
(1064, 25, 0, '0.00000', '0.00', '0.00', 0),
(1064, 27, 0, '0.00000', '0.00', '0.00', 0),
(1065, 25, 0, '0.00000', '0.00', '0.00', 0),
(1065, 27, 0, '0.00000', '0.00', '0.00', 0),
(1066, 25, 0, '0.00000', '0.00', '0.00', 0),
(1066, 27, 0, '0.00000', '0.00', '0.00', 0),
(1067, 25, 0, '0.00000', '0.00', '0.00', 0),
(1067, 27, 0, '0.00000', '0.00', '0.00', 0),
(1068, 25, 0, '0.00000', '0.00', '0.00', 0),
(1068, 27, 0, '0.00000', '0.00', '0.00', 0),
(1069, 25, 0, '0.00000', '0.00', '0.00', 0),
(1069, 27, 0, '0.00000', '0.00', '0.00', 0),
(1070, 25, 0, '0.00000', '0.00', '0.00', 0),
(1070, 27, 0, '0.00000', '0.00', '0.00', 0),
(1071, 25, 0, '0.00000', '0.00', '0.00', 0),
(1071, 27, 0, '0.00000', '0.00', '0.00', 0),
(1072, 25, 0, '0.00000', '0.00', '0.00', 0),
(1072, 27, 0, '0.00000', '0.00', '0.00', 0),
(1073, 25, 0, '0.00000', '0.00', '0.00', 0),
(1073, 27, 0, '0.00000', '0.00', '0.00', 0),
(1074, 25, 0, '0.00000', '0.00', '0.00', 0),
(1074, 27, 0, '0.00000', '0.00', '0.00', 0),
(1075, 25, 1, '50911.00000', '0.00', '0.00', 0),
(1075, 27, 0, '0.00000', '0.00', '0.00', 0),
(1076, 25, 0, '0.00000', '0.00', '0.00', 0),
(1076, 27, 0, '0.00000', '0.00', '0.00', 0),
(1077, 25, 0, '0.00000', '0.00', '0.00', 0),
(1077, 27, 0, '0.00000', '0.00', '0.00', 0),
(1078, 25, 0, '0.00000', '0.00', '0.00', 0),
(1078, 27, 0, '0.00000', '0.00', '0.00', 0),
(1079, 25, 0, '0.00000', '0.00', '0.00', 0),
(1079, 27, 0, '2000.00000', '0.00', '0.00', 0),
(1081, 25, 0, '0.00000', '0.00', '0.00', 0),
(1081, 27, 0, '0.00000', '0.00', '0.00', 0),
(1082, 25, 0, '0.00000', '0.00', '0.00', 0),
(1082, 26, 0, '0.00000', '0.00', '0.00', 0),
(1082, 27, 0, '0.00000', '0.00', '0.00', 0),
(1083, 25, 0, '0.00000', '0.00', '0.00', 0),
(1083, 27, 0, '0.00000', '0.00', '0.00', 0),
(1084, 25, 0, '0.00000', '0.00', '0.00', 0),
(1084, 27, 0, '0.00000', '0.00', '0.00', 0),
(1085, 25, 0, '0.00000', '0.00', '0.00', 0),
(1085, 27, 0, '0.00000', '0.00', '0.00', 0),
(1087, 25, 0, '0.00000', '0.00', '0.00', 0),
(1087, 27, 0, '4656.00000', '0.00', '0.00', 0),
(1088, 25, 0, '0.00000', '0.00', '0.00', 0),
(1088, 27, 0, '0.00000', '0.00', '0.00', 0),
(1089, 25, 0, '524.40000', '0.00', '0.00', 0),
(1089, 27, 0, '0.00000', '0.00', '0.00', 0),
(1090, 25, 0, '0.00000', '0.00', '0.00', 0),
(1090, 27, 0, '0.00000', '0.00', '0.00', 0),
(1091, 25, 0, '0.00000', '0.00', '0.00', 0),
(1091, 27, 0, '42.02000', '0.00', '0.00', 0),
(1092, 25, 0, '514.00000', '0.00', '0.00', 0),
(1092, 27, 0, '0.00000', '0.00', '0.00', 0),
(1093, 25, 0, '0.00000', '0.00', '0.00', 0),
(1093, 27, 0, '19320.32000', '0.00', '0.00', 0),
(1094, 25, 0, '0.00000', '0.00', '0.00', 0),
(1094, 27, 0, '0.00000', '0.00', '0.00', 0),
(1096, 25, 1, '20081.25333', '0.00', '0.00', 0),
(1096, 27, 1, '0.00000', '0.00', '0.00', 0),
(1097, 25, 1, '16065.00000', '0.00', '0.00', 0),
(1097, 27, 0, '0.00000', '0.00', '0.00', 0),
(1099, 25, 0, '434.52333', '0.00', '0.00', 0),
(1099, 27, 0, '0.00000', '0.00', '0.00', 0),
(1100, 25, 0, '401.88000', '0.00', '0.00', 0),
(1100, 27, 0, '0.00000', '0.00', '0.00', 0),
(1101, 25, 0, '2840.06000', '0.00', '0.00', 0),
(1101, 27, 0, '0.00000', '0.00', '0.00', 0),
(1102, 25, 0, '838.82000', '0.00', '0.00', 0),
(1102, 27, 0, '0.00000', '0.00', '0.00', 0),
(1103, 25, 0, '580.63000', '0.00', '0.00', 0),
(1103, 27, 0, '0.00000', '0.00', '0.00', 0),
(1104, 25, 0, '192.78000', '0.00', '0.00', 0),
(1104, 27, 0, '0.00000', '0.00', '0.00', 0),
(1105, 25, 0, '192.78000', '0.00', '0.00', 0),
(1105, 27, 0, '0.00000', '0.00', '0.00', 0),
(1106, 25, 0, '192.78000', '0.00', '0.00', 0),
(1106, 27, 0, '0.00000', '0.00', '0.00', 0),
(1107, 25, 0, '224.91000', '0.00', '0.00', 0),
(1107, 27, 0, '0.00000', '0.00', '0.00', 0),
(1108, 25, 0, '224.91000', '0.00', '0.00', 0),
(1108, 27, 0, '0.00000', '0.00', '0.00', 0),
(1109, 25, 0, '3614.63000', '0.00', '0.00', 0),
(1109, 27, 0, '0.00000', '0.00', '0.00', 0),
(1110, 25, 0, '1419.46000', '0.00', '0.00', 0),
(1110, 27, 0, '0.00000', '0.00', '0.00', 0),
(1111, 25, 0, '4131.00000', '0.00', '0.00', 0),
(1111, 27, 0, '0.00000', '0.00', '0.00', 0),
(1112, 25, 0, '46685.64066', '0.00', '0.00', 0),
(1112, 27, 0, '0.00000', '0.00', '0.00', 0),
(1113, 25, 0, '4647.50000', '0.00', '0.00', 0),
(1113, 27, 0, '0.00000', '0.00', '0.00', 0),
(1114, 25, 0, '0.00000', '0.00', '0.00', 0),
(1114, 27, 0, '3009.00000', '0.00', '0.00', 0),
(1115, 25, 0, '39.84000', '0.00', '0.00', 0),
(1115, 27, 0, '0.00000', '0.00', '0.00', 0),
(1126, 25, 0, '0.00000', '0.00', '0.00', 0),
(1126, 27, 0, '0.00000', '0.00', '0.00', 0),
(1127, 25, 0, '0.00000', '0.00', '0.00', 0),
(1127, 27, 0, '0.00000', '0.00', '0.00', 0),
(1128, 25, 0, '0.00000', '0.00', '0.00', 1),
(1128, 27, 0, '0.00000', '0.00', '0.00', 1),
(1129, 25, 0, '0.00000', '0.00', '0.00', 0),
(1129, 27, 0, '0.00000', '0.00', '0.00', 0),
(1131, 25, 0, '0.00000', '0.00', '0.00', 0),
(1131, 26, 0, '0.00000', '0.00', '0.00', 0),
(1131, 27, 0, '0.00000', '0.00', '0.00', 0),
(1132, 25, 0, '0.00000', '0.00', '0.00', 0),
(1132, 27, 0, '27661.00000', '0.00', '0.00', 0),
(1133, 25, 0, '0.00000', '0.00', '0.00', 0),
(1133, 27, 0, '47819.89000', '0.00', '0.00', 0),
(1134, 25, 0, '0.00000', '0.00', '0.00', 0),
(1134, 27, 0, '49324.14000', '0.00', '0.00', 0),
(1135, 25, 0, '0.00000', '0.00', '0.00', 0),
(1135, 27, 0, '11469.86000', '0.00', '0.00', 0),
(1138, 25, 0, '0.00000', '0.00', '0.00', 0),
(1138, 27, 0, '0.00000', '0.00', '0.00', 0),
(1139, 25, 0, '0.00000', '0.00', '0.00', 0),
(1139, 27, 0, '0.00000', '0.00', '0.00', 0),
(1140, 25, 0, '0.00000', '0.00', '0.00', 0),
(1140, 27, 0, '0.00000', '0.00', '0.00', 0),
(1141, 25, 0, '0.00000', '0.00', '0.00', 0),
(1141, 27, 0, '0.00000', '0.00', '0.00', 0),
(1142, 25, 0, '748.00000', '0.00', '0.00', 0),
(1142, 27, 0, '0.00000', '0.00', '0.00', 0),
(1143, 25, 1, '33186.27000', '0.00', '0.00', 0),
(1143, 27, 0, '0.00000', '0.00', '0.00', 0),
(1144, 25, 1, '14986.00000', '0.00', '0.00', 0),
(1144, 27, 0, '14986.00000', '0.00', '0.00', 0),
(1145, 25, 1, '10511.96000', '0.00', '0.00', 0),
(1145, 27, 0, '0.00000', '0.00', '0.00', 0),
(1148, 25, 1, '2313.36000', '0.00', '0.00', 0),
(1148, 27, 0, '0.00000', '0.00', '0.00', 0),
(1149, 25, 1, '0.00000', '0.00', '0.00', 0),
(1149, 27, 0, '0.00000', '0.00', '0.00', 0),
(1150, 25, 0, '0.00000', '0.00', '0.00', 0),
(1150, 27, 0, '1496.00000', '0.00', '0.00', 0),
(1151, 25, 1, '2333.33333', '0.00', '0.00', 0),
(1151, 27, 0, '0.00000', '0.00', '0.00', 0),
(1152, 25, 0, '7.35786', '0.00', '0.00', 0),
(1152, 27, 0, '0.00000', '0.00', '0.00', 0),
(1155, 25, 1, '32703.75000', '0.00', '0.00', 0),
(1155, 27, 1, '0.00000', '0.00', '0.00', 0),
(1156, 25, 1, '168000.00000', '0.00', '0.00', 0),
(1156, 27, 0, '0.00000', '0.00', '0.00', 0),
(1157, 25, 0, '2703.00000', '0.00', '0.00', 0),
(1157, 27, 0, '0.00000', '0.00', '0.00', 0),
(1158, 25, 0, '0.00000', '0.00', '0.00', 0),
(1158, 27, 0, '194.00000', '0.00', '0.00', 0),
(1159, 25, 0, '24801.76000', '0.00', '0.00', 0),
(1159, 27, 0, '0.00000', '0.00', '0.00', 0),
(1160, 25, 0, '0.00000', '0.00', '0.00', 0);
INSERT INTO `item_companies` (`item_id`, `company_id`, `serial_number_enable`, `dynamic_cost`, `minimum_selling_price_factor`, `minimum_stock`, `freeze`) VALUES
(1160, 27, 0, '0.00000', '0.00', '0.00', 0),
(1161, 25, 0, '130.79667', '0.00', '0.00', 0),
(1161, 27, 0, '1736.25600', '0.00', '0.00', 0),
(1162, 25, 0, '0.00000', '0.00', '0.00', 0),
(1162, 27, 0, '0.00000', '0.00', '0.00', 0),
(1163, 25, 0, '60.45000', '0.00', '0.00', 0),
(1163, 26, 0, '0.00000', '0.00', '0.00', 0),
(1163, 27, 0, '0.00000', '0.00', '0.00', 0),
(1164, 25, 0, '318365.00000', '0.00', '0.00', 0),
(1164, 27, 0, '0.00000', '0.00', '0.00', 0),
(1166, 25, 1, '32609.81000', '0.00', '0.00', 0),
(1166, 27, 0, '0.00000', '0.00', '0.00', 0),
(1167, 25, 1, '51339.00000', '0.00', '0.00', 0),
(1167, 27, 0, '0.00000', '0.00', '0.00', 0),
(1168, 25, 0, '25459.00000', '0.00', '0.00', 0),
(1168, 27, 0, '0.00000', '0.00', '0.00', 0),
(1169, 25, 1, '86068.00000', '0.00', '0.00', 0),
(1169, 27, 0, '0.00000', '0.00', '0.00', 0),
(1170, 25, 1, '22634.50000', '0.00', '0.00', 0),
(1170, 27, 1, '0.00000', '0.00', '0.00', 0),
(1171, 25, 0, '23591.50000', '0.00', '0.00', 0),
(1172, 25, 1, '363247.00000', '0.00', '0.00', 0),
(1172, 27, 0, '630000.00000', '0.00', '0.00', 0),
(1173, 25, 0, '1120.03200', '0.00', '0.00', 0),
(1173, 27, 0, '0.00000', '0.00', '0.00', 0),
(1174, 25, 0, '0.00000', '0.00', '0.00', 0),
(1174, 27, 0, '0.00000', '0.00', '0.00', 0),
(1175, 25, 1, '0.00000', '0.00', '0.00', 0),
(1175, 27, 0, '0.00000', '0.00', '0.00', 0),
(1176, 25, 0, '2249.25000', '0.00', '0.00', 0),
(1176, 27, 0, '0.00000', '0.00', '0.00', 0),
(1177, 25, 0, '184.94118', '0.00', '0.00', 0),
(1177, 27, 0, '0.00000', '0.00', '0.00', 0),
(1178, 25, 0, '2561.89000', '0.00', '0.00', 0),
(1179, 25, 0, '2733.34000', '0.00', '0.00', 0),
(1179, 27, 0, '0.00000', '0.00', '0.00', 0),
(1180, 25, 0, '1063.73000', '0.00', '0.00', 0),
(1180, 27, 0, '0.00000', '0.00', '0.00', 0),
(1181, 25, 0, '2193.98000', '0.00', '0.00', 0),
(1181, 27, 0, '0.00000', '0.00', '0.00', 0),
(1182, 25, 0, '82603.63000', '0.00', '0.00', 0),
(1182, 27, 0, '0.00000', '0.00', '0.00', 0),
(1183, 25, 0, '6118.62000', '0.00', '0.00', 0),
(1183, 27, 0, '0.00000', '0.00', '0.00', 0),
(1185, 25, 0, '2410.32000', '0.00', '0.00', 0),
(1185, 26, 0, '0.00000', '0.00', '0.00', 0),
(1185, 27, 0, '0.00000', '0.00', '0.00', 0),
(1186, 25, 0, '0.00000', '0.00', '0.00', 0),
(1186, 27, 0, '0.00000', '0.00', '0.00', 0),
(1187, 25, 1, '0.00000', '0.00', '0.00', 0),
(1187, 27, 0, '0.00000', '0.00', '0.00', 0),
(1188, 25, 1, '0.00000', '0.00', '0.00', 0),
(1188, 27, 0, '0.00000', '0.00', '0.00', 0),
(1189, 25, 0, '4741.93400', '0.00', '0.00', 0),
(1189, 27, 0, '0.00000', '0.00', '0.00', 0),
(1190, 25, 1, '0.00000', '0.00', '0.00', 0),
(1190, 27, 0, '0.00000', '0.00', '0.00', 0),
(1191, 25, 0, '3.16440', '0.00', '0.00', 0),
(1191, 26, 0, '0.00000', '0.00', '0.00', 0),
(1191, 27, 0, '0.00000', '0.00', '0.00', 0),
(1192, 25, 0, '1.96492', '0.00', '0.00', 0),
(1192, 26, 0, '0.00000', '0.00', '0.00', 0),
(1192, 27, 0, '0.00000', '0.00', '0.00', 0),
(1193, 25, 0, '4005.02632', '0.00', '0.00', 0),
(1193, 26, 0, '0.00000', '0.00', '0.00', 0),
(1193, 27, 0, '6609.57000', '0.00', '0.00', 0),
(1194, 25, 0, '765.00000', '0.00', '0.00', 0),
(1194, 27, 0, '0.00000', '0.00', '0.00', 0),
(1195, 25, 1, '7457.48400', '0.00', '0.00', 0),
(1195, 26, 0, '0.00000', '0.00', '0.00', 0),
(1195, 27, 0, '0.00000', '0.00', '0.00', 0),
(1197, 25, 0, '14843.76000', '0.00', '0.00', 0),
(1197, 27, 0, '0.00000', '0.00', '0.00', 0),
(1198, 25, 0, '45706.40000', '0.00', '0.00', 0),
(1198, 27, 0, '0.00000', '0.00', '0.00', 0),
(1199, 25, 0, '37977.19000', '0.00', '0.00', 0),
(1199, 27, 0, '0.00000', '0.00', '0.00', 0),
(1200, 25, 0, '84227.81000', '0.00', '0.00', 0),
(1200, 27, 0, '0.00000', '0.00', '0.00', 0),
(1201, 25, 0, '88269.83500', '0.00', '0.00', 0),
(1201, 27, 0, '0.00000', '0.00', '0.00', 0),
(1202, 25, 0, '144978.91500', '0.00', '0.00', 0),
(1202, 27, 0, '0.00000', '0.00', '0.00', 0),
(1203, 25, 0, '0.00000', '0.00', '0.00', 0),
(1203, 27, 0, '0.00000', '0.00', '0.00', 0),
(1204, 25, 0, '0.00000', '0.00', '0.00', 0),
(1204, 27, 0, '0.00000', '0.00', '0.00', 0),
(1205, 25, 0, '74618.47750', '0.00', '0.00', 0),
(1205, 27, 0, '0.00000', '0.00', '0.00', 0),
(1207, 25, 0, '527.66200', '0.00', '0.00', 0),
(1207, 27, 0, '0.00000', '0.00', '0.00', 0),
(1208, 25, 0, '38853.45763', '0.00', '0.00', 0),
(1208, 27, 0, '0.00000', '0.00', '0.00', 0),
(1209, 25, 1, '18805.28000', '0.00', '0.00', 0),
(1209, 27, 0, '0.00000', '0.00', '0.00', 0),
(1210, 25, 1, '0.00000', '0.00', '0.00', 0),
(1210, 27, 0, '0.00000', '0.00', '0.00', 0),
(1211, 25, 0, '131.31225', '0.00', '0.00', 0),
(1211, 27, 0, '0.00000', '0.00', '0.00', 0),
(1212, 25, 0, '2.68000', '0.00', '0.00', 0),
(1212, 27, 0, '0.00000', '0.00', '0.00', 0),
(1213, 25, 0, '1773.80667', '0.00', '0.00', 0),
(1213, 27, 0, '0.00000', '0.00', '0.00', 0),
(1214, 25, 0, '43.22000', '0.00', '0.00', 0),
(1214, 26, 0, '0.00000', '0.00', '0.00', 0),
(1214, 27, 0, '0.00000', '0.00', '0.00', 0),
(1215, 25, 0, '2800.75333', '0.00', '0.00', 0),
(1215, 27, 0, '0.00000', '0.00', '0.00', 0),
(1216, 25, 0, '0.00000', '0.00', '0.00', 0),
(1216, 27, 0, '0.00000', '0.00', '0.00', 0),
(1217, 25, 0, '2019756.77734', '0.00', '0.00', 0),
(1217, 27, 0, '0.00000', '0.00', '0.00', 0),
(1218, 25, 0, '0.00000', '0.00', '0.00', 0),
(1218, 27, 0, '0.00000', '0.00', '0.00', 0),
(1219, 25, 0, '0.00000', '0.00', '0.00', 0),
(1221, 25, 0, '6081.50000', '0.00', '0.00', 1),
(1221, 27, 0, '0.00000', '0.00', '0.00', 0),
(1222, 25, 0, '5012.50000', '0.00', '0.00', 1),
(1222, 27, 0, '0.00000', '0.00', '0.00', 1),
(1223, 25, 0, '0.00000', '0.00', '0.00', 0),
(1223, 27, 0, '0.00000', '0.00', '0.00', 0),
(1224, 25, 1, '0.00000', '0.00', '0.00', 0),
(1224, 27, 0, '0.00000', '0.00', '0.00', 0),
(1225, 25, 0, '539.42667', '0.00', '0.00', 0),
(1225, 26, 0, '0.00000', '0.00', '0.00', 0),
(1225, 27, 0, '0.00000', '0.00', '0.00', 0),
(1226, 25, 0, '3122.69825', '0.00', '0.00', 0),
(1226, 27, 0, '16571.71903', '0.00', '0.00', 0),
(1227, 25, 1, '107327.65000', '0.00', '0.00', 0),
(1227, 27, 0, '0.00000', '0.00', '0.00', 0),
(1228, 25, 1, '15274.00000', '0.00', '0.00', 0),
(1228, 27, 0, '0.00000', '0.00', '0.00', 0),
(1229, 25, 0, '0.00000', '0.00', '0.00', 0),
(1229, 27, 0, '0.00000', '0.00', '0.00', 0),
(1230, 25, 1, '78924.00000', '0.00', '0.00', 0),
(1230, 27, 0, '0.00000', '0.00', '0.00', 0),
(1231, 25, 1, '0.00000', '0.00', '0.00', 0),
(1231, 27, 0, '0.00000', '0.00', '0.00', 0),
(1232, 25, 0, '2397.00000', '0.00', '0.00', 0),
(1232, 27, 0, '0.00000', '0.00', '0.00', 0),
(1233, 25, 1, '55191.00000', '0.00', '0.00', 0),
(1233, 27, 0, '0.00000', '0.00', '0.00', 0),
(1234, 25, 0, '2685.15000', '0.00', '0.00', 0),
(1234, 27, 0, '0.00000', '0.00', '0.00', 0),
(1235, 25, 0, '2478.60000', '0.00', '0.00', 0),
(1235, 27, 0, '0.00000', '0.00', '0.00', 0),
(1236, 25, 0, '981.11000', '0.00', '0.00', 0),
(1236, 27, 0, '0.00000', '0.00', '0.00', 0),
(1237, 25, 0, '0.00000', '0.00', '0.00', 0),
(1237, 27, 0, '0.00000', '0.00', '0.00', 0),
(1238, 25, 0, '14116.59000', '0.00', '0.00', 0),
(1238, 27, 0, '0.00000', '0.00', '0.00', 0),
(1239, 25, 0, '2478.60000', '0.00', '0.00', 0),
(1239, 27, 0, '0.00000', '0.00', '0.00', 0),
(1240, 25, 0, '3041.45000', '0.00', '0.00', 0),
(1240, 27, 0, '0.00000', '0.00', '0.00', 0),
(1241, 25, 0, '877.84000', '0.00', '0.00', 0),
(1241, 27, 0, '0.00000', '0.00', '0.00', 0),
(1242, 25, 0, '2994.97000', '0.00', '0.00', 0),
(1242, 27, 0, '0.00000', '0.00', '0.00', 0),
(1243, 25, 0, '3924.47000', '0.00', '0.00', 0),
(1243, 27, 0, '0.00000', '0.00', '0.00', 0),
(1244, 25, 0, '97.14286', '0.00', '0.00', 0),
(1244, 27, 0, '0.00000', '0.00', '0.00', 0),
(1245, 25, 0, '8677.02000', '0.00', '0.00', 0),
(1245, 27, 0, '0.00000', '0.00', '0.00', 0),
(1247, 25, 0, '23.12000', '0.00', '0.00', 0),
(1247, 27, 0, '0.00000', '0.00', '0.00', 0),
(1248, 25, 0, '0.00000', '0.00', '0.00', 0),
(1248, 27, 0, '0.00000', '0.00', '0.00', 0),
(1249, 25, 0, '0.00000', '0.00', '0.00', 0),
(1249, 26, 0, '0.00000', '0.00', '0.00', 0),
(1249, 27, 0, '0.00000', '0.00', '0.00', 0),
(1250, 25, 0, '118.28000', '0.00', '0.00', 0),
(1250, 27, 0, '0.00000', '0.00', '0.00', 0),
(1251, 25, 0, '0.00000', '0.00', '0.00', 0),
(1251, 26, 0, '0.00000', '0.00', '0.00', 0),
(1251, 27, 0, '0.00000', '0.00', '0.00', 0),
(1252, 25, 0, '31.67000', '0.00', '0.00', 0),
(1252, 27, 0, '0.00000', '0.00', '0.00', 0),
(1253, 25, 0, '39.13000', '0.00', '0.00', 0),
(1253, 27, 0, '0.00000', '0.00', '0.00', 0),
(1254, 25, 0, '0.00000', '0.00', '0.00', 0),
(1254, 27, 0, '63.00000', '0.00', '0.00', 0),
(1255, 25, 0, '7.00000', '0.00', '0.00', 0),
(1255, 26, 0, '0.00000', '0.00', '0.00', 0),
(1255, 27, 0, '0.00000', '0.00', '0.00', 0),
(1256, 25, 0, '0.00000', '0.00', '0.00', 0),
(1256, 27, 0, '15.60000', '0.00', '0.00', 0),
(1257, 25, 0, '0.00000', '0.00', '0.00', 0),
(1257, 26, 0, '0.00000', '0.00', '0.00', 0),
(1257, 27, 0, '0.00000', '0.00', '0.00', 0),
(1258, 25, 0, '0.00000', '0.00', '0.00', 0),
(1258, 27, 0, '0.00000', '0.00', '0.00', 0),
(1259, 25, 0, '0.00000', '0.00', '0.00', 0),
(1259, 27, 0, '0.00000', '0.00', '0.00', 0),
(1260, 25, 0, '0.00000', '0.00', '0.00', 0),
(1260, 27, 0, '0.00000', '0.00', '0.00', 0),
(1261, 27, 0, '0.00000', '0.00', '0.00', 0),
(1262, 27, 0, '0.00000', '0.00', '0.00', 0),
(1263, 25, 0, '0.00000', '0.00', '0.00', 0),
(1263, 27, 0, '0.00000', '0.00', '0.00', 0),
(1264, 27, 0, '0.00000', '0.00', '0.00', 0),
(1265, 27, 0, '0.00000', '0.00', '0.00', 0),
(1266, 27, 0, '0.00000', '0.00', '0.00', 0),
(1267, 27, 0, '0.00000', '0.00', '0.00', 0),
(1268, 25, 0, '564.54500', '0.00', '0.00', 0),
(1268, 27, 0, '1624.33250', '0.00', '0.00', 0),
(1269, 27, 0, '0.00000', '0.00', '0.00', 0),
(1270, 27, 0, '0.00000', '0.00', '0.00', 0),
(1271, 27, 0, '0.00000', '0.00', '0.00', 0),
(1272, 27, 0, '0.00000', '0.00', '0.00', 0),
(1273, 25, 0, '741.74500', '0.00', '0.00', 0),
(1273, 27, 0, '861.66500', '0.00', '0.00', 0),
(1274, 27, 0, '0.00000', '0.00', '0.00', 0),
(1275, 27, 0, '0.00000', '0.00', '0.00', 0),
(1276, 27, 0, '0.00000', '0.00', '0.00', 0),
(1277, 27, 0, '0.00000', '0.00', '0.00', 0),
(1278, 27, 0, '0.00000', '0.00', '0.00', 0),
(1279, 27, 0, '0.00000', '0.00', '0.00', 0),
(1280, 27, 0, '0.00000', '0.00', '0.00', 0),
(1281, 27, 0, '0.00000', '0.00', '0.00', 0),
(1282, 27, 0, '0.00000', '0.00', '0.00', 0),
(1283, 27, 0, '0.00000', '0.00', '0.00', 0),
(1284, 27, 0, '0.00000', '0.00', '0.00', 0),
(1285, 27, 0, '0.00000', '0.00', '0.00', 0),
(1286, 27, 0, '0.00000', '0.00', '0.00', 0),
(1287, 27, 0, '0.00000', '0.00', '0.00', 0),
(1288, 27, 0, '0.00000', '0.00', '0.00', 0),
(1289, 25, 0, '0.00000', '0.00', '0.00', 0),
(1289, 27, 0, '0.00000', '0.00', '0.00', 0),
(1290, 25, 0, '0.00000', '0.00', '0.00', 0),
(1290, 27, 0, '0.00000', '0.00', '0.00', 0),
(1291, 25, 0, '0.00000', '0.00', '0.00', 0),
(1291, 27, 0, '0.00000', '0.00', '0.00', 0),
(1292, 25, 0, '0.00000', '0.00', '0.00', 0),
(1292, 27, 0, '0.00000', '0.00', '0.00', 0),
(1293, 27, 0, '0.00000', '0.00', '0.00', 0),
(1294, 27, 0, '0.00000', '0.00', '0.00', 0),
(1295, 25, 0, '200.00000', '0.00', '0.00', 0),
(1295, 27, 0, '209.09091', '0.00', '0.00', 0),
(1296, 27, 0, '0.00000', '0.00', '0.00', 0),
(1297, 25, 0, '13804.75000', '0.00', '0.00', 0),
(1297, 27, 0, '12122.58778', '0.00', '0.00', 0),
(1298, 25, 0, '2512.50000', '0.00', '0.00', 0),
(1298, 27, 0, '13304.93700', '0.00', '0.00', 0),
(1299, 25, 0, '162.25000', '0.00', '0.00', 0),
(1299, 26, 0, '0.00000', '0.00', '0.00', 0),
(1299, 27, 0, '0.00000', '0.00', '0.00', 0),
(1303, 25, 1, '0.00000', '0.00', '0.00', 0),
(1303, 27, 0, '0.00000', '0.00', '0.00', 0),
(1304, 25, 1, '0.00000', '0.00', '0.00', 0),
(1304, 27, 0, '0.00000', '0.00', '0.00', 0),
(1306, 25, 0, '0.00000', '0.00', '0.00', 0),
(1306, 27, 0, '0.00000', '0.00', '0.00', 0),
(1307, 25, 1, '0.00000', '0.00', '0.00', 0),
(1307, 27, 0, '0.00000', '0.00', '0.00', 0),
(1308, 25, 1, '0.00000', '0.00', '0.00', 0),
(1308, 27, 0, '0.00000', '0.00', '0.00', 0),
(1309, 25, 0, '4.32000', '0.00', '0.00', 0),
(1309, 27, 0, '0.00000', '0.00', '0.00', 0),
(1310, 25, 0, '6.28000', '0.00', '0.00', 0),
(1310, 27, 0, '0.00000', '0.00', '0.00', 0),
(1311, 25, 0, '35.69000', '0.00', '0.00', 0),
(1311, 27, 0, '0.00000', '0.00', '0.00', 0),
(1312, 25, 0, '128.37056', '0.00', '0.00', 0),
(1312, 27, 0, '0.00000', '0.00', '0.00', 0),
(1313, 25, 0, '0.00000', '0.00', '0.00', 0),
(1313, 27, 0, '0.00000', '0.00', '0.00', 0),
(1314, 25, 0, '2518.33333', '0.00', '0.00', 0),
(1314, 26, 0, '0.00000', '0.00', '0.00', 0),
(1314, 27, 0, '0.00000', '0.00', '0.00', 0),
(1315, 25, 0, '0.00000', '0.00', '0.00', 0),
(1315, 26, 0, '0.00000', '0.00', '0.00', 0),
(1315, 27, 0, '0.00000', '0.00', '0.00', 0),
(1316, 25, 1, '0.00000', '0.00', '0.00', 0),
(1316, 27, 0, '0.00000', '0.00', '0.00', 0),
(1317, 25, 0, '0.00000', '0.00', '0.00', 0),
(1317, 27, 0, '0.00000', '0.00', '0.00', 0),
(1318, 25, 0, '4507.76667', '0.00', '0.00', 0),
(1318, 26, 0, '0.00000', '0.00', '0.00', 0),
(1318, 27, 0, '0.00000', '0.00', '0.00', 0),
(1320, 25, 0, '0.00000', '0.00', '0.00', 0),
(1320, 27, 0, '0.00000', '0.00', '0.00', 0),
(1322, 25, 0, '0.00000', '0.00', '0.00', 0),
(1322, 27, 0, '0.00000', '0.00', '0.00', 0),
(1325, 25, 0, '0.00000', '0.00', '0.00', 0),
(1325, 27, 0, '0.00000', '0.00', '0.00', 0),
(1326, 25, 0, '0.00000', '0.00', '0.00', 0),
(1326, 27, 0, '0.00000', '0.00', '0.00', 0),
(1327, 25, 0, '0.00000', '0.00', '0.00', 0),
(1327, 27, 0, '2553.00000', '0.00', '0.00', 0),
(1328, 25, 0, '845.50000', '0.00', '0.00', 0),
(1328, 27, 0, '0.00000', '0.00', '0.00', 0),
(1329, 25, 0, '0.00000', '0.00', '0.00', 0),
(1329, 27, 0, '0.00000', '0.00', '0.00', 0),
(1330, 25, 0, '0.00000', '0.00', '0.00', 0),
(1330, 27, 0, '0.00000', '0.00', '0.00', 0),
(1331, 25, 0, '0.00000', '0.00', '0.00', 0),
(1331, 27, 0, '0.00000', '0.00', '0.00', 0),
(1332, 25, 0, '10017.33333', '0.00', '0.00', 0),
(1332, 27, 0, '12500.00000', '0.00', '0.00', 0),
(1333, 25, 0, '0.00000', '0.00', '0.00', 0),
(1333, 27, 0, '0.00000', '0.00', '0.00', 0),
(1334, 25, 0, '0.00000', '0.00', '0.00', 0),
(1334, 27, 0, '0.00000', '0.00', '0.00', 0),
(1335, 25, 0, '0.00000', '0.00', '0.00', 0),
(1335, 27, 0, '0.00000', '0.00', '0.00', 0),
(1336, 25, 1, '0.00000', '0.00', '0.00', 0),
(1336, 27, 0, '0.00000', '0.00', '0.00', 0),
(1337, 25, 0, '8334.73250', '0.00', '0.00', 0),
(1337, 27, 0, '0.00000', '0.00', '0.00', 0),
(1338, 25, 1, '12728.38000', '0.00', '0.00', 0),
(1338, 27, 0, '0.00000', '0.00', '0.00', 0),
(1339, 25, 1, '0.00000', '0.00', '0.00', 0),
(1339, 27, 0, '0.00000', '0.00', '0.00', 0),
(1340, 25, 0, '160607.46000', '0.00', '0.00', 0),
(1340, 27, 0, '0.00000', '0.00', '0.00', 0),
(1341, 25, 0, '0.00000', '0.00', '0.00', 0),
(1341, 27, 0, '0.00000', '0.00', '0.00', 0),
(1342, 25, 0, '24012.04083', '0.00', '0.00', 0),
(1342, 27, 0, '0.00000', '0.00', '0.00', 0),
(1343, 25, 1, '0.00000', '0.00', '0.00', 0),
(1343, 27, 0, '0.00000', '0.00', '0.00', 0),
(1344, 25, 0, '26916.58250', '0.00', '0.00', 0),
(1344, 27, 0, '0.00000', '0.00', '0.00', 0),
(1345, 25, 0, '0.00000', '0.00', '0.00', 0),
(1345, 27, 0, '0.00000', '0.00', '0.00', 0),
(1346, 25, 0, '11.69231', '0.00', '0.00', 0),
(1346, 27, 0, '0.00000', '0.00', '0.00', 0),
(1347, 25, 0, '0.22000', '0.00', '0.00', 0),
(1347, 27, 0, '0.00000', '0.00', '0.00', 0),
(1348, 25, 1, '0.00000', '0.00', '0.00', 0),
(1348, 27, 0, '0.00000', '0.00', '0.00', 0),
(1349, 25, 0, '0.00000', '0.00', '0.00', 0),
(1349, 27, 0, '0.00000', '0.00', '0.00', 0),
(1350, 25, 0, '0.00000', '0.00', '0.00', 0),
(1351, 25, 0, '0.00000', '0.00', '0.00', 0),
(1351, 27, 0, '0.00000', '0.00', '0.00', 0),
(1352, 25, 0, '0.00000', '0.00', '0.00', 0),
(1352, 27, 0, '0.00000', '0.00', '0.00', 0),
(1353, 25, 1, '0.00000', '0.00', '0.00', 0),
(1353, 27, 0, '0.00000', '0.00', '0.00', 0),
(1354, 25, 0, '0.00000', '0.00', '0.00', 0),
(1354, 27, 0, '0.00000', '0.00', '0.00', 0),
(1355, 25, 0, '0.00000', '0.00', '0.00', 0),
(1355, 27, 0, '0.00000', '0.00', '0.00', 0),
(1356, 25, 0, '0.00000', '0.00', '0.00', 0),
(1356, 27, 0, '0.00000', '0.00', '0.00', 0),
(1357, 25, 1, '0.00000', '0.00', '0.00', 0),
(1357, 27, 0, '0.00000', '0.00', '0.00', 0),
(1358, 25, 0, '0.31000', '0.00', '0.00', 0),
(1358, 26, 0, '0.00000', '0.00', '0.00', 0),
(1358, 27, 0, '0.00000', '0.00', '0.00', 0),
(1359, 25, 1, '22169.00000', '0.00', '0.00', 0),
(1359, 27, 0, '0.00000', '0.00', '0.00', 0),
(1360, 25, 0, '0.00000', '0.00', '0.00', 0),
(1360, 26, 0, '0.00000', '0.00', '0.00', 0),
(1360, 27, 0, '0.00000', '0.00', '0.00', 0),
(1362, 25, 0, '0.00000', '0.00', '0.00', 0),
(1362, 27, 0, '2500.00000', '0.00', '0.00', 0),
(1363, 25, 1, '0.00000', '0.00', '0.00', 0),
(1363, 27, 0, '0.00000', '0.00', '0.00', 0),
(1364, 25, 0, '2970.83000', '0.00', '0.00', 0),
(1364, 27, 0, '0.00000', '0.00', '0.00', 0),
(1365, 25, 0, '1072.91000', '0.00', '0.00', 0),
(1365, 27, 0, '0.00000', '0.00', '0.00', 0),
(1366, 25, 0, '1519.01000', '0.00', '0.00', 0),
(1366, 27, 0, '0.00000', '0.00', '0.00', 0),
(1367, 25, 0, '4876.88000', '0.00', '0.00', 0),
(1367, 27, 0, '0.00000', '0.00', '0.00', 0),
(1368, 25, 0, '15370.00000', '0.00', '0.00', 0),
(1368, 27, 0, '0.00000', '0.00', '0.00', 0),
(1369, 25, 0, '3901.50000', '0.00', '0.00', 0),
(1369, 27, 0, '0.00000', '0.00', '0.00', 0),
(1370, 25, 0, '1463.36000', '0.00', '0.00', 0),
(1370, 27, 0, '0.00000', '0.00', '0.00', 0),
(1371, 25, 0, '8778.00000', '0.00', '0.00', 0),
(1371, 27, 0, '0.00000', '0.00', '0.00', 0),
(1372, 25, 0, '0.00000', '0.00', '0.00', 0),
(1372, 27, 0, '0.00000', '0.00', '0.00', 0),
(1373, 25, 1, '28571.40000', '0.00', '0.00', 0),
(1373, 27, 0, '0.00000', '0.00', '0.00', 0),
(1374, 25, 0, '0.00000', '0.00', '0.00', 0),
(1374, 27, 0, '0.00000', '0.00', '0.00', 0),
(1375, 25, 0, '5026.36000', '0.00', '0.00', 0),
(1375, 27, 0, '0.00000', '0.00', '0.00', 0),
(1377, 25, 1, '0.00000', '0.00', '0.00', 0),
(1377, 27, 0, '0.00000', '0.00', '0.00', 0),
(1378, 25, 0, '234.48833', '0.00', '0.00', 0),
(1378, 27, 0, '0.00000', '0.00', '0.00', 0),
(1379, 25, 0, '0.00000', '0.00', '0.00', 0),
(1379, 27, 0, '0.00000', '0.00', '0.00', 0),
(1380, 25, 1, '17500.00000', '0.00', '0.00', 0),
(1380, 27, 0, '0.00000', '0.00', '0.00', 0),
(1381, 25, 0, '22157.74267', '0.00', '0.00', 0),
(1381, 27, 0, '0.00000', '0.00', '0.00', 0),
(1382, 25, 0, '25121.23250', '0.00', '0.00', 0),
(1382, 27, 0, '0.00000', '0.00', '0.00', 0),
(1383, 25, 1, '19049.20000', '0.00', '0.00', 0),
(1383, 27, 0, '0.00000', '0.00', '0.00', 0),
(1384, 25, 0, '0.00000', '0.00', '0.00', 0),
(1384, 27, 0, '0.00000', '0.00', '0.00', 0),
(1385, 25, 0, '6116.76000', '0.00', '0.00', 0),
(1385, 27, 0, '0.00000', '0.00', '0.00', 0),
(1386, 25, 0, '5641.49000', '0.00', '0.00', 0),
(1386, 27, 0, '0.00000', '0.00', '0.00', 0),
(1387, 25, 0, '321.58833', '0.00', '0.00', 0),
(1387, 27, 0, '0.00000', '0.00', '0.00', 0),
(1388, 25, 0, '55180.00000', '0.00', '0.00', 0),
(1388, 27, 0, '0.00000', '0.00', '0.00', 0),
(1389, 25, 1, '0.00000', '0.00', '0.00', 0),
(1389, 27, 0, '0.00000', '0.00', '0.00', 0),
(1390, 25, 1, '16968.90000', '0.00', '0.00', 0),
(1390, 27, 0, '0.00000', '0.00', '0.00', 0),
(1391, 25, 1, '23072.00000', '0.00', '0.00', 0),
(1391, 27, 0, '0.00000', '0.00', '0.00', 0),
(1392, 25, 0, '200.00000', '0.00', '0.00', 0),
(1392, 26, 0, '0.00000', '0.00', '0.00', 0),
(1392, 27, 0, '0.00000', '0.00', '0.00', 0),
(1393, 25, 0, '0.00000', '0.00', '0.00', 0),
(1393, 27, 0, '0.00000', '0.00', '0.00', 0),
(1397, 25, 0, '935.00000', '0.00', '0.00', 0),
(1397, 27, 0, '0.00000', '0.00', '0.00', 0),
(1403, 25, 0, '0.00000', '0.00', '0.00', 0),
(1403, 27, 0, '0.00000', '0.00', '0.00', 0),
(1408, 25, 0, '0.00000', '0.00', '0.00', 0),
(1408, 27, 0, '0.00000', '0.00', '0.00', 0),
(1409, 25, 0, '3267.89000', '0.00', '0.00', 0),
(1409, 27, 0, '0.00000', '0.00', '0.00', 0),
(1410, 25, 0, '0.00000', '0.00', '0.00', 0),
(1410, 27, 0, '0.00000', '0.00', '0.00', 0),
(1411, 25, 0, '917.22000', '0.00', '0.00', 0),
(1411, 27, 0, '0.00000', '0.00', '0.00', 0),
(1412, 25, 0, '0.00000', '0.00', '0.00', 0),
(1412, 27, 0, '0.00000', '0.00', '0.00', 0),
(1413, 25, 1, '18311.00000', '0.00', '0.00', 0),
(1413, 27, 0, '22397.50000', '0.00', '0.00', 0),
(1414, 25, 0, '0.00000', '0.00', '0.00', 0),
(1414, 27, 0, '0.00000', '0.00', '0.00', 0),
(1415, 25, 0, '0.00000', '0.00', '0.00', 0),
(1415, 27, 0, '0.00000', '0.00', '0.00', 0),
(1416, 25, 0, '1170.73000', '0.00', '0.00', 0),
(1416, 27, 0, '0.00000', '0.00', '0.00', 0),
(1417, 25, 0, '169.54500', '0.00', '0.00', 0),
(1417, 27, 0, '0.00000', '0.00', '0.00', 0),
(1418, 25, 0, '0.00000', '0.00', '0.00', 0),
(1418, 27, 0, '0.00000', '0.00', '0.00', 0),
(1419, 25, 0, '0.00000', '0.00', '0.00', 0),
(1419, 27, 0, '0.00000', '0.00', '0.00', 0),
(1420, 25, 0, '31.67000', '0.00', '0.00', 0),
(1420, 27, 0, '0.00000', '0.00', '0.00', 0),
(1421, 25, 0, '6.00000', '0.00', '0.00', 0),
(1421, 27, 0, '0.00000', '0.00', '0.00', 0),
(1422, 25, 0, '0.00000', '0.00', '0.00', 0),
(1422, 27, 0, '1955.00000', '0.00', '0.00', 0),
(1423, 25, 0, '1955.00000', '0.00', '0.00', 0),
(1423, 27, 0, '0.00000', '0.00', '0.00', 0),
(1424, 25, 0, '0.00000', '0.00', '0.00', 0),
(1424, 27, 0, '1955.00000', '0.00', '0.00', 0),
(1425, 25, 0, '1955.00000', '0.00', '0.00', 0),
(1425, 27, 0, '0.00000', '0.00', '0.00', 0),
(1426, 25, 0, '1700.00000', '0.00', '0.00', 0),
(1426, 27, 0, '0.00000', '0.00', '0.00', 0),
(1427, 25, 0, '314.50000', '0.00', '0.00', 0),
(1427, 27, 0, '0.00000', '0.00', '0.00', 0),
(1428, 25, 0, '467.50000', '0.00', '0.00', 0),
(1428, 27, 0, '0.00000', '0.00', '0.00', 0),
(1429, 25, 0, '12.00000', '0.00', '0.00', 0),
(1429, 26, 0, '0.00000', '0.00', '0.00', 0),
(1429, 27, 0, '0.00000', '0.00', '0.00', 0),
(1430, 25, 0, '0.00000', '0.00', '0.00', 0),
(1430, 26, 0, '0.00000', '0.00', '0.00', 0),
(1430, 27, 0, '53.40000', '0.00', '0.00', 0),
(1431, 25, 0, '38.25000', '0.00', '0.00', 0),
(1431, 26, 0, '0.00000', '0.00', '0.00', 0),
(1431, 27, 0, '0.00000', '0.00', '0.00', 0),
(1432, 25, 0, '14.00000', '0.00', '0.00', 0),
(1432, 26, 0, '0.00000', '0.00', '0.00', 0),
(1432, 27, 0, '0.00000', '0.00', '0.00', 0),
(1433, 25, 0, '7.00000', '0.00', '0.00', 0),
(1433, 27, 0, '0.00000', '0.00', '0.00', 0),
(1434, 25, 0, '0.00000', '0.00', '0.00', 0),
(1434, 27, 0, '0.00000', '0.00', '0.00', 0),
(1435, 25, 0, '0.00000', '0.00', '0.00', 0),
(1435, 27, 0, '0.00000', '0.00', '0.00', 0),
(1436, 25, 1, '0.00000', '0.00', '0.00', 0),
(1436, 27, 0, '0.00000', '0.00', '0.00', 0),
(1437, 25, 0, '0.00000', '0.00', '0.00', 0),
(1438, 25, 0, '0.00000', '0.00', '0.00', 0),
(1438, 27, 0, '98.00000', '0.00', '0.00', 0),
(1439, 25, 1, '0.00000', '0.00', '0.00', 0),
(1439, 27, 0, '0.00000', '0.00', '0.00', 0),
(1440, 25, 0, '0.00000', '0.00', '0.00', 0),
(1440, 27, 0, '0.00000', '0.00', '0.00', 0),
(1441, 25, 1, '30324.75000', '0.00', '0.00', 0),
(1441, 27, 1, '0.00000', '0.00', '0.00', 0),
(1442, 25, 0, '0.00000', '0.00', '0.00', 0),
(1442, 27, 0, '0.00000', '0.00', '0.00', 0),
(1443, 25, 1, '0.00000', '0.00', '0.00', 0),
(1443, 27, 0, '0.00000', '0.00', '0.00', 0),
(1444, 25, 0, '0.00000', '0.00', '0.00', 0),
(1444, 27, 0, '0.00000', '0.00', '0.00', 0),
(1445, 25, 0, '0.00000', '0.00', '0.00', 0),
(1445, 27, 0, '212.00000', '0.00', '0.00', 0),
(1446, 25, 0, '0.00000', '0.00', '0.00', 0),
(1446, 27, 0, '212.00000', '0.00', '0.00', 0),
(1447, 25, 0, '0.00000', '0.00', '0.00', 0),
(1447, 27, 0, '0.00000', '0.00', '0.00', 0),
(1448, 25, 1, '0.00000', '0.00', '0.00', 0),
(1448, 27, 0, '0.00000', '0.00', '0.00', 0),
(1449, 25, 0, '30.28000', '0.00', '0.00', 0),
(1449, 27, 0, '0.00000', '0.00', '0.00', 0),
(1450, 25, 1, '0.00000', '0.00', '0.00', 0),
(1450, 27, 0, '0.00000', '0.00', '0.00', 0),
(1451, 25, 0, '41.99000', '0.00', '0.00', 0),
(1451, 27, 0, '51.00000', '0.00', '0.00', 0),
(1452, 25, 0, '5494.35833', '0.00', '0.00', 0),
(1452, 27, 0, '5323.00000', '0.00', '0.00', 0),
(1453, 25, 0, '14510.93000', '0.00', '0.00', 0),
(1453, 27, 0, '0.00000', '0.00', '0.00', 0),
(1454, 25, 0, '22664.70500', '0.00', '0.00', 0),
(1454, 27, 0, '22151.00000', '0.00', '0.00', 0),
(1457, 25, 0, '1750.83000', '0.00', '0.00', 0),
(1457, 27, 0, '0.00000', '0.00', '0.00', 0),
(1458, 25, 0, '0.00000', '0.00', '0.00', 0),
(1458, 27, 0, '0.00000', '0.00', '0.00', 0),
(1459, 25, 0, '0.00000', '0.00', '0.00', 0),
(1459, 26, 0, '0.00000', '0.00', '0.00', 0),
(1459, 27, 0, '0.00000', '0.00', '0.00', 0),
(1460, 25, 0, '0.00000', '0.00', '0.00', 0),
(1460, 27, 0, '1819.22000', '0.00', '0.00', 0),
(1461, 25, 0, '0.00000', '0.00', '0.00', 0),
(1461, 27, 0, '0.00000', '0.00', '0.00', 0),
(1462, 25, 0, '0.00000', '0.00', '0.00', 0),
(1462, 27, 0, '0.00000', '0.00', '0.00', 0),
(1463, 25, 0, '130.02571', '0.00', '0.00', 0),
(1463, 27, 0, '224.23704', '0.00', '0.00', 0),
(1464, 25, 0, '264.11000', '0.00', '0.00', 0),
(1464, 27, 0, '0.00000', '0.00', '0.00', 0),
(1465, 25, 0, '255.00000', '0.00', '0.00', 0),
(1465, 27, 0, '0.00000', '0.00', '0.00', 0),
(1466, 25, 0, '255.00000', '0.00', '0.00', 0),
(1466, 27, 0, '0.00000', '0.00', '0.00', 0),
(1467, 25, 0, '255.00000', '0.00', '0.00', 0),
(1467, 27, 0, '0.00000', '0.00', '0.00', 0),
(1468, 25, 0, '193.80000', '0.00', '0.00', 0),
(1468, 27, 0, '160.00000', '0.00', '0.00', 0),
(1469, 25, 0, '2085.11000', '0.00', '0.00', 0),
(1469, 27, 0, '0.00000', '0.00', '0.00', 0),
(1470, 25, 0, '125.35967', '0.00', '0.00', 0),
(1470, 27, 0, '0.00000', '0.00', '0.00', 0),
(1472, 25, 1, '0.00000', '0.00', '0.00', 0),
(1472, 27, 0, '0.00000', '0.00', '0.00', 0),
(1473, 25, 1, '0.00000', '0.00', '0.00', 0),
(1473, 27, 0, '520.00000', '0.00', '0.00', 0),
(1474, 25, 1, '0.00000', '0.00', '0.00', 0),
(1474, 27, 0, '1887.00000', '0.00', '0.00', 0),
(1475, 25, 0, '0.00000', '0.00', '0.00', 0),
(1475, 27, 0, '0.00000', '0.00', '0.00', 0),
(1476, 25, 0, '0.00000', '0.00', '0.00', 0),
(1476, 27, 0, '0.00000', '0.00', '0.00', 0),
(1477, 25, 0, '0.00000', '0.00', '0.00', 0),
(1477, 27, 0, '0.00000', '0.00', '0.00', 0),
(1478, 25, 0, '0.00000', '0.00', '0.00', 0),
(1478, 27, 0, '0.00000', '0.00', '0.00', 0),
(1479, 25, 0, '0.00000', '0.00', '0.00', 0),
(1479, 26, 0, '0.00000', '0.00', '0.00', 0),
(1479, 27, 0, '0.00000', '0.00', '0.00', 0),
(1480, 25, 0, '0.00000', '0.00', '0.00', 0),
(1480, 26, 0, '0.00000', '0.00', '0.00', 0),
(1480, 27, 0, '0.00000', '0.00', '0.00', 0),
(1481, 25, 0, '0.00000', '0.00', '0.00', 0),
(1481, 26, 0, '0.00000', '0.00', '0.00', 0),
(1481, 27, 0, '0.00000', '0.00', '0.00', 0),
(1482, 25, 0, '35336.64513', '0.00', '0.00', 0),
(1482, 27, 0, '0.00000', '0.00', '0.00', 0),
(1483, 25, 0, '877.50000', '0.00', '0.00', 0),
(1483, 27, 0, '1127.00000', '0.00', '0.00', 0),
(1484, 25, 0, '10455.00000', '0.00', '0.00', 0),
(1484, 27, 0, '0.00000', '0.00', '0.00', 0),
(1485, 25, 1, '8300.50000', '0.00', '0.00', 0),
(1485, 27, 0, '0.00000', '0.00', '0.00', 0),
(1486, 25, 0, '0.00000', '0.00', '0.00', 0),
(1487, 25, 0, '8798.48000', '0.00', '0.00', 0),
(1487, 27, 0, '0.00000', '0.00', '0.00', 0),
(1488, 25, 0, '0.00000', '0.00', '0.00', 0),
(1488, 27, 0, '0.00000', '0.00', '0.00', 0),
(1489, 25, 0, '0.00000', '0.00', '0.00', 0),
(1489, 26, 0, '0.00000', '0.00', '0.00', 0),
(1489, 27, 0, '0.00000', '0.00', '0.00', 0),
(1490, 25, 0, '0.00000', '0.00', '0.00', 0),
(1490, 26, 0, '0.00000', '0.00', '0.00', 0),
(1490, 27, 0, '0.00000', '0.00', '0.00', 0),
(1491, 25, 1, '0.00000', '0.00', '0.00', 0),
(1491, 27, 0, '0.00000', '0.00', '0.00', 0),
(1492, 25, 1, '0.00000', '0.00', '0.00', 0),
(1492, 27, 0, '3200.00000', '0.00', '0.00', 0),
(1493, 25, 0, '0.00000', '0.00', '0.00', 0),
(1493, 27, 0, '1821.84000', '0.00', '0.00', 0),
(1494, 25, 0, '3.24290', '0.00', '0.00', 0),
(1494, 27, 0, '0.00000', '0.00', '0.00', 0),
(1495, 25, 0, '1.86976', '0.00', '0.00', 0),
(1495, 27, 0, '0.00000', '0.00', '0.00', 0),
(1496, 25, 0, '0.00000', '0.00', '0.00', 0),
(1496, 26, 0, '0.00000', '0.00', '0.00', 0),
(1496, 27, 0, '0.00000', '0.00', '0.00', 0),
(1497, 25, 0, '0.00000', '0.00', '0.00', 0),
(1497, 26, 0, '0.00000', '0.00', '0.00', 0),
(1497, 27, 0, '0.00000', '0.00', '0.00', 0),
(1498, 25, 0, '2562.75000', '0.00', '0.00', 1),
(1498, 26, 0, '0.00000', '0.00', '0.00', 1),
(1498, 27, 0, '0.00000', '0.00', '0.00', 1),
(1499, 25, 0, '1644.87500', '0.00', '0.00', 1),
(1499, 26, 0, '0.00000', '0.00', '0.00', 1),
(1499, 27, 0, '0.00000', '0.00', '0.00', 1),
(1500, 25, 0, '719.73000', '0.00', '0.00', 0),
(1500, 27, 0, '548.00000', '0.00', '0.00', 0),
(1501, 25, 0, '31464.22000', '0.00', '0.00', 0),
(1501, 27, 0, '0.00000', '0.00', '0.00', 0),
(1502, 25, 1, '22260.00000', '0.00', '0.00', 0),
(1502, 27, 0, '0.00000', '0.00', '0.00', 0),
(1503, 25, 0, '0.00000', '0.00', '0.00', 0),
(1503, 26, 0, '0.00000', '0.00', '0.00', 0),
(1503, 27, 0, '0.00000', '0.00', '0.00', 0),
(1504, 25, 0, '374.00000', '0.00', '0.00', 0),
(1504, 27, 0, '0.00000', '0.00', '0.00', 0),
(1505, 25, 0, '343.54000', '0.00', '0.00', 0),
(1505, 27, 0, '687.00000', '0.00', '0.00', 0),
(1506, 25, 0, '1.29498', '0.00', '0.00', 0),
(1506, 27, 0, '0.00000', '0.00', '0.00', 0),
(1507, 25, 0, '810.20205', '0.00', '0.00', 0),
(1507, 27, 0, '0.00000', '0.00', '0.00', 0),
(1508, 25, 0, '200.00000', '0.00', '0.00', 0),
(1508, 26, 0, '0.00000', '0.00', '0.00', 0),
(1508, 27, 0, '0.00000', '0.00', '0.00', 0),
(1509, 25, 0, '0.00000', '0.00', '0.00', 0),
(1509, 27, 0, '0.00000', '0.00', '0.00', 0),
(1510, 25, 1, '0.00000', '0.00', '0.00', 0),
(1510, 27, 0, '0.00000', '0.00', '0.00', 0),
(1511, 25, 0, '500.00000', '0.00', '0.00', 0),
(1511, 27, 0, '0.00000', '0.00', '0.00', 0),
(1512, 25, 0, '550.00000', '0.00', '0.00', 0),
(1512, 27, 0, '0.00000', '0.00', '0.00', 0),
(1513, 25, 0, '0.00000', '0.00', '0.00', 0),
(1513, 27, 0, '0.00000', '0.00', '0.00', 0),
(1514, 25, 0, '0.00000', '0.00', '0.00', 0),
(1514, 27, 0, '0.00000', '0.00', '0.00', 0),
(1515, 25, 0, '0.00000', '0.00', '0.00', 0),
(1515, 27, 0, '0.00000', '0.00', '0.00', 0),
(1516, 25, 0, '0.00000', '0.00', '0.00', 0),
(1516, 27, 0, '0.00000', '0.00', '0.00', 0),
(1517, 25, 0, '0.00000', '0.00', '0.00', 0),
(1517, 27, 0, '0.00000', '0.00', '0.00', 0),
(1518, 25, 0, '0.00000', '0.00', '0.00', 0),
(1518, 26, 0, '0.00000', '0.00', '0.00', 0),
(1518, 27, 0, '377.45400', '0.00', '0.00', 0),
(1519, 25, 0, '0.00000', '0.00', '0.00', 0),
(1519, 26, 0, '0.00000', '0.00', '0.00', 0),
(1519, 27, 0, '2432.35800', '0.00', '0.00', 0),
(1520, 25, 0, '3500.00000', '0.00', '0.00', 0),
(1520, 27, 0, '0.00000', '0.00', '0.00', 0),
(1521, 25, 0, '45.00000', '0.00', '0.00', 0),
(1521, 27, 0, '0.00000', '0.00', '0.00', 0),
(1522, 25, 0, '25.26085', '0.00', '0.00', 0),
(1522, 27, 0, '0.00000', '0.00', '0.00', 0),
(1523, 25, 0, '59.96400', '0.00', '0.00', 0),
(1523, 27, 0, '0.00000', '0.00', '0.00', 0),
(1524, 25, 0, '16.72333', '0.00', '0.00', 0),
(1524, 27, 0, '0.00000', '0.00', '0.00', 0),
(1525, 25, 0, '58.33333', '0.00', '0.00', 0),
(1525, 27, 0, '0.00000', '0.00', '0.00', 0),
(1526, 25, 1, '4541.48000', '0.00', '0.00', 0),
(1526, 27, 0, '0.00000', '0.00', '0.00', 0),
(1527, 25, 0, '0.00000', '0.00', '0.00', 0),
(1527, 27, 0, '0.00000', '0.00', '0.00', 0),
(1528, 25, 0, '0.00000', '0.00', '0.00', 0),
(1528, 27, 0, '0.00000', '0.00', '0.00', 0),
(1529, 25, 0, '8106.00000', '0.00', '0.00', 0),
(1529, 27, 0, '0.00000', '0.00', '0.00', 0),
(1530, 25, 0, '0.00000', '0.00', '0.00', 0),
(1530, 27, 0, '0.00000', '0.00', '0.00', 0),
(1531, 25, 0, '0.00000', '0.00', '0.00', 0),
(1531, 27, 0, '0.00000', '0.00', '0.00', 0),
(1532, 25, 0, '0.00000', '0.00', '0.00', 0),
(1532, 27, 0, '0.00000', '0.00', '0.00', 0),
(1533, 25, 0, '0.00000', '0.00', '0.00', 0),
(1533, 27, 0, '0.00000', '0.00', '0.00', 0),
(1534, 25, 0, '0.00000', '0.00', '0.00', 0),
(1534, 27, 0, '0.00000', '0.00', '0.00', 0),
(1535, 25, 0, '0.00000', '0.00', '0.00', 0),
(1535, 26, 0, '0.00000', '0.00', '0.00', 0),
(1535, 27, 0, '0.00000', '0.00', '0.00', 0),
(1536, 25, 0, '0.00000', '0.00', '0.00', 0),
(1536, 27, 0, '678.41000', '0.00', '0.00', 0),
(1537, 25, 1, '0.00000', '0.00', '0.00', 0),
(1537, 27, 0, '9400.00000', '0.00', '0.00', 0),
(1538, 25, 1, '0.00000', '0.00', '0.00', 0),
(1538, 27, 0, '17774.00000', '0.00', '0.00', 0),
(1539, 25, 0, '0.00000', '0.00', '0.00', 0),
(1539, 27, 0, '0.00000', '0.00', '0.00', 0),
(1540, 26, 0, '0.00000', '0.00', '0.00', 0),
(1541, 26, 0, '0.00000', '0.00', '0.00', 0),
(1542, 26, 0, '0.00000', '0.00', '0.00', 0),
(1543, 26, 0, '0.00000', '0.00', '0.00', 0),
(1544, 26, 0, '0.00000', '0.00', '0.00', 0),
(1546, 26, 0, '0.00000', '0.00', '0.00', 0),
(1547, 26, 0, '0.00000', '0.00', '0.00', 0),
(1548, 26, 0, '0.00000', '0.00', '0.00', 0),
(1549, 26, 0, '0.00000', '0.00', '0.00', 0),
(1550, 26, 0, '0.00000', '0.00', '0.00', 0),
(1551, 26, 0, '0.00000', '0.00', '0.00', 0),
(1552, 26, 0, '0.00000', '0.00', '0.00', 0),
(1553, 25, 0, '0.00000', '0.00', '0.00', 0),
(1553, 26, 0, '0.00000', '0.00', '0.00', 0),
(1553, 27, 1, '0.00000', '0.00', '0.00', 0),
(1554, 26, 0, '0.00000', '0.00', '0.00', 0),
(1555, 26, 0, '0.00000', '0.00', '0.00', 0),
(1556, 26, 0, '0.00000', '0.00', '0.00', 0),
(1557, 25, 0, '0.05000', '0.00', '0.00', 0),
(1557, 27, 0, '0.00000', '0.00', '0.00', 0),
(1558, 26, 0, '0.00000', '0.00', '0.00', 0),
(1559, 25, 0, '0.00000', '0.00', '0.00', 0),
(1559, 26, 0, '0.00000', '0.00', '0.00', 0),
(1559, 27, 0, '0.00000', '0.00', '0.00', 0),
(1560, 25, 0, '0.00000', '0.00', '0.00', 0),
(1560, 26, 0, '0.00000', '0.00', '0.00', 0),
(1560, 27, 0, '0.00000', '0.00', '0.00', 0),
(1562, 26, 0, '0.00000', '0.00', '0.00', 0),
(1563, 26, 0, '0.00000', '0.00', '0.00', 0),
(1564, 26, 0, '0.00000', '0.00', '0.00', 0),
(1565, 26, 0, '0.00000', '0.00', '0.00', 0),
(1566, 26, 0, '0.00000', '0.00', '0.00', 0),
(1567, 25, 0, '0.00000', '0.00', '0.00', 0),
(1567, 26, 0, '0.00000', '0.00', '0.00', 0),
(1567, 27, 0, '0.00000', '0.00', '0.00', 0),
(1568, 25, 0, '0.00000', '0.00', '0.00', 0),
(1568, 26, 0, '0.00000', '0.00', '0.00', 0),
(1568, 27, 0, '0.00000', '0.00', '0.00', 0),
(1569, 26, 0, '0.00000', '0.00', '0.00', 0),
(1570, 26, 0, '0.00000', '0.00', '0.00', 0),
(1571, 26, 0, '0.00000', '0.00', '0.00', 0),
(1572, 26, 0, '0.00000', '0.00', '0.00', 0),
(1573, 26, 0, '0.00000', '0.00', '0.00', 0),
(1574, 26, 0, '0.00000', '0.00', '0.00', 0),
(1575, 26, 0, '0.00000', '0.00', '0.00', 0),
(1576, 26, 0, '0.00000', '0.00', '0.00', 0),
(1577, 26, 0, '0.00000', '0.00', '0.00', 0),
(1578, 25, 0, '0.00000', '0.00', '0.00', 0),
(1578, 26, 0, '0.00000', '0.00', '0.00', 0),
(1578, 27, 0, '0.00000', '0.00', '0.00', 0),
(1579, 25, 0, '0.00000', '0.00', '0.00', 0),
(1579, 26, 0, '0.00000', '0.00', '0.00', 0),
(1579, 27, 0, '0.00000', '0.00', '0.00', 0),
(1580, 26, 0, '0.00000', '0.00', '0.00', 0),
(1581, 25, 0, '0.00000', '0.00', '0.00', 0),
(1581, 26, 0, '0.00000', '0.00', '0.00', 0),
(1581, 27, 0, '0.00000', '0.00', '0.00', 0),
(1582, 25, 0, '85680.00000', '0.00', '0.00', 0),
(1582, 26, 0, '0.00000', '0.00', '0.00', 0),
(1582, 27, 0, '0.00000', '0.00', '0.00', 0),
(1583, 25, 1, '0.00000', '0.00', '0.00', 0),
(1583, 27, 0, '0.00000', '0.00', '0.00', 0),
(1584, 25, 0, '0.00000', '0.00', '0.00', 0),
(1584, 26, 0, '0.00000', '0.00', '0.00', 0),
(1584, 27, 0, '0.00000', '0.00', '0.00', 0),
(1585, 25, 0, '0.00000', '0.00', '0.00', 0),
(1585, 26, 0, '0.00000', '0.00', '0.00', 0),
(1585, 27, 0, '0.00000', '0.00', '0.00', 0),
(1586, 25, 0, '0.00000', '0.00', '0.00', 0),
(1586, 27, 0, '0.00000', '0.00', '0.00', 0),
(1587, 25, 0, '0.00000', '0.00', '0.00', 0),
(1587, 27, 0, '0.00000', '0.00', '0.00', 0),
(1588, 25, 0, '0.00000', '0.00', '0.00', 0),
(1588, 27, 0, '0.00000', '0.00', '0.00', 0),
(1589, 25, 0, '0.00000', '0.00', '0.00', 0),
(1589, 27, 0, '0.00000', '0.00', '0.00', 0),
(1590, 25, 1, '0.00000', '0.00', '0.00', 0),
(1591, 25, 0, '0.00000', '0.00', '0.00', 0),
(1591, 27, 0, '0.00000', '0.00', '0.00', 0),
(1592, 25, 0, '0.00000', '0.00', '0.00', 0),
(1592, 27, 0, '0.00000', '0.00', '0.00', 0),
(1593, 25, 0, '0.00000', '0.00', '0.00', 0),
(1593, 27, 0, '0.00000', '0.00', '0.00', 0),
(1594, 25, 0, '0.00000', '0.00', '0.00', 0),
(1594, 27, 0, '0.00000', '0.00', '0.00', 0),
(1595, 25, 1, '0.00000', '0.00', '0.00', 0),
(1595, 27, 0, '0.00000', '0.00', '0.00', 0),
(1596, 25, 0, '0.00000', '0.00', '0.00', 0),
(1596, 27, 0, '0.00000', '0.00', '0.00', 0),
(1597, 25, 0, '0.00000', '0.00', '0.00', 0),
(1597, 27, 0, '0.00000', '0.00', '0.00', 0),
(1598, 25, 0, '0.00000', '0.00', '0.00', 0),
(1598, 27, 0, '0.00000', '0.00', '0.00', 0),
(1599, 25, 0, '0.00000', '0.00', '0.00', 0),
(1599, 27, 0, '0.00000', '0.00', '0.00', 0),
(1600, 25, 0, '0.00000', '0.00', '0.00', 0),
(1600, 27, 0, '0.00000', '0.00', '0.00', 0),
(1601, 25, 0, '3589.52000', '0.00', '0.00', 0),
(1601, 27, 0, '0.00000', '0.00', '0.00', 0),
(1602, 25, 0, '0.00000', '0.00', '0.00', 0),
(1602, 26, 0, '0.00000', '0.00', '0.00', 0),
(1602, 27, 0, '0.00000', '0.00', '0.00', 0),
(1603, 25, 0, '50.00000', '0.00', '0.00', 0),
(1603, 26, 0, '0.00000', '0.00', '0.00', 0),
(1603, 27, 0, '0.00000', '0.00', '0.00', 0),
(1604, 25, 0, '1955.00000', '0.00', '0.00', 0),
(1604, 27, 0, '0.00000', '0.00', '0.00', 0),
(1605, 25, 0, '0.00000', '0.00', '0.00', 0),
(1605, 27, 0, '0.00000', '0.00', '0.00', 0),
(1606, 25, 0, '0.00000', '0.00', '0.00', 0),
(1606, 26, 0, '0.00000', '0.00', '0.00', 0),
(1606, 27, 0, '0.00000', '0.00', '0.00', 0),
(1607, 25, 0, '9077.82000', '0.00', '0.00', 0),
(1607, 27, 0, '0.00000', '0.00', '0.00', 0),
(1608, 25, 0, '0.00000', '0.00', '0.00', 0),
(1608, 27, 0, '0.00000', '0.00', '0.00', 0),
(1609, 25, 0, '0.00000', '0.00', '0.00', 0),
(1609, 27, 0, '0.00000', '0.00', '0.00', 0),
(1610, 25, 1, '109920.00000', '0.00', '0.00', 0),
(1610, 27, 0, '0.00000', '0.00', '0.00', 0),
(1611, 25, 0, '236.14800', '0.00', '0.00', 0),
(1611, 27, 0, '0.00000', '0.00', '0.00', 0),
(1613, 25, 1, '13600.00000', '0.00', '0.00', 0),
(1613, 27, 0, '13600.00000', '0.00', '0.00', 0),
(1614, 25, 0, '0.00000', '0.00', '0.00', 0),
(1614, 27, 0, '0.00000', '0.00', '0.00', 0),
(1615, 25, 0, '0.00000', '0.00', '0.00', 0),
(1615, 27, 0, '0.00000', '0.00', '0.00', 0),
(1616, 25, 0, '0.00000', '0.00', '0.00', 0),
(1616, 27, 0, '0.00000', '0.00', '0.00', 0),
(1617, 25, 1, '0.00000', '0.00', '0.00', 0),
(1617, 27, 0, '0.00000', '0.00', '0.00', 0),
(1618, 25, 0, '0.00000', '0.00', '0.00', 0),
(1618, 26, 0, '0.00000', '0.00', '0.00', 0),
(1618, 27, 0, '0.00000', '0.00', '0.00', 0),
(1619, 25, 0, '0.00000', '0.00', '0.00', 0),
(1619, 26, 0, '0.00000', '0.00', '0.00', 0),
(1619, 27, 0, '0.00000', '0.00', '0.00', 0),
(1620, 25, 0, '0.00000', '0.00', '0.00', 0),
(1620, 26, 0, '0.00000', '0.00', '0.00', 0),
(1620, 27, 0, '0.00000', '0.00', '0.00', 0),
(1621, 25, 0, '0.00000', '0.00', '0.00', 0),
(1621, 26, 0, '0.00000', '0.00', '0.00', 0),
(1621, 27, 0, '0.00000', '0.00', '0.00', 0),
(1622, 25, 0, '0.00000', '0.00', '0.00', 0),
(1622, 26, 0, '0.00000', '0.00', '0.00', 0),
(1622, 27, 0, '0.00000', '0.00', '0.00', 0),
(1623, 25, 0, '0.00000', '0.00', '0.00', 0),
(1623, 26, 0, '0.00000', '0.00', '0.00', 0),
(1623, 27, 0, '0.00000', '0.00', '0.00', 0),
(1624, 25, 0, '0.00000', '0.00', '0.00', 0),
(1624, 26, 0, '0.00000', '0.00', '0.00', 0),
(1624, 27, 0, '0.00000', '0.00', '0.00', 0),
(1625, 25, 0, '0.00000', '0.00', '0.00', 0),
(1625, 26, 0, '0.00000', '0.00', '0.00', 0),
(1625, 27, 0, '0.00000', '0.00', '0.00', 0),
(1627, 25, 0, '0.00000', '0.00', '0.00', 0),
(1627, 26, 0, '0.00000', '0.00', '0.00', 0),
(1627, 27, 0, '12.60000', '0.00', '0.00', 0),
(1628, 25, 0, '25.00000', '0.00', '0.00', 0),
(1628, 26, 0, '0.00000', '0.00', '0.00', 0),
(1628, 27, 0, '0.00000', '0.00', '0.00', 0),
(1629, 25, 0, '0.00000', '0.00', '0.00', 0),
(1629, 26, 0, '0.00000', '0.00', '0.00', 0),
(1629, 27, 0, '0.00000', '0.00', '0.00', 0),
(1630, 25, 0, '0.00000', '0.00', '0.00', 0),
(1630, 26, 0, '0.00000', '0.00', '0.00', 0),
(1630, 27, 0, '0.00000', '0.00', '0.00', 0),
(1631, 25, 0, '0.00000', '0.00', '0.00', 0),
(1631, 26, 0, '0.00000', '0.00', '0.00', 0),
(1631, 27, 0, '0.00000', '0.00', '0.00', 0),
(1632, 25, 0, '0.00000', '0.00', '0.00', 0),
(1632, 26, 0, '0.00000', '0.00', '0.00', 0),
(1632, 27, 0, '0.00000', '0.00', '0.00', 0),
(1633, 25, 0, '0.00000', '0.00', '0.00', 0),
(1633, 26, 0, '0.00000', '0.00', '0.00', 0),
(1633, 27, 0, '0.00000', '0.00', '0.00', 0),
(1634, 25, 0, '0.00000', '0.00', '0.00', 0),
(1634, 26, 0, '0.00000', '0.00', '0.00', 0),
(1634, 27, 0, '0.00000', '0.00', '0.00', 0),
(1635, 25, 0, '0.00000', '0.00', '0.00', 0),
(1635, 26, 0, '0.00000', '0.00', '0.00', 0),
(1635, 27, 0, '0.00000', '0.00', '0.00', 0),
(1636, 25, 0, '0.00000', '0.00', '0.00', 0),
(1636, 26, 0, '0.00000', '0.00', '0.00', 0),
(1636, 27, 0, '0.00000', '0.00', '0.00', 0),
(1637, 25, 0, '0.00000', '0.00', '0.00', 0),
(1637, 26, 0, '0.00000', '0.00', '0.00', 0),
(1637, 27, 0, '0.00000', '0.00', '0.00', 0),
(1638, 25, 0, '0.00000', '0.00', '0.00', 0),
(1638, 26, 0, '0.00000', '0.00', '0.00', 0),
(1638, 27, 0, '0.00000', '0.00', '0.00', 0),
(1639, 25, 0, '0.00000', '0.00', '0.00', 0),
(1639, 26, 0, '0.00000', '0.00', '0.00', 0),
(1639, 27, 0, '0.00000', '0.00', '0.00', 0),
(1640, 25, 0, '0.00000', '0.00', '0.00', 0),
(1640, 26, 0, '0.00000', '0.00', '0.00', 0),
(1640, 27, 0, '0.00000', '0.00', '0.00', 0),
(1641, 25, 0, '0.00000', '0.00', '0.00', 0),
(1641, 27, 0, '0.00000', '0.00', '0.00', 0),
(1642, 25, 0, '0.00000', '0.00', '0.00', 0),
(1642, 27, 0, '0.00000', '0.00', '0.00', 0),
(1643, 25, 1, '0.00000', '0.00', '0.00', 0),
(1643, 27, 0, '0.00000', '0.00', '0.00', 0),
(1644, 25, 1, '49546.00000', '0.00', '0.00', 0),
(1644, 27, 1, '0.00000', '0.00', '0.00', 0),
(1645, 25, 0, '0.00000', '0.00', '0.00', 0),
(1645, 27, 0, '0.00000', '0.00', '0.00', 0),
(1646, 25, 0, '0.00000', '0.00', '0.00', 0),
(1646, 26, 0, '0.00000', '0.00', '0.00', 0),
(1646, 27, 0, '0.00000', '0.00', '0.00', 0),
(1647, 25, 0, '0.58361', '0.00', '0.00', 0),
(1647, 26, 0, '0.00000', '0.00', '0.00', 0),
(1647, 27, 0, '0.00000', '0.00', '0.00', 0),
(1648, 25, 0, '0.00000', '0.00', '0.00', 0),
(1648, 26, 0, '0.00000', '0.00', '0.00', 0),
(1648, 27, 0, '0.00000', '0.00', '0.00', 0),
(1649, 25, 1, '26349.00000', '0.00', '0.00', 0),
(1649, 27, 0, '0.00000', '0.00', '0.00', 0),
(1650, 25, 0, '0.00000', '0.00', '0.00', 0),
(1650, 27, 0, '0.00000', '0.00', '0.00', 0),
(1651, 25, 1, '10458.27000', '0.00', '0.00', 0),
(1651, 27, 0, '8414.00000', '0.00', '0.00', 0),
(1652, 25, 1, '42303.00000', '0.00', '0.00', 0),
(1652, 26, 0, '0.00000', '0.00', '0.00', 0),
(1652, 27, 0, '0.00000', '0.00', '0.00', 0),
(1653, 25, 0, '0.00000', '0.00', '0.00', 0),
(1653, 27, 0, '0.00000', '0.00', '0.00', 0),
(1654, 25, 0, '0.00000', '0.00', '0.00', 0),
(1654, 26, 0, '0.00000', '0.00', '0.00', 0),
(1654, 27, 0, '0.00000', '0.00', '0.00', 0),
(1655, 25, 0, '0.00000', '0.00', '0.00', 0),
(1655, 26, 0, '0.00000', '0.00', '0.00', 0),
(1655, 27, 0, '0.00000', '0.00', '0.00', 0),
(1656, 25, 0, '0.00000', '0.00', '0.00', 0),
(1656, 26, 0, '0.00000', '0.00', '0.00', 0),
(1656, 27, 0, '0.00000', '0.00', '0.00', 0),
(1657, 25, 0, '77580.08737', '0.00', '0.00', 0),
(1657, 26, 0, '0.00000', '0.00', '0.00', 0),
(1657, 27, 0, '0.00000', '0.00', '0.00', 0),
(1658, 25, 0, '111.47000', '2.50', '0.00', 0),
(1658, 26, 1, '0.00000', '0.00', '0.00', 0),
(1658, 27, 0, '0.00000', '0.00', '0.00', 0),
(1658, 28, 0, '0.00000', '0.00', '0.00', 0),
(1661, 25, 0, '0.00000', '0.00', '0.00', 0),
(1661, 26, 0, '0.00000', '0.00', '0.00', 0),
(1661, 27, 0, '4584.33000', '0.00', '0.00', 0),
(1662, 25, 1, '50795.00000', '0.00', '0.00', 0),
(1662, 27, 1, '0.00000', '0.00', '0.00', 0),
(1663, 25, 1, '0.00000', '0.00', '0.00', 0),
(1664, 25, 0, '0.00000', '0.00', '0.00', 0),
(1665, 25, 0, '0.00000', '0.00', '0.00', 0),
(1666, 25, 0, '15.00000', '0.00', '0.00', 0),
(1666, 27, 0, '0.00000', '0.00', '0.00', 0),
(1667, 25, 0, '16.00000', '0.00', '0.00', 0),
(1667, 27, 0, '0.00000', '0.00', '0.00', 0),
(1668, 25, 0, '109770.80000', '0.00', '0.00', 0),
(1668, 26, 0, '0.00000', '0.00', '0.00', 0),
(1668, 27, 0, '0.00000', '0.00', '0.00', 0),
(1669, 25, 1, '0.00000', '0.00', '0.00', 0),
(1669, 26, 0, '0.00000', '0.00', '0.00', 0),
(1669, 27, 0, '0.00000', '0.00', '0.00', 0),
(1670, 25, 0, '0.00000', '0.00', '0.00', 0),
(1670, 27, 0, '0.00000', '0.00', '0.00', 0),
(1671, 25, 0, '0.00000', '0.00', '0.00', 0),
(1671, 27, 0, '0.00000', '0.00', '0.00', 0),
(1672, 25, 0, '0.00000', '0.00', '0.00', 0),
(1672, 27, 0, '0.00000', '0.00', '0.00', 0),
(1673, 25, 0, '0.00000', '0.00', '0.00', 0),
(1673, 27, 0, '0.00000', '0.00', '0.00', 0),
(1674, 25, 0, '0.00000', '0.00', '0.00', 0),
(1674, 27, 0, '0.00000', '0.00', '0.00', 0),
(1675, 25, 0, '0.00000', '0.00', '0.00', 0),
(1675, 27, 0, '0.00000', '0.00', '0.00', 0),
(1676, 25, 0, '0.00000', '0.00', '0.00', 0),
(1676, 27, 0, '0.00000', '0.00', '0.00', 0),
(1677, 25, 1, '0.00000', '0.00', '0.00', 0),
(1677, 27, 0, '0.00000', '0.00', '0.00', 0),
(1678, 25, 1, '0.00000', '0.00', '0.00', 0),
(1678, 27, 0, '0.00000', '0.00', '0.00', 0),
(1679, 25, 1, '0.00000', '0.00', '0.00', 0),
(1679, 27, 0, '0.00000', '0.00', '0.00', 0),
(1680, 25, 0, '0.00000', '0.00', '0.00', 0),
(1682, 25, 0, '3950.00000', '0.00', '0.00', 0),
(1682, 26, 0, '0.00000', '0.00', '0.00', 0),
(1682, 27, 0, '0.00000', '0.00', '0.00', 0),
(1683, 25, 0, '6508.51500', '0.00', '0.00', 0),
(1683, 27, 0, '0.00000', '0.00', '0.00', 0),
(1684, 25, 0, '303.98608', '0.00', '0.00', 0),
(1684, 27, 0, '0.00000', '0.00', '0.00', 0),
(1685, 25, 0, '0.00000', '0.00', '0.00', 0),
(1685, 27, 0, '0.00000', '0.00', '0.00', 0),
(1686, 25, 0, '2396.00000', '0.00', '0.00', 0),
(1686, 27, 0, '0.00000', '0.00', '0.00', 0),
(1687, 25, 1, '58263.00000', '0.00', '0.00', 0),
(1687, 27, 1, '0.00000', '0.00', '0.00', 0),
(1688, 25, 0, '0.00000', '0.00', '0.00', 0),
(1688, 26, 0, '0.00000', '0.00', '0.00', 0),
(1688, 27, 0, '0.00000', '0.00', '0.00', 0),
(1689, 25, 0, '0.00000', '0.00', '0.00', 0),
(1690, 25, 0, '0.00000', '0.00', '0.00', 0),
(1691, 25, 1, '0.00000', '0.00', '0.00', 0),
(1691, 27, 0, '0.00000', '0.00', '0.00', 0),
(1692, 25, 0, '0.00000', '0.00', '0.00', 0),
(1692, 27, 0, '0.00000', '0.00', '0.00', 0),
(1693, 25, 0, '0.00000', '0.00', '0.00', 0),
(1693, 26, 0, '0.00000', '0.00', '0.00', 0),
(1693, 27, 0, '0.00000', '0.00', '0.00', 0),
(1694, 25, 0, '0.00000', '0.00', '0.00', 0),
(1694, 26, 0, '0.00000', '0.00', '0.00', 0),
(1694, 27, 0, '0.00000', '0.00', '0.00', 0),
(1696, 25, 0, '850.00000', '0.00', '0.00', 0),
(1696, 27, 0, '0.00000', '0.00', '0.00', 0),
(1697, 25, 0, '488.00000', '0.00', '0.00', 0),
(1697, 27, 0, '0.00000', '0.00', '0.00', 0),
(1698, 25, 0, '3400.00000', '0.00', '0.00', 0),
(1698, 27, 0, '0.00000', '0.00', '0.00', 0),
(1699, 25, 0, '3230.00000', '0.00', '0.00', 0),
(1699, 27, 0, '0.00000', '0.00', '0.00', 0),
(1700, 25, 0, '0.00000', '0.00', '0.00', 0),
(1700, 27, 0, '0.00000', '0.00', '0.00', 0),
(1701, 25, 0, '0.00000', '0.00', '0.00', 0),
(1701, 27, 0, '1184.00000', '0.00', '0.00', 0),
(1702, 25, 0, '1056.00000', '0.00', '0.00', 0),
(1702, 27, 0, '1056.00000', '0.00', '0.00', 0),
(1703, 25, 0, '575.99000', '0.00', '0.00', 0),
(1703, 27, 0, '575.99000', '0.00', '0.00', 0),
(1704, 25, 1, '0.00000', '0.00', '0.00', 0),
(1704, 27, 0, '0.00000', '0.00', '0.00', 0),
(1705, 25, 0, '0.00000', '0.00', '0.00', 0),
(1705, 27, 0, '0.00000', '0.00', '0.00', 0),
(1706, 25, 0, '0.00000', '0.00', '0.00', 0),
(1706, 26, 0, '0.00000', '0.00', '0.00', 0),
(1706, 27, 0, '0.00000', '0.00', '0.00', 0),
(1707, 25, 0, '0.00000', '0.00', '0.00', 0),
(1707, 27, 0, '0.00000', '0.00', '0.00', 0),
(1708, 25, 0, '0.00000', '0.00', '0.00', 0),
(1708, 27, 0, '0.00000', '0.00', '0.00', 0),
(1709, 25, 0, '237.60000', '0.00', '0.00', 0),
(1709, 27, 0, '0.00000', '0.00', '0.00', 0),
(1710, 25, 0, '232.53000', '0.00', '0.00', 0),
(1710, 27, 0, '0.00000', '0.00', '0.00', 0),
(1711, 25, 0, '0.00000', '0.00', '0.00', 0),
(1711, 27, 0, '0.00000', '0.00', '0.00', 0),
(1712, 25, 1, '0.00000', '0.00', '0.00', 0),
(1712, 27, 0, '0.00000', '0.00', '0.00', 0),
(1713, 25, 0, '0.00000', '0.00', '0.00', 0),
(1713, 27, 0, '0.00000', '0.00', '0.00', 0),
(1714, 25, 0, '0.00000', '0.00', '0.00', 0),
(1714, 26, 0, '0.00000', '0.00', '0.00', 0),
(1714, 27, 0, '0.00000', '0.00', '0.00', 0),
(1715, 25, 0, '0.00000', '0.00', '0.00', 0),
(1715, 27, 0, '0.00000', '0.00', '0.00', 0),
(1716, 25, 0, '1953.31000', '0.00', '0.00', 0),
(1716, 27, 0, '0.00000', '0.00', '0.00', 0),
(1717, 25, 0, '49.68750', '0.00', '0.00', 0),
(1717, 27, 0, '0.00000', '0.00', '0.00', 0),
(1718, 25, 0, '0.00000', '0.00', '0.00', 0),
(1718, 27, 0, '0.00000', '0.00', '0.00', 0),
(1719, 25, 0, '0.00000', '0.00', '0.00', 0),
(1719, 27, 0, '0.00000', '0.00', '0.00', 0),
(1720, 25, 0, '0.00000', '0.00', '0.00', 0),
(1720, 27, 0, '0.00000', '0.00', '0.00', 0),
(1721, 25, 0, '0.00000', '0.00', '0.00', 0),
(1721, 27, 0, '0.00000', '0.00', '0.00', 0),
(1722, 25, 0, '0.00000', '0.00', '0.00', 0),
(1722, 27, 0, '0.00000', '0.00', '0.00', 0),
(1723, 25, 0, '0.00000', '0.00', '0.00', 0),
(1723, 27, 0, '0.00000', '0.00', '0.00', 0),
(1724, 25, 0, '0.00000', '0.00', '0.00', 0),
(1724, 27, 0, '0.00000', '0.00', '0.00', 0),
(1725, 25, 1, '38249.00000', '0.00', '0.00', 0),
(1725, 27, 1, '0.00000', '0.00', '0.00', 0),
(1726, 25, 0, '0.00000', '0.00', '0.00', 0),
(1726, 26, 0, '0.00000', '0.00', '0.00', 0),
(1726, 27, 0, '0.00000', '0.00', '0.00', 0),
(1727, 25, 0, '0.00000', '0.00', '0.00', 0),
(1727, 27, 0, '0.00000', '0.00', '0.00', 0),
(1729, 25, 0, '0.00000', '0.00', '0.00', 0),
(1729, 27, 0, '0.00000', '0.00', '0.00', 0),
(1730, 25, 0, '32591.00000', '0.00', '0.00', 0),
(1730, 27, 0, '0.00000', '0.00', '0.00', 0),
(1731, 25, 0, '0.00000', '0.00', '0.00', 0),
(1731, 27, 0, '0.00000', '0.00', '0.00', 0),
(1732, 25, 1, '6752.50000', '0.00', '0.00', 0),
(1732, 27, 1, '0.00000', '0.00', '0.00', 0),
(1733, 25, 0, '224.73000', '0.00', '0.00', 0),
(1733, 27, 0, '0.00000', '0.00', '0.00', 0),
(1734, 25, 0, '0.00000', '0.00', '0.00', 0),
(1734, 27, 0, '0.00000', '0.00', '0.00', 0),
(1735, 25, 0, '0.00000', '0.00', '0.00', 0),
(1735, 26, 0, '0.00000', '0.00', '0.00', 0),
(1735, 27, 0, '0.00000', '0.00', '0.00', 0),
(1736, 25, 0, '0.00000', '0.00', '0.00', 0),
(1736, 26, 0, '0.00000', '0.00', '0.00', 0),
(1736, 27, 0, '0.00000', '0.00', '0.00', 0),
(1737, 25, 0, '0.00000', '0.00', '0.00', 0),
(1737, 26, 0, '0.00000', '0.00', '0.00', 0),
(1737, 27, 0, '0.00000', '0.00', '0.00', 0),
(1738, 25, 1, '61632.50000', '0.00', '0.00', 0),
(1738, 26, 0, '0.00000', '0.00', '0.00', 0),
(1738, 27, 1, '0.00000', '0.00', '0.00', 0),
(1739, 25, 1, '39500.00000', '0.00', '0.00', 0),
(1739, 27, 1, '0.00000', '0.00', '0.00', 0),
(1740, 25, 0, '0.00000', '0.00', '0.00', 0),
(1740, 26, 0, '0.00000', '0.00', '0.00', 0),
(1740, 27, 0, '0.00000', '0.00', '0.00', 0),
(1741, 25, 0, '0.00000', '0.00', '0.00', 0),
(1741, 27, 0, '0.00000', '0.00', '0.00', 0),
(1742, 25, 0, '5000.00000', '0.00', '0.00', 0),
(1742, 27, 0, '0.00000', '0.00', '0.00', 0),
(1743, 25, 1, '38675.00000', '0.00', '0.00', 0),
(1744, 25, 0, '0.00000', '0.00', '0.00', 0),
(1744, 27, 0, '0.00000', '0.00', '0.00', 0),
(1745, 25, 0, '0.00000', '0.00', '0.00', 0),
(1745, 27, 0, '0.00000', '0.00', '0.00', 0),
(1746, 25, 0, '0.00000', '0.00', '0.00', 0),
(1746, 26, 0, '0.00000', '0.00', '0.00', 0),
(1746, 27, 0, '0.00000', '0.00', '0.00', 0),
(1747, 25, 0, '0.00000', '0.00', '0.00', 0),
(1747, 27, 0, '0.00000', '0.00', '0.00', 0),
(1748, 25, 0, '0.00000', '0.00', '0.00', 0),
(1748, 27, 0, '0.00000', '0.00', '0.00', 0),
(1749, 25, 0, '0.00000', '0.00', '0.00', 0),
(1749, 27, 0, '0.00000', '0.00', '0.00', 0),
(1750, 25, 0, '0.00000', '0.00', '0.00', 0),
(1750, 27, 0, '0.00000', '0.00', '0.00', 0),
(1751, 25, 0, '0.00000', '0.00', '0.00', 0),
(1751, 27, 0, '0.00000', '0.00', '0.00', 0),
(1752, 25, 0, '0.00000', '0.00', '0.00', 0),
(1752, 27, 0, '0.00000', '0.00', '0.00', 0),
(1753, 25, 0, '0.00000', '0.00', '0.00', 0),
(1753, 27, 0, '0.00000', '0.00', '0.00', 0),
(1754, 25, 0, '0.00000', '0.00', '0.00', 0),
(1754, 27, 0, '0.00000', '0.00', '0.00', 0),
(1755, 25, 0, '0.00000', '0.00', '0.00', 0),
(1755, 27, 0, '0.00000', '0.00', '0.00', 0),
(1756, 25, 0, '0.00000', '0.00', '0.00', 0),
(1756, 27, 0, '0.00000', '0.00', '0.00', 0),
(1757, 25, 0, '0.00000', '0.00', '0.00', 0),
(1757, 27, 0, '0.00000', '0.00', '0.00', 0);
INSERT INTO `item_companies` (`item_id`, `company_id`, `serial_number_enable`, `dynamic_cost`, `minimum_selling_price_factor`, `minimum_stock`, `freeze`) VALUES
(1758, 25, 0, '0.00000', '0.00', '0.00', 0),
(1758, 27, 0, '0.00000', '0.00', '0.00', 0),
(1759, 25, 0, '0.00000', '0.00', '0.00', 0),
(1759, 27, 0, '0.00000', '0.00', '0.00', 0),
(1760, 25, 0, '0.00000', '0.00', '0.00', 0),
(1760, 27, 0, '0.00000', '0.00', '0.00', 0),
(1761, 25, 0, '0.00000', '0.00', '0.00', 0),
(1761, 27, 0, '0.00000', '0.00', '0.00', 0),
(1762, 25, 0, '0.00000', '0.00', '0.00', 0),
(1762, 27, 0, '0.00000', '0.00', '0.00', 0),
(1763, 25, 0, '0.00000', '0.00', '0.00', 0),
(1763, 27, 0, '0.00000', '0.00', '0.00', 0),
(1764, 25, 0, '0.00000', '0.00', '0.00', 0),
(1764, 27, 0, '0.00000', '0.00', '0.00', 0),
(1765, 25, 0, '0.00000', '0.00', '0.00', 0),
(1765, 26, 0, '0.00000', '0.00', '0.00', 0),
(1765, 27, 0, '0.00000', '0.00', '0.00', 0),
(1766, 25, 0, '0.00000', '0.00', '0.00', 0),
(1766, 26, 0, '0.00000', '0.00', '0.00', 0),
(1766, 27, 0, '0.00000', '0.00', '0.00', 0),
(1767, 25, 0, '0.00000', '0.00', '0.00', 0),
(1768, 25, 0, '0.00000', '0.00', '0.00', 0),
(1768, 26, 0, '0.00000', '0.00', '0.00', 0),
(1768, 27, 0, '0.00000', '0.00', '0.00', 0),
(1769, 25, 0, '2345.71000', '0.00', '0.00', 0),
(1769, 27, 0, '0.00000', '0.00', '0.00', 0),
(1770, 27, 0, '0.00000', '0.00', '0.00', 0),
(1771, 25, 0, '3466.83000', '0.00', '0.00', 0),
(1771, 27, 0, '0.00000', '0.00', '0.00', 0),
(1772, 25, 0, '5064.83000', '0.00', '0.00', 0),
(1772, 27, 0, '0.00000', '0.00', '0.00', 0),
(1773, 25, 0, '0.00000', '0.00', '0.00', 0),
(1773, 27, 0, '0.00000', '0.00', '0.00', 0),
(1774, 25, 0, '0.00000', '0.00', '0.00', 0),
(1774, 27, 0, '0.00000', '0.00', '0.00', 0),
(1775, 25, 0, '0.00000', '0.00', '0.00', 0),
(1776, 25, 0, '0.00000', '0.00', '0.00', 0),
(1777, 25, 0, '0.00000', '0.00', '0.00', 0),
(1777, 27, 0, '0.00000', '0.00', '0.00', 0),
(1778, 25, 0, '0.00000', '0.00', '0.00', 0),
(1778, 27, 0, '0.00000', '0.00', '0.00', 0),
(1779, 25, 0, '0.00000', '0.00', '0.00', 0),
(1779, 27, 0, '0.00000', '0.00', '0.00', 0),
(1780, 25, 0, '0.00000', '0.00', '0.00', 0),
(1780, 27, 0, '0.00000', '0.00', '0.00', 0),
(1781, 25, 0, '0.00000', '0.00', '0.00', 0),
(1781, 27, 0, '0.00000', '0.00', '0.00', 0);

-- --------------------------------------------------------

--
-- Table structure for table `item_groups`
--

CREATE TABLE `item_groups` (
  `id` int(10) NOT NULL,
  `item_category_id` int(10) NOT NULL,
  `name` varchar(100) NOT NULL
) ENGINE=InnoDB DEFAULT CHARSET=latin1;

--
-- Dumping data for table `item_groups`
--

INSERT INTO `item_groups` (`id`, `item_category_id`, `name`) VALUES
(1, 1, 'Johnson Pumps'),
(2, 1, 'Tushaco Pumps'),
(3, 1, 'Positive Pumps'),
(4, 1, 'Darling Pumps'),
(5, 1, 'Antico Pumps'),
(6, 1, 'Other Pumps'),
(7, 3, 'BBL Motors'),
(8, 3, 'REMI Motors'),
(12, 2, 'Filters'),
(13, 3, 'Siemens Motors'),
(15, 6, 'Tushaco Spares'),
(16, 6, 'Johnson Spares'),
(17, 6, 'Antico Spares'),
(18, 6, 'Darling Spares'),
(19, 6, 'Positive Spares'),
(20, 6, 'Other Spares'),
(21, 6, 'Motor Spares'),
(22, 7, 'Tushaco Pump with Motor'),
(26, 7, 'Johnson Pump with Motor'),
(27, 7, 'Antico Pump With Motor'),
(28, 7, 'Positive Pump With Motor'),
(29, 5, 'Other Spares'),
(30, 5, 'Others'),
(31, 6, 'Motor Spares'),
(32, 2, 'Filter Element'),
(33, 8, 'Plate Type Heat Exchanger'),
(34, 4, 'Cooling Units'),
(35, 3, 'CGL Motors'),
(37, 6, 'Remi Spares'),
(39, 9, 'Powerteam Jacks & Pullers'),
(40, 3, 'Other Motors');

-- --------------------------------------------------------

--
-- Table structure for table `item_ledgers`
--

CREATE TABLE `item_ledgers` (
  `id` int(11) NOT NULL,
  `item_id` int(11) NOT NULL,
  `quantity` decimal(10,2) DEFAULT NULL,
  `rate` decimal(20,5) NOT NULL,
  `source_model` varchar(100) NOT NULL,
  `source_id` int(10) NOT NULL,
  `in_out` varchar(100) NOT NULL,
  `processed_on` date NOT NULL,
  `company_id` int(11) NOT NULL,
  `rate_updated` varchar(5) NOT NULL,
  `left_item_id` int(11) NOT NULL,
  `iv_row_id` int(10) NOT NULL,
  `iv_row_item_id` int(10) NOT NULL,
  `source_row_id` int(10) NOT NULL
) ENGINE=InnoDB DEFAULT CHARSET=latin1;

--
-- Dumping data for table `item_ledgers`
--

INSERT INTO `item_ledgers` (`id`, `item_id`, `quantity`, `rate`, `source_model`, `source_id`, `in_out`, `processed_on`, `company_id`, `rate_updated`, `left_item_id`, `iv_row_id`, `iv_row_item_id`, `source_row_id`) VALUES
(1, 556, '5.00', '0.00000', 'Grns', 1, 'In', '2017-11-24', 25, '', 0, 0, 0, 1),
(2, 556, '6.00', '0.00000', 'Grns', 1, 'In', '2017-11-24', 25, '', 0, 0, 0, 2),
(3, 556, '1.00', '0.00000', 'Grns', 2, 'In', '2017-11-24', 25, '', 0, 0, 0, 3),
(6, 556, '5.00', '0.00000', 'Grns', 3, 'In', '2017-11-24', 25, '', 0, 0, 0, 4),
(7, 556, '6.00', '0.00000', 'Grns', 3, 'In', '2017-11-24', 25, '', 0, 0, 0, 5),
(8, 556, '1.00', '0.00000', 'Grns', 3, 'In', '2017-11-24', 25, '', 0, 0, 0, 6),
(9, 556, '4.00', '0.00000', 'Grns', 5, 'In', '2017-11-27', 25, '', 0, 0, 0, 11),
(10, 556, '4.00', '0.00000', 'Grns', 5, 'In', '2017-11-27', 25, '', 0, 0, 0, 12),
(11, 598, '3.00', '0.00000', 'Grns', 5, 'In', '2017-11-27', 25, '', 0, 0, 0, 13),
(12, 556, '2.00', '0.00000', 'Grns', 5, 'In', '2017-11-27', 25, '', 0, 0, 0, 14),
(17, 556, '2.00', '0.00000', 'Grns', 6, 'In', '2017-11-27', 25, '', 0, 0, 0, 15),
(18, 556, '2.00', '0.00000', 'Grns', 6, 'In', '2017-11-27', 25, '', 0, 0, 0, 16),
(19, 556, '2.00', '0.00000', 'Grns', 6, 'In', '2017-11-27', 25, '', 0, 0, 0, 17),
(20, 1733, '2.00', '0.00000', 'Grns', 6, 'In', '2017-11-27', 25, '', 0, 0, 0, 18),
(21, 556, '5.00', '0.00000', 'Grns', 7, 'In', '2017-11-27', 25, '', 0, 0, 0, 19),
(22, 556, '3.00', '0.00000', 'Grns', 7, 'In', '2017-11-27', 25, '', 0, 0, 0, 20),
(27, 556, '2.00', '0.00000', 'Grns', 8, 'In', '2017-11-29', 25, '', 0, 0, 0, 21),
(28, 577, '2.00', '0.00000', 'Grns', 8, 'In', '2017-11-29', 25, '', 0, 0, 0, 22),
(29, 1658, '2.00', '0.00000', 'Grns', 8, 'In', '2017-11-29', 25, '', 0, 0, 0, 23),
(30, 1658, '1.00', '0.00000', 'Grns', 8, 'In', '2017-11-29', 25, '', 0, 0, 0, 24),
(31, 556, '2.00', '0.00000', 'Grns', 9, 'In', '2017-11-28', 25, '', 0, 0, 0, 25),
(32, 556, '2.00', '0.00000', 'Grns', 9, 'In', '2017-11-28', 25, '', 0, 0, 0, 26),
(33, 556, '2.00', '0.00000', 'Grns', 9, 'In', '2017-11-28', 25, '', 0, 0, 0, 27),
(34, 556, '2.00', '103.95000', 'Grns', 10, 'In', '2017-11-28', 25, 'Yes', 0, 0, 0, 28),
(35, 556, '1.00', '108.90000', 'Grns', 10, 'In', '2017-11-28', 25, 'Yes', 0, 0, 0, 29),
(36, 1151, '2.00', '100.00000', 'Items', 1151, 'In', '2017-04-01', 25, 'Yes', 0, 0, 0, 0),
(37, 1151, '1.00', '99.96000', 'Invoices', 1, 'Out', '2017-12-01', 25, '', 0, 0, 0, 1),
(38, 556, '1.00', '99.96000', 'Invoices', 2, 'Out', '2017-12-01', 25, '', 0, 0, 0, 2),
(39, 1733, '2.00', '187.98500', 'Invoices', 2, 'Out', '2017-12-01', 25, '', 0, 0, 0, 3),
(40, 1151, '1.00', '96.90000', 'Invoices', 2, 'Out', '2017-12-01', 25, '', 0, 0, 0, 4),
(41, 1151, '1.00', '100.00000', 'Invoices', 2, 'Out', '2017-12-01', 25, '', 0, 0, 0, 5),
(42, 1733, '2.00', '0.00000', 'Inventory Vouchers', 1, 'Out', '2017-12-01', 25, '', 0, 0, 1, 0),
(43, 556, '3.00', '0.00000', 'Inventory Vouchers', 1, 'Out', '2017-12-01', 25, '', 0, 0, 2, 0),
(44, 577, '2.00', '0.00000', 'Inventory Vouchers', 1, 'Out', '2017-12-01', 25, '', 0, 0, 3, 0),
(45, 556, '1.00', '0.00000', 'Inventory Vouchers', 1, 'In', '2017-12-01', 25, '', 0, 1, 0, 0);

-- --------------------------------------------------------

--
-- Table structure for table `item_serial_numbers`
--

CREATE TABLE `item_serial_numbers` (
  `id` int(10) NOT NULL,
  `item_id` int(10) NOT NULL,
  `serial_no` varchar(20) NOT NULL,
  `status` varchar(20) NOT NULL,
  `grn_id` int(10) NOT NULL,
  `invoice_id` int(10) NOT NULL,
  `iv_invoice_id` int(10) NOT NULL,
  `q_item_id` int(10) NOT NULL,
  `in_inventory_voucher_id` int(10) NOT NULL,
  `master_item_id` int(10) NOT NULL,
  `company_id` int(10) NOT NULL,
  `sale_return_id` int(11) NOT NULL,
  `purchase_return_id` int(11) NOT NULL,
  `inventory_transfer_voucher_id` int(10) NOT NULL
) ENGINE=InnoDB DEFAULT CHARSET=latin1;

-- --------------------------------------------------------

--
-- Table structure for table `item_sources`
--

CREATE TABLE `item_sources` (
  `item_id` int(10) NOT NULL,
  `source_id` int(10) NOT NULL,
  `item_name` varchar(100) NOT NULL,
  `purchased` varchar(100) NOT NULL,
  `purchase_manufactured` varchar(100) NOT NULL
) ENGINE=InnoDB DEFAULT CHARSET=latin1;

-- --------------------------------------------------------

--
-- Table structure for table `item_sub_groups`
--

CREATE TABLE `item_sub_groups` (
  `id` int(10) NOT NULL,
  `item_category_id` int(10) NOT NULL,
  `item_group_id` int(10) NOT NULL,
  `name` varchar(100) NOT NULL
) ENGINE=InnoDB DEFAULT CHARSET=latin1;

--
-- Dumping data for table `item_sub_groups`
--

INSERT INTO `item_sub_groups` (`id`, `item_category_id`, `item_group_id`, `name`) VALUES
(1, 1, 1, 'Combinorm Pump'),
(2, 1, 1, 'Combichem Pump'),
(3, 1, 1, 'Multistage Pumps'),
(4, 3, 7, 'BBL STD TEFC Motors'),
(5, 3, 8, 'REMI STD TEFC Motors'),
(6, 3, 7, 'BBL IE Motors'),
(7, 1, 2, 'Gear Pumps'),
(8, 1, 2, 'Three Screw Pumps'),
(9, 1, 2, 'Twin Screw Pumps'),
(10, 1, 2, 'Single Screw Pumps'),
(11, 6, 16, 'KGEN Spares'),
(13, 6, 16, 'Combinorm Pump Spares'),
(14, 6, 16, 'Valve Assembly'),
(15, 6, 17, 'NZ Pump Spares'),
(16, 6, 17, 'EXP Pumps Spares'),
(17, 6, 15, 'Three Screw Pump Spares'),
(18, 6, 15, 'Twin Screw Pump Spares'),
(19, 6, 15, 'Single Screw Pump Spares'),
(20, 6, 15, 'Gear Pump Spares'),
(21, 1, 1, 'KGEN Pumps'),
(22, 7, 22, 'RT Pump With Motor'),
(23, 2, 12, 'SS Rollers Oil'),
(24, 1, 3, 'Electronic Dosing Pump'),
(25, 6, 16, 'Combichem Pump Spares'),
(27, 7, 27, 'NZ Pump With Motor'),
(29, 6, 16, 'Johnson Multistage Spares'),
(30, 7, 26, 'KGEN Pump With Motor'),
(31, 1, 3, 'Hydraulic Diaphragm Pump'),
(32, 1, 3, 'Mechanical Diaphragm Pump'),
(33, 6, 17, 'HE Pump Spares'),
(36, 7, 26, 'Multistage With Motor'),
(37, 5, 29, 'Coupling'),
(38, 5, 30, 'Others'),
(39, 6, 31, 'Motor Spares'),
(40, 2, 12, 'Filters'),
(42, 2, 32, 'Filter Element'),
(43, 5, 30, 'Consumables'),
(44, 8, 33, 'Tranter PHE'),
(45, 4, 34, 'Cooling Units'),
(46, 7, 27, 'NS Pump With Motor'),
(47, 7, 22, 'RT Pump With Motor'),
(48, 1, 3, 'Plunger Type Dosing Pump'),
(52, 1, 4, 'Waste Water Pump'),
(53, 1, 4, 'Jumbo Pumps'),
(54, 1, 4, 'Unclog Pumps'),
(55, 1, 2, 'Tushaco Centrifugal Pump'),
(56, 1, 2, 'Shuttle Block Pumps'),
(57, 3, 35, 'CGL FLP Motors'),
(58, 3, 35, 'CGL STD TEFC Motors'),
(59, 1, 5, 'NZ Series Pump'),
(60, 1, 5, 'NS Series Pump'),
(61, 1, 1, 'Combibloc Pump'),
(62, 7, 26, 'Combinorm Pump With Motor'),
(63, 7, 26, 'Combichem Pump With Motor'),
(64, 1, 4, 'Little Jumbo Pumps'),
(65, 1, 4, 'Sinco Bloc Pump'),
(66, 7, 28, 'Hydraulic Diaphragm Pump'),
(67, 1, 1, 'Top Gear Pumps'),
(68, 6, 18, 'Waste Water Pump Spares'),
(69, 7, 26, 'FRE Pump With Motor'),
(70, 6, 19, 'HD 2017 Pump Spares'),
(71, 6, 19, 'HD 1011 Pump Spares'),
(72, 1, 4, 'Dredger Pump'),
(73, 6, 18, 'Dredger Pump Spare'),
(74, 1, 1, 'CombiTherm Pump'),
(75, 6, 16, 'Combitherm Pump Spares'),
(76, 7, 26, 'CombiTherm Pump With Motor'),
(77, 6, 16, 'Top Gear Pump Spares'),
(78, 6, 15, 'Shuttle Block Pump Spares'),
(79, 6, 37, 'Cabin Fan'),
(80, 6, 16, 'Combibloc Pump Spares'),
(81, 6, 19, 'PL 2017 Pump Spares'),
(82, 6, 19, 'PL 1011 Pump Spares'),
(83, 6, 18, 'Jumbo Pump Spares'),
(84, 6, 31, 'Remi Motor Spares'),
(85, 6, 15, 'Allweiler Spares'),
(86, 3, 13, 'Siemens STD Motors'),
(87, 3, 7, 'BBL Flame Proof'),
(89, 1, 1, 'FRE Pumps'),
(91, 6, 18, 'Cantilever Pumps'),
(92, 7, 26, 'CombiBloc With Motor'),
(93, 7, 22, 'R 20 DG With Motor'),
(95, 1, 6, 'Other Pumps'),
(96, 3, 8, 'REMI FLP Motor'),
(97, 6, 18, 'Unclog Pump Spares'),
(98, 6, 16, 'FRE Pump Spares'),
(99, 9, 39, 'RSS Jacks'),
(100, 6, 20, 'Other Spares'),
(101, 7, 27, 'VGP Pump With Motor'),
(102, 3, 8, 'Geared Motor'),
(103, 3, 40, 'Other Motors'),
(104, 9, 39, 'C Series Cylinders Jack'),
(105, 9, 39, 'Motors'),
(106, 6, 17, 'CPP Pump Spares'),
(107, 1, 5, 'ETP Series'),
(108, 9, 39, 'Pullers');

-- --------------------------------------------------------

--
-- Table structure for table `ivs`
--

CREATE TABLE `ivs` (
  `id` int(10) NOT NULL,
  `invoice_id` int(10) NOT NULL,
  `voucher_no` int(10) NOT NULL,
  `company_id` int(10) NOT NULL,
  `narration` text NOT NULL,
  `transaction_date` date NOT NULL,
  `created_by` int(11) NOT NULL
) ENGINE=InnoDB DEFAULT CHARSET=latin1;

--
-- Dumping data for table `ivs`
--

INSERT INTO `ivs` (`id`, `invoice_id`, `voucher_no`, `company_id`, `narration`, `transaction_date`, `created_by`) VALUES
(1, 2, 1, 25, 'narration', '2017-12-01', 23);

-- --------------------------------------------------------

--
-- Table structure for table `iv_rows`
--

CREATE TABLE `iv_rows` (
  `id` int(10) NOT NULL,
  `iv_id` int(10) NOT NULL,
  `invoice_row_id` int(10) NOT NULL,
  `item_id` int(10) NOT NULL,
  `quantity` decimal(10,2) NOT NULL
) ENGINE=InnoDB DEFAULT CHARSET=latin1;

--
-- Dumping data for table `iv_rows`
--

INSERT INTO `iv_rows` (`id`, `iv_id`, `invoice_row_id`, `item_id`, `quantity`) VALUES
(1, 1, 2, 556, '1.00');

-- --------------------------------------------------------

--
-- Table structure for table `iv_row_items`
--

CREATE TABLE `iv_row_items` (
  `id` int(10) NOT NULL,
  `iv_row_id` int(10) NOT NULL,
  `item_id` int(10) NOT NULL,
  `quantity` decimal(10,2) NOT NULL
) ENGINE=InnoDB DEFAULT CHARSET=latin1;

--
-- Dumping data for table `iv_row_items`
--

INSERT INTO `iv_row_items` (`id`, `iv_row_id`, `item_id`, `quantity`) VALUES
(1, 1, 1733, '2.00'),
(2, 1, 556, '3.00'),
(3, 1, 577, '2.00');

-- --------------------------------------------------------

--
-- Table structure for table `job_cards`
--

CREATE TABLE `job_cards` (
  `id` int(10) NOT NULL,
  `sales_order_id` int(10) NOT NULL,
  `company_id` int(10) NOT NULL,
  `jc1` varchar(10) NOT NULL,
  `jc2` int(10) NOT NULL,
  `jc3` varchar(10) NOT NULL,
  `jc4` varchar(10) NOT NULL,
  `created_by` int(10) NOT NULL,
  `created_on` date NOT NULL,
  `customer_id` int(10) NOT NULL,
  `dispatch_destination` varchar(255) NOT NULL,
  `customer_po_no` varchar(50) NOT NULL,
  `required_date` date NOT NULL,
  `packing` varchar(255) NOT NULL,
  `status` varchar(20) NOT NULL
) ENGINE=InnoDB DEFAULT CHARSET=latin1;

--
-- Dumping data for table `job_cards`
--

INSERT INTO `job_cards` (`id`, `sales_order_id`, `company_id`, `jc1`, `jc2`, `jc3`, `jc4`, `created_by`, `created_on`, `customer_id`, `dispatch_destination`, `customer_po_no`, `required_date`, `packing`, `status`) VALUES
(1, 1, 25, 'STL', 1, 'BE-3147', '17-18', 23, '2017-12-01', 7, 'asdfghjkl;', '1', '2017-12-31', 'zsxdfghjkl;\'', 'Closed');

-- --------------------------------------------------------

--
-- Table structure for table `job_card_rows`
--

CREATE TABLE `job_card_rows` (
  `id` int(10) NOT NULL,
  `job_card_id` int(10) NOT NULL,
  `sales_order_row_id` int(10) NOT NULL,
  `item_id` int(10) NOT NULL,
  `quantity` decimal(10,2) NOT NULL,
  `remark` varchar(255) NOT NULL
) ENGINE=InnoDB DEFAULT CHARSET=latin1;

--
-- Dumping data for table `job_card_rows`
--

INSERT INTO `job_card_rows` (`id`, `job_card_id`, `sales_order_row_id`, `item_id`, `quantity`, `remark`) VALUES
(1, 1, 1, 1733, '2.00', 'sdfghjkl'),
(2, 1, 1, 556, '3.00', ''),
(3, 1, 1, 577, '4.00', ''),
(4, 1, 1, 1151, '5.00', '');

-- --------------------------------------------------------

--
-- Table structure for table `journal_vouchers`
--

CREATE TABLE `journal_vouchers` (
  `id` int(10) NOT NULL,
  `voucher_no` int(10) NOT NULL,
  `created_on` date NOT NULL,
  `transaction_date` date NOT NULL,
  `narration` text NOT NULL,
  `company_id` int(11) NOT NULL,
  `created_by` int(11) NOT NULL,
  `edited_on` date NOT NULL,
  `edited_by` int(11) NOT NULL
) ENGINE=InnoDB DEFAULT CHARSET=latin1;

-- --------------------------------------------------------

--
-- Table structure for table `journal_voucher_rows`
--

CREATE TABLE `journal_voucher_rows` (
  `id` int(10) NOT NULL,
  `journal_voucher_id` int(10) NOT NULL,
  `received_from_id` int(10) NOT NULL,
  `cr_dr` varchar(10) NOT NULL,
  `amount` decimal(18,2) NOT NULL,
  `narration` varchar(100) NOT NULL,
  `auto_inc` int(11) NOT NULL,
  `grn_ids` varchar(255) DEFAULT NULL,
  `invoice_ids` varchar(255) DEFAULT NULL
) ENGINE=InnoDB DEFAULT CHARSET=latin1;

-- --------------------------------------------------------

--
-- Table structure for table `leave_applications`
--

CREATE TABLE `leave_applications` (
  `id` int(11) NOT NULL,
  `name` varchar(100) NOT NULL,
  `submission_date` date NOT NULL,
  `from_leave_date` date NOT NULL,
  `to_leave_date` date NOT NULL,
  `day_no` varchar(50) NOT NULL,
  `leave_reason` text NOT NULL,
  `leave_type` varchar(50) NOT NULL,
  `supporting_attached` varchar(100) NOT NULL,
  `create_date` datetime NOT NULL
) ENGINE=InnoDB DEFAULT CHARSET=latin1;

--
-- Dumping data for table `leave_applications`
--

INSERT INTO `leave_applications` (`id`, `name`, `submission_date`, `from_leave_date`, `to_leave_date`, `day_no`, `leave_reason`, `leave_type`, `supporting_attached`, `create_date`) VALUES
(1, 'aaaa', '2018-01-02', '2018-01-13', '2018-01-17', '3', 'dssdasd', 'casual', '', '0000-00-00 00:00:00'),
(2, 'aaaa', '2018-01-02', '2018-01-13', '2018-01-17', '3', 'dssdasd', 'casual', '', '0000-00-00 00:00:00');

-- --------------------------------------------------------

--
-- Table structure for table `leave_types`
--

CREATE TABLE `leave_types` (
  `id` int(10) NOT NULL,
  `leave_name` varchar(100) NOT NULL,
  `maximum_leave_in_month` decimal(4,2) NOT NULL
) ENGINE=MyISAM DEFAULT CHARSET=latin1;

--
-- Dumping data for table `leave_types`
--

INSERT INTO `leave_types` (`id`, `leave_name`, `maximum_leave_in_month`) VALUES
(1, 'Casual Leave', '1.25');

-- --------------------------------------------------------

--
-- Table structure for table `ledgers`
--

CREATE TABLE `ledgers` (
  `id` int(11) NOT NULL,
  `transaction_date` date NOT NULL,
  `ledger_account_id` int(10) NOT NULL,
  `debit` decimal(18,2) NOT NULL,
  `credit` decimal(18,2) NOT NULL,
  `voucher_id` int(10) NOT NULL,
  `voucher_source` varchar(255) NOT NULL,
  `company_id` int(11) NOT NULL,
  `ref_no` varchar(100) DEFAULT NULL,
  `reconciliation_date` date NOT NULL
) ENGINE=InnoDB DEFAULT CHARSET=latin1;

--
-- Dumping data for table `ledgers`
--

INSERT INTO `ledgers` (`id`, `transaction_date`, `ledger_account_id`, `debit`, `credit`, `voucher_id`, `voucher_source`, `company_id`, `ref_no`, `reconciliation_date`) VALUES
(8, '2017-11-18', 906, '41.36', '0.00', 1, 'Invoice Booking', 25, NULL, '0000-00-00'),
(9, '2017-11-18', 836, '274.12', '0.00', 1, 'Invoice Booking', 25, NULL, '0000-00-00'),
(10, '2017-11-18', 834, '37.73', '0.00', 1, 'Invoice Booking', 25, NULL, '0000-00-00'),
(11, '2017-11-18', 832, '13.38', '0.00', 1, 'Invoice Booking', 25, NULL, '0000-00-00'),
(12, '2017-11-18', 797, '2127.28', '0.00', 1, 'Invoice Booking', 25, NULL, '0000-00-00'),
(13, '2017-11-18', 544, '40.00', '0.00', 1, 'Invoice Booking', 25, NULL, '0000-00-00'),
(14, '2017-11-18', 712, '0.00', '2533.87', 1, 'Invoice Booking', 25, NULL, '0000-00-00'),
(15, '2017-11-21', 38, '1746.02', '0.00', 1, 'Invoice', 25, NULL, '0000-00-00'),
(16, '2017-11-21', 752, '0.00', '11.97', 1, 'Invoice', 25, NULL, '0000-00-00'),
(17, '2017-11-21', 764, '0.00', '17.96', 1, 'Invoice', 25, NULL, '0000-00-00'),
(18, '2017-11-21', 949, '0.00', '1432.50', 1, 'Invoice', 25, NULL, '0000-00-00'),
(19, '2017-11-21', 755, '0.00', '110.97', 1, 'Invoice', 25, NULL, '0000-00-00'),
(20, '2017-11-21', 767, '0.00', '172.62', 1, 'Invoice', 25, NULL, '0000-00-00'),
(21, '2017-11-21', 38, '344.14', '0.00', 2, 'Invoice', 25, NULL, '0000-00-00'),
(22, '2017-11-21', 752, '0.00', '17.96', 2, 'Invoice', 25, NULL, '0000-00-00'),
(23, '2017-11-21', 764, '0.00', '26.93', 2, 'Invoice', 25, NULL, '0000-00-00'),
(24, '2017-11-21', 949, '0.00', '299.25', 2, 'Invoice', 25, NULL, '0000-00-00'),
(25, '2017-11-22', 23, '4353.72', '0.00', 3, 'Invoice', 25, NULL, '0000-00-00'),
(26, '2017-11-22', 949, '0.00', '4010.16', 3, 'Invoice', 25, NULL, '0000-00-00'),
(27, '2017-11-22', 488, '0.00', '220.56', 3, 'Invoice', 25, NULL, '0000-00-00'),
(28, '2017-11-22', 108, '0.00', '123.00', 3, 'Invoice', 25, NULL, '0000-00-00'),
(29, '2017-11-30', 23, '0.00', '4353.72', 1, 'Sale Return', 25, NULL, '0000-00-00'),
(30, '2017-11-30', 949, '4010.16', '0.00', 1, 'Sale Return', 25, NULL, '0000-00-00'),
(31, '2017-11-30', 488, '220.56', '0.00', 1, 'Sale Return', 25, NULL, '0000-00-00'),
(32, '2017-11-30', 108, '123.00', '0.00', 1, 'Sale Return', 25, NULL, '0000-00-00'),
(35, '2017-11-22', 538, '281.60', '0.00', 2, 'Invoice Booking', 25, NULL, '0000-00-00'),
(36, '2017-11-22', 840, '15.49', '0.00', 2, 'Invoice Booking', 25, NULL, '0000-00-00'),
(37, '2017-11-22', 544, '10.00', '0.00', 2, 'Invoice Booking', 25, NULL, '0000-00-00'),
(38, '2017-11-22', 712, '0.00', '307.09', 2, 'Invoice Booking', 25, NULL, '0000-00-00'),
(39, '2017-11-24', 57, '2231.44', '0.00', 4, 'Invoice', 25, NULL, '0000-00-00'),
(40, '2017-11-24', 752, '0.00', '59.54', 4, 'Invoice', 25, NULL, '0000-00-00'),
(41, '2017-11-24', 761, '0.00', '59.54', 4, 'Invoice', 25, NULL, '0000-00-00'),
(42, '2017-11-24', 949, '0.00', '1992.36', 4, 'Invoice', 25, NULL, '0000-00-00'),
(43, '2017-11-24', 752, '0.00', '60.00', 4, 'Invoice', 25, NULL, '0000-00-00'),
(44, '2017-11-24', 761, '0.00', '60.00', 4, 'Invoice', 25, NULL, '0000-00-00'),
(45, '2017-11-24', 35, '141.77', '0.00', 3, 'Invoice Booking', 25, NULL, '0000-00-00'),
(46, '2017-11-24', 712, '0.00', '141.77', 3, 'Invoice Booking', 25, NULL, '0000-00-00'),
(47, '2017-11-24', 35, '141.77', '0.00', 4, 'Invoice Booking', 25, NULL, '0000-00-00'),
(48, '2017-11-24', 712, '0.00', '141.77', 4, 'Invoice Booking', 25, NULL, '0000-00-00'),
(49, '2017-11-24', 35, '141.77', '0.00', 5, 'Invoice Booking', 25, NULL, '0000-00-00'),
(50, '2017-11-24', 712, '0.00', '141.77', 5, 'Invoice Booking', 25, NULL, '0000-00-00'),
(51, '2017-11-24', 35, '704.86', '0.00', 6, 'Invoice Booking', 25, NULL, '0000-00-00'),
(52, '2017-11-24', 712, '0.00', '704.86', 6, 'Invoice Booking', 25, NULL, '0000-00-00'),
(53, '2017-11-24', 35, '447.13', '0.00', 7, 'Invoice Booking', 25, NULL, '0000-00-00'),
(54, '2017-11-24', 712, '0.00', '447.13', 7, 'Invoice Booking', 25, NULL, '0000-00-00'),
(55, '2017-11-24', 906, '20.30', '0.00', 8, 'Invoice Booking', 25, NULL, '0000-00-00'),
(56, '2017-11-24', 797, '405.90', '0.00', 8, 'Invoice Booking', 25, NULL, '0000-00-00'),
(57, '2017-11-24', 712, '0.00', '426.20', 8, 'Invoice Booking', 25, NULL, '0000-00-00'),
(58, '2017-11-24', 906, '20.30', '0.00', 9, 'Invoice Booking', 25, NULL, '0000-00-00'),
(59, '2017-11-24', 797, '405.90', '0.00', 9, 'Invoice Booking', 25, NULL, '0000-00-00'),
(60, '2017-11-24', 712, '0.00', '426.20', 9, 'Invoice Booking', 25, NULL, '0000-00-00'),
(61, '2017-11-24', 824, '9.80', '0.00', 10, 'Invoice Booking', 25, NULL, '0000-00-00'),
(62, '2017-11-24', 826, '9.80', '0.00', 10, 'Invoice Booking', 25, NULL, '0000-00-00'),
(63, '2017-11-24', 799, '108.90', '0.00', 10, 'Invoice Booking', 25, NULL, '0000-00-00'),
(64, '2017-11-24', 544, '10.00', '0.00', 10, 'Invoice Booking', 25, NULL, '0000-00-00'),
(65, '2017-11-24', 712, '0.00', '138.50', 10, 'Invoice Booking', 25, NULL, '0000-00-00'),
(73, '2017-11-24', 836, '141.37', '0.00', 11, 'Invoice Booking', 25, NULL, '0000-00-00'),
(74, '2017-11-24', 836, '113.65', '0.00', 11, 'Invoice Booking', 25, NULL, '0000-00-00'),
(75, '2017-11-24', 836, '125.85', '0.00', 11, 'Invoice Booking', 25, NULL, '0000-00-00'),
(76, '2017-11-24', 836, '30.49', '0.00', 11, 'Invoice Booking', 25, NULL, '0000-00-00'),
(77, '2017-11-24', 797, '1469.16', '0.00', 11, 'Invoice Booking', 25, NULL, '0000-00-00'),
(78, '2017-11-24', 544, '40.00', '0.00', 11, 'Invoice Booking', 25, NULL, '0000-00-00'),
(79, '2017-11-24', 712, '0.00', '1920.52', 11, 'Invoice Booking', 25, NULL, '0000-00-00'),
(80, '2017-12-01', 38, '229.95', '0.00', 1, 'Invoice', 25, NULL, '0000-00-00'),
(81, '2017-12-01', 755, '0.00', '9.00', 1, 'Invoice', 25, NULL, '0000-00-00'),
(82, '2017-12-01', 764, '0.00', '9.00', 1, 'Invoice', 25, NULL, '0000-00-00'),
(83, '2017-12-01', 949, '0.00', '199.96', 1, 'Invoice', 25, NULL, '0000-00-00'),
(84, '2017-12-01', 752, '0.00', '6.00', 1, 'Invoice', 25, NULL, '0000-00-00'),
(85, '2017-12-01', 761, '0.00', '6.00', 1, 'Invoice', 25, NULL, '0000-00-00'),
(86, '2017-12-01', 38, '2065.07', '0.00', 2, 'Invoice', 25, NULL, '0000-00-00'),
(87, '2017-12-01', 752, '0.00', '6.00', 2, 'Invoice', 25, NULL, '0000-00-00'),
(88, '2017-12-01', 761, '0.00', '6.00', 2, 'Invoice', 25, NULL, '0000-00-00'),
(89, '2017-12-01', 752, '0.00', '22.56', 2, 'Invoice', 25, NULL, '0000-00-00'),
(90, '2017-12-01', 761, '0.00', '22.56', 2, 'Invoice', 25, NULL, '0000-00-00'),
(91, '2017-12-01', 758, '0.00', '13.57', 2, 'Invoice', 25, NULL, '0000-00-00'),
(92, '2017-12-01', 767, '0.00', '13.57', 2, 'Invoice', 25, NULL, '0000-00-00'),
(93, '2017-12-01', 758, '0.00', '14.00', 2, 'Invoice', 25, NULL, '0000-00-00'),
(94, '2017-12-01', 767, '0.00', '14.00', 2, 'Invoice', 25, NULL, '0000-00-00'),
(95, '2017-12-01', 949, '0.00', '1672.83', 2, 'Invoice', 25, NULL, '0000-00-00'),
(96, '2017-12-01', 758, '0.00', '140.00', 2, 'Invoice', 25, NULL, '0000-00-00'),
(97, '2017-12-01', 767, '0.00', '140.00', 2, 'Invoice', 25, NULL, '0000-00-00'),
(98, '2017-12-01', 832, '24.95', '0.00', 12, 'Invoice Booking', 25, NULL, '0000-00-00'),
(99, '2017-12-01', 832, '13.07', '0.00', 12, 'Invoice Booking', 25, NULL, '0000-00-00'),
(100, '2017-12-01', 797, '316.80', '0.00', 12, 'Invoice Booking', 25, NULL, '0000-00-00'),
(101, '2017-12-01', 544, '20.00', '0.00', 12, 'Invoice Booking', 25, NULL, '0000-00-00'),
(102, '2017-12-01', 712, '0.00', '374.82', 12, 'Invoice Booking', 25, NULL, '0000-00-00');

-- --------------------------------------------------------

--
-- Table structure for table `ledger_accounts`
--

CREATE TABLE `ledger_accounts` (
  `id` int(12) NOT NULL,
  `account_second_subgroup_id` int(12) NOT NULL,
  `name` varchar(255) NOT NULL,
  `alias` varchar(255) NOT NULL,
  `source_model` varchar(255) NOT NULL,
  `source_id` int(10) NOT NULL,
  `bill_to_bill_account` varchar(10) NOT NULL,
  `company_id` int(10) NOT NULL,
  `auto_inc` int(11) NOT NULL,
  `invoice_booking_other_charge_post` tinyint(1) NOT NULL DEFAULT '0',
  `expense_tracking` varchar(11) NOT NULL DEFAULT 'no',
  `grn_invoice` varchar(11) NOT NULL,
  `purchase_account` varchar(11) NOT NULL DEFAULT 'no',
  `gst_type` varchar(11) NOT NULL
) ENGINE=InnoDB DEFAULT CHARSET=latin1;

--
-- Dumping data for table `ledger_accounts`
--

INSERT INTO `ledger_accounts` (`id`, `account_second_subgroup_id`, `name`, `alias`, `source_model`, `source_id`, `bill_to_bill_account`, `company_id`, `auto_inc`, `invoice_booking_other_charge_post`, `expense_tracking`, `grn_invoice`, `purchase_account`, `gst_type`) VALUES
(22, 10, 'Jagdish Salvi', '', 'Employees', 4, '', 25, 0, 0, 'no', '', 'no', ''),
(23, 2, 'Hindustan Zinc Ltd', 'Dariba Smelter Complex', 'Customers', 1, 'Yes', 25, 0, 0, 'no', '', 'no', ''),
(25, 2, 'Ultratech Cement Ltd', 'Unit-Aditya Cement Works', 'Customers', 2, 'Yes', 25, 0, 0, 'no', '', 'no', ''),
(26, 2, 'JK Laxmi Cement Ltd', 'JLC', 'Customers', 3, 'Yes', 25, 0, 0, 'no', '', 'no', ''),
(27, 2, 'Shree Cement Ltd', 'Shree Cement Ltd Unit 1', 'Customers', 4, 'Yes', 25, 0, 0, 'no', '', 'no', ''),
(28, 2, 'Trinetra Cement Ltd', 'The India Cement', 'Customers', 5, 'Yes', 25, 0, 0, 'no', '', 'no', ''),
(31, 10, 'Jitendra Singh Jhala', '', 'Employees', 8, '', 25, 0, 0, 'no', '', 'no', ''),
(32, 10, 'Usha Mali', '', 'Employees', 9, '', 25, 0, 0, 'no', '', 'no', ''),
(33, 2, 'Ultratech Cement Limited', 'Unit: Vikram Cement Works', 'Customers', 6, 'Yes', 25, 0, 0, 'no', '', 'no', ''),
(35, 14, 'CST Purchases', '', 'Ledger Account', 0, '', 25, 0, 0, 'no', '', 'no', ''),
(37, 8, 'Sales Income', '', 'Ledger Account', 0, '', 25, 0, 0, 'no', '', 'no', ''),
(38, 2, 'Adani Power Rajasthan Ltd', 'Adani Power Rajasthan Ltd', 'Customers', 7, 'Yes', 25, 0, 0, 'no', '', 'no', ''),
(39, 1, 'Shriram Rayons', 'Shriram Rayons', 'Customers', 8, 'Yes', 25, 0, 0, 'no', '', 'no', ''),
(40, 2, 'Mangalam Cement Ltd', 'Mangalam Cement Ltd', 'Customers', 9, 'Yes', 25, 0, 0, 'no', '', 'no', ''),
(41, 2, 'Sutlej Textiles and Industries Limited', 'Sutlej Textiles and Industries Limited', 'Customers', 10, 'Yes', 25, 0, 0, 'no', '', 'no', ''),
(43, 2, 'Ambuja Cements Limited', 'Unit-Rabriyawas', 'Customers', 11, 'Yes', 25, 0, 0, 'no', '', 'no', ''),
(44, 10, 'Pushpendra Nath Chauhan', '', 'Employees', 11, '', 25, 0, 0, 'no', '', 'no', ''),
(45, 10, 'Vikram Singh ', '', 'Employees', 12, '', 25, 0, 0, 'no', '', 'no', ''),
(46, 10, 'Bhopal Singh Jhala', '', 'Employees', 13, '', 25, 0, 0, 'no', '', 'no', ''),
(47, 2, 'Hindustan Zinc Ltd.', 'Sindesar Khurd Mine', 'Customers', 12, 'Yes', 25, 0, 0, 'no', '', 'no', ''),
(50, 2, 'J.K. Cement Works Mangrol', 'Unit of J.K. Cement Ltd.', 'Customers', 15, 'Yes', 25, 0, 0, 'no', '', 'no', ''),
(51, 2, 'Hindustan Zinc Ltd', 'Haridwar Zinc Plant', 'Customers', 16, 'Yes', 25, 0, 0, 'no', '', 'no', ''),
(52, 10, 'Reena Khandelwal', '', 'Employees', 14, '', 25, 0, 0, 'no', '', 'no', ''),
(53, 2, 'Hindustan Zinc Ltd', 'Rajpura Dariba Mines', 'Customers', 17, 'Yes', 25, 0, 0, 'no', '', 'no', ''),
(54, 2, 'Hindustan Zinc Ltd', 'Chanderia Smelter Complex (CPP)', 'Customers', 18, 'Yes', 25, 0, 0, 'no', '', 'no', ''),
(55, 2, 'Hindustan Zinc Ltd', 'Unit-Pyro', 'Customers', 19, 'Yes', 25, 0, 0, 'no', '', 'no', ''),
(56, 2, 'Hindustan Zinc ltd', 'Zinc Smelter Debari', 'Customers', 20, 'Yes', 25, 0, 0, 'no', '', 'no', ''),
(57, 2, 'Hindustan Zinc Ltd', 'CPP Zawar Mines', 'Customers', 21, 'Yes', 25, 0, 0, 'no', '', 'no', ''),
(58, 2, 'Ultratech Cement Limited', 'Unit-Birla White', 'Customers', 22, 'Yes', 25, 0, 0, 'no', '', 'no', ''),
(59, 2, 'Ultratech Cement Limited', 'Unit-Sewagram Cement Works', 'Customers', 23, 'Yes', 25, 0, 0, 'no', '', 'no', ''),
(60, 2, 'Ultratech Cement Limited', 'Unit-Bathinda Cement Works', 'Customers', 24, 'Yes', 25, 0, 0, 'no', '', 'no', ''),
(61, 2, 'Ultratech Cement Limited', 'Unit-Awarpur Cement Works', 'Customers', 25, 'Yes', 25, 0, 0, 'no', '', 'no', ''),
(62, 2, 'Ultratech Cement Limited', 'Unit-Kotputli Cement Works', 'Customers', 26, 'Yes', 25, 0, 0, 'no', '', 'no', ''),
(63, 2, 'Shree Cement Limited', 'Unit -RAS', 'Customers', 29, 'Yes', 25, 0, 0, 'no', '', 'no', ''),
(64, 2, 'Shree Raipur Cement Plant', 'Unit-Shree Cement Ltd', 'Customers', 30, 'Yes', 25, 0, 0, 'no', '', 'no', ''),
(65, 2, 'Shree Cement Unit Panipat', 'Panipat', 'Customers', 31, 'Yes', 25, 0, 0, 'no', '', 'no', ''),
(66, 2, 'RSWM Limited', 'Power Plant', 'Customers', 32, 'Yes', 25, 0, 0, 'no', '', 'no', ''),
(67, 2, 'RSWM Limited', 'Unit:-LNJ Denim', 'Customers', 33, 'Yes', 25, 0, 0, 'no', '', 'no', ''),
(68, 2, 'RSWM Limited', 'Unit-Rishabhdev', 'Customers', 34, 'Yes', 25, 0, 0, 'no', '', 'no', ''),
(69, 2, 'Cavendish Industries Limited', 'Cavendish Industries Limited', 'Customers', 35, 'Yes', 25, 0, 0, 'no', '', 'no', ''),
(70, 10, 'Mohammed Arif', '', 'Employees', 15, '', 26, 0, 0, 'no', '', 'no', ''),
(71, 2, 'BMD Pvt Ltd', 'BMD ', 'Customers', 36, 'Yes', 25, 0, 0, 'no', '', 'no', ''),
(72, 2, 'Ginni international Ltd.', 'Ginni international Ltd.', 'Customers', 37, 'Yes', 25, 0, 0, 'no', '', 'no', ''),
(73, 2, 'Shriram Fertilisers & Chemicals', 'Shriram Fertilisers & Chemicals', 'Customers', 38, 'Yes', 25, 0, 0, 'no', '', 'no', ''),
(75, 37, 'Anshul Mogra', '', 'Employees', 16, '', 25, 0, 0, 'no', '', 'no', ''),
(77, 2, 'Maharaja Shree Umaid Mills Ltd', 'Maharaja Shree Umaid Mills Ltd', 'Customers', 40, 'Yes', 25, 0, 0, 'no', '', 'no', ''),
(78, 2, 'Banawara Syntex Limited', 'Unit BTM', 'Customers', 41, 'Yes', 25, 0, 0, 'no', '', 'no', ''),
(79, 2, 'Udaipur Cement Works Ltd', 'Unit of JK Laxmi Cement', 'Customers', 42, 'Yes', 25, 0, 0, 'no', '', 'no', ''),
(80, 2, 'Neyveli Lignite Corporation Limited', 'NLC', 'Customers', 43, 'Yes', 25, 0, 0, 'no', '', 'no', ''),
(85, 2, 'Wonder Cement Ltd.', 'Nimbahera', 'Customers', 44, 'Yes', 25, 0, 0, 'no', '', 'no', ''),
(86, 2, 'Sangam (India) Limited', 'Spinning Unit -I', 'Customers', 45, 'Yes', 25, 0, 0, 'no', '', 'no', ''),
(87, 2, 'RSWM Limited', 'Unit-Gulabpura', 'Customers', 46, 'Yes', 25, 0, 0, 'no', '', 'no', ''),
(88, 2, 'Lafarge India Pvt.Ltd. ', 'Lafarge India Pvt.Ltd. ', 'Customers', 47, 'Yes', 25, 0, 0, 'no', '', 'no', ''),
(89, 2, 'Jindal Saw Ltd.', 'Jindal Saw Ltd.', 'Customers', 48, 'Yes', 25, 0, 0, 'no', '', 'no', ''),
(90, 2, 'Kalisindh Thermal Power Project ', 'KTPP-RRVUNL', 'Customers', 49, 'Yes', 25, 0, 0, 'no', '', 'no', ''),
(91, 2, 'Chhabra Thermal Power Project', 'CTPS-RRVUNL', 'Customers', 50, 'Yes', 25, 0, 0, 'no', '', 'no', ''),
(92, 2, 'Parle Biscuit Pvt. Ltd. ', 'Parle Biscuit Pvt. Ltd. ', 'Customers', 51, 'Yes', 25, 0, 0, 'no', '', 'no', ''),
(93, 2, 'United Spirits Limited ', 'Unit- Alwar', 'Customers', 52, 'Yes', 25, 0, 0, 'no', '', 'no', ''),
(94, 2, 'United Spirits Ltd.', 'Unit- Udaipur', 'Customers', 53, 'Yes', 25, 0, 0, 'no', '', 'no', ''),
(95, 2, 'Balkrishna Industries Ltd.', 'Unit-Chopanki', 'Customers', 54, 'Yes', 25, 0, 0, 'no', '', 'no', ''),
(96, 2, 'Balkrishna Industries Ltd.', 'Unit-Bhiwadi', 'Customers', 55, 'Yes', 25, 0, 0, 'no', '', 'no', ''),
(97, 2, 'Sabmiller India Ltd.', 'Unit-Rochees Breweries', 'Customers', 56, 'Yes', 25, 0, 0, 'no', '', 'no', ''),
(98, 2, 'Shriram Axiall', 'Shriram Polytech', 'Customers', 57, 'Yes', 25, 0, 0, 'no', '', 'no', ''),
(100, 16, 'VAT Paid Purchases', '', 'Ledger Account', 0, '', 25, 0, 0, 'no', '', 'no', ''),
(101, 17, 'Purchase Thela Bhada', '', 'Ledger Account', 0, '', 25, 0, 0, 'no', '', 'no', ''),
(102, 2, 'J K Tyre & Industries Ltd.', 'J K Tyre & Industries Ltd.', 'Customers', 58, 'Yes', 25, 0, 0, 'no', '', 'no', ''),
(103, 17, 'Purchase Freight', '', 'Ledger Account', 0, '', 25, 0, 0, 'no', '', 'no', ''),
(104, 17, 'Purchase Other Expenses', '', 'Ledger Account', 0, '', 25, 0, 0, 'no', '', 'no', ''),
(105, 18, 'Sales Thela Bhada', '', 'Ledger Account', 0, '', 25, 0, 0, 'no', '', 'no', ''),
(106, 18, 'Sales Freight Expenses', '', 'Ledger Account', 0, '', 25, 0, 0, 'no', '', 'no', ''),
(107, 52, 'Sales Promotion', '', 'Ledger Account', 0, '', 25, 0, 0, 'no', '', 'no', ''),
(108, 52, 'Exhibition & Seminar Expenses', '', 'Ledger Account', 0, '', 25, 0, 0, 'no', '', 'no', ''),
(109, 52, 'Guest Entertainment Expenses', '', 'Ledger Account', 0, '', 25, 0, 0, 'no', '', 'no', ''),
(111, 52, 'Sales Commission', '', 'Ledger Account', 0, '', 25, 0, 0, 'no', '', 'no', ''),
(112, 19, 'Professional & Membership Expenses', '', 'Ledger Account', 0, '', 25, 0, 0, 'no', '', 'no', ''),
(113, 20, 'Communication Staff Expenses', '', 'Ledger Account', 0, '', 25, 0, 0, 'no', '', 'no', ''),
(114, 19, 'Electricity Expenses', '', 'Ledger Account', 0, '', 25, 0, 0, 'no', '', 'no', ''),
(115, 19, 'Rent Expenses', '', 'Ledger Account', 0, '', 25, 0, 0, 'no', '', 'no', ''),
(116, 19, 'Water Expenses', '', 'Ledger Account', 0, '', 25, 0, 0, 'no', '', 'no', ''),
(117, 19, 'Printing & Stationary Expenses', '', 'Ledger Account', 0, '', 25, 0, 0, 'no', '', 'no', ''),
(118, 19, 'Depreciation of Fixed Assets', '', 'Ledger Account', 0, '', 25, 0, 0, 'no', '', 'no', ''),
(119, 19, 'Repair & Maintenance Expenses', '', 'Ledger Account', 0, '', 25, 0, 0, 'no', '', 'no', ''),
(120, 20, 'Salary & Wages', '', 'Ledger Account', 0, '', 25, 0, 0, 'no', '', 'no', ''),
(121, 21, 'Directors Remuneration', '', 'Ledger Account', 0, '', 25, 0, 0, 'no', '', 'no', ''),
(122, 21, 'Communication Director Expenses', '', 'Ledger Account', 0, '', 25, 0, 0, 'no', '', 'no', ''),
(123, 21, 'Local Conveyance Director Expenses', '', 'Ledger Account', 0, '', 25, 0, 0, 'no', '', 'no', ''),
(124, 20, 'Local Conveyance Staff Expenses', '', 'Ledger Account', 0, '', 25, 0, 0, 'no', '', 'no', ''),
(125, 19, 'Travelling Expenses', '', 'Ledger Account', 0, '', 25, 0, 0, 'no', '', 'no', ''),
(126, 19, 'Postage & Courier Expenses', '', 'Ledger Account', 0, '', 25, 0, 0, 'no', '', 'no', ''),
(127, 20, 'Staff Welfare Expenses', '', 'Ledger Account', 0, '', 25, 0, 0, 'no', '', 'no', ''),
(128, 2, 'Sanjeev Traders', 'Sanjeev Traders', 'Customers', 59, 'Yes', 25, 0, 0, 'no', '', 'no', ''),
(129, 20, 'LTA Expenses', '', 'Ledger Account', 0, '', 25, 0, 0, 'no', '', 'no', ''),
(130, 20, 'Medical Expenses', '', 'Ledger Account', 0, '', 25, 0, 0, 'no', '', 'no', ''),
(131, 19, 'Late Delivery Expenses', '', 'Ledger Account', 0, '', 25, 0, 0, 'no', '', 'no', ''),
(132, 19, 'Legal Expenses', '', 'Ledger Account', 0, '', 25, 0, 0, 'no', '', 'no', ''),
(133, 22, 'Bank Charges', '', 'Ledger Account', 0, '', 25, 0, 0, 'no', '', 'no', ''),
(134, 19, 'Office Expenses', '', 'Ledger Account', 0, '', 25, 0, 0, 'no', '', 'no', ''),
(135, 19, 'Other Office Expenses', '', 'Ledger Account', 0, '', 25, 0, 0, 'no', '', 'no', ''),
(137, 22, 'Interest on OD Limit', '', 'Ledger Account', 0, '', 25, 0, 0, 'no', '', 'no', ''),
(138, 22, 'Interest Paid', '', 'Ledger Account', 0, '', 25, 0, 0, 'no', '', 'no', ''),
(139, 22, 'Interest on Unsecured Loan', '', 'Ledger Account', 0, '', 25, 0, 0, 'no', '', 'no', ''),
(140, 23, 'Interest Received', '', 'Ledger Account', 0, '', 25, 0, 0, 'no', '', 'no', ''),
(142, 24, 'SBI STL Bank', '', 'Ledger Account', 0, '', 25, 0, 0, 'no', '', 'no', ''),
(145, 24, 'Union Bank of India Bank', '', 'Ledger Account', 0, '', 25, 0, 0, 'no', '', 'no', ''),
(146, 26, 'Kotak Mahindra Bank', '', 'Ledger Account', 0, '', 25, 0, 0, 'no', '', 'no', ''),
(147, 27, 'ICICI Bank Loan Account', '', 'Ledger Account', 0, '', 25, 0, 0, 'no', '', 'no', ''),
(148, 2, 'Birla Corporation Limited', 'Unit-Birla cement Works', 'Customers', 60, 'Yes', 25, 0, 0, 'no', '', 'no', ''),
(149, 27, 'HDFC Bank Loan Account', '', 'Ledger Account', 0, '', 25, 0, 0, 'no', '', 'no', ''),
(151, 29, 'Plant & Machinery', '', 'Ledger Account', 0, '', 25, 0, 0, 'no', '', 'no', ''),
(152, 29, 'Laptop, Computer & Printers', '', 'Ledger Account', 0, '', 25, 0, 0, 'no', '', 'no', ''),
(153, 30, 'Office Furniture', '', 'Ledger Account', 0, '', 25, 0, 0, 'no', '', 'no', ''),
(155, 30, 'Office Equipment', '', 'Ledger Account', 0, '', 25, 0, 0, 'no', '', 'no', ''),
(158, 2, 'Chambal Fertilisers And Chemicals Limited', 'Chambal Fertilisers And Chemicals Limited', 'Customers', 61, 'Yes', 25, 0, 0, 'no', '', 'no', ''),
(160, 13, 'VAT Purchases', '', 'Ledger Account', 0, '', 26, 0, 0, 'no', '', 'no', ''),
(161, 14, 'CST Purchases', '', 'Ledger Account', 0, '', 26, 0, 0, 'no', '', 'no', ''),
(162, 9, 'Fright Amount', '', 'Ledger Account', 0, '', 26, 0, 0, 'no', '', 'no', ''),
(163, 8, 'Sales Income', '', 'Ledger Account', 0, '', 26, 0, 0, 'no', '', 'no', ''),
(164, 16, 'VAT Paid Purchases', '', 'Ledger Account', 0, '', 26, 0, 0, 'no', '', 'no', ''),
(165, 17, 'Purchase Thela Bhada', '', 'Ledger Account', 0, '', 26, 0, 0, 'no', '', 'no', ''),
(166, 17, 'Purchase Freight', '', 'Ledger Account', 0, '', 26, 0, 0, 'no', '', 'no', ''),
(167, 17, 'Purchase Other Expenses', '', 'Ledger Account', 0, '', 26, 0, 0, 'no', '', 'no', ''),
(168, 18, 'Sales Thela Bhada', '', 'Ledger Account', 0, '', 26, 0, 0, 'no', '', 'no', ''),
(169, 18, 'Sales Freight Expenses', '', 'Ledger Account', 0, '', 26, 0, 0, 'no', '', 'no', ''),
(170, 18, 'Sales Promotion', '', 'Ledger Account', 0, '', 26, 0, 0, 'no', '', 'no', ''),
(171, 18, 'Exhibition & Seminar Expenses', '', 'Ledger Account', 0, '', 26, 0, 0, 'no', '', 'no', ''),
(172, 18, 'Guest Entertainment Expenses', '', 'Ledger Account', 0, '', 26, 0, 0, 'no', '', 'no', ''),
(173, 18, 'Sales Commission', '', 'Ledger Account', 0, '', 26, 0, 0, 'no', '', 'no', ''),
(174, 19, 'Professional & Membership Expenses', '', 'Ledger Account', 0, '', 26, 0, 0, 'no', '', 'no', ''),
(175, 20, 'Communication Staff Expenses', '', 'Ledger Account', 0, '', 26, 0, 0, 'no', '', 'no', ''),
(176, 19, 'Electricity Expenses', '', 'Ledger Account', 0, '', 26, 0, 0, 'no', '', 'no', ''),
(177, 19, 'Rent Expenses', '', 'Ledger Account', 0, '', 26, 0, 0, 'no', '', 'no', ''),
(178, 19, 'Water Expenses', '', 'Ledger Account', 0, '', 26, 0, 0, 'no', '', 'no', ''),
(179, 19, 'Printing & Stationary Expenses', '', 'Ledger Account', 0, '', 26, 0, 0, 'no', '', 'no', ''),
(180, 19, 'Depreciation of Fixed Assets', '', 'Ledger Account', 0, '', 26, 0, 0, 'no', '', 'no', ''),
(181, 19, 'Repair & Maintenance Expenses', '', 'Ledger Account', 0, '', 26, 0, 0, 'no', '', 'no', ''),
(182, 20, 'Salary & Wages', '', 'Ledger Account', 0, '', 26, 0, 0, 'no', '', 'no', ''),
(183, 21, 'Directors Remuneration', '', 'Ledger Account', 0, '', 26, 0, 0, 'no', '', 'no', ''),
(184, 21, 'Communication Director Expenses', '', 'Ledger Account', 0, '', 26, 0, 0, 'no', '', 'no', ''),
(185, 21, 'Local Conveyance Director Expenses', '', 'Ledger Account', 0, '', 26, 0, 0, 'no', '', 'no', ''),
(186, 20, 'Local Conveyance Staff Expenses', '', 'Ledger Account', 0, '', 26, 0, 0, 'no', '', 'no', ''),
(187, 19, 'Travelling Expenses', '', 'Ledger Account', 0, '', 26, 0, 0, 'no', '', 'no', ''),
(188, 19, 'Postage & Courier Expenses', '', 'Ledger Account', 0, '', 26, 0, 0, 'no', '', 'no', ''),
(189, 20, 'Staff Welfare Expenses', '', 'Ledger Account', 0, '', 26, 0, 0, 'no', '', 'no', ''),
(190, 20, 'LTA Expenses', '', 'Ledger Account', 0, '', 26, 0, 0, 'no', '', 'no', ''),
(191, 20, 'Mecical Expenses', '', 'Ledger Account', 0, '', 26, 0, 0, 'no', '', 'no', ''),
(192, 19, 'Late Delivery Expenses', '', 'Ledger Account', 0, '', 26, 0, 0, 'no', '', 'no', ''),
(193, 19, 'Legal Expenses', '', 'Ledger Account', 0, '', 26, 0, 0, 'no', '', 'no', ''),
(194, 22, 'Bank Charges', '', 'Ledger Account', 0, '', 26, 0, 0, 'no', '', 'no', ''),
(195, 19, 'Office Expenses', '', 'Ledger Account', 0, '', 26, 0, 0, 'no', '', 'no', ''),
(196, 19, 'Other Office Expenses', '', 'Ledger Account', 0, '', 26, 0, 0, 'no', '', 'no', ''),
(197, 22, 'Interest on OD Limit', '', 'Ledger Account', 0, '', 26, 0, 0, 'no', '', 'no', ''),
(198, 22, 'Interest Paid', '', 'Ledger Account', 0, '', 26, 0, 0, 'no', '', 'no', ''),
(199, 22, 'Interest on Unsecured Loan', '', 'Ledger Account', 0, '', 26, 0, 0, 'no', '', 'no', ''),
(200, 23, 'Interest Received', '', 'Ledger Account', 0, '', 26, 0, 0, 'no', '', 'no', ''),
(201, 25, 'Sales Commission Received', '', 'Ledger Account', 0, '', 26, 0, 0, 'no', '', 'no', ''),
(203, 24, 'SBBJ SML Bank', '', 'Ledger Account', 0, '', 26, 0, 0, 'no', '', 'no', ''),
(205, 24, 'Union Bank of India Bank', '', 'Ledger Account', 0, '', 26, 0, 0, 'no', '', 'no', ''),
(206, 26, 'Kotak Mahindra Bank', '', 'Ledger Account', 0, '', 26, 0, 0, 'no', '', 'no', ''),
(207, 27, 'ICICI Bank Loan Account', '', 'Ledger Account', 0, '', 26, 0, 0, 'no', '', 'no', ''),
(208, 27, 'HDFC Bank Loan Account', '', 'Ledger Account', 0, '', 26, 0, 0, 'no', '', 'no', ''),
(209, 28, 'Petty Cash', '', 'Ledger Account', 0, '', 26, 0, 0, 'no', '', 'no', ''),
(210, 29, 'Plant & Machinery', '', 'Ledger Account', 0, '', 26, 0, 0, 'no', '', 'no', ''),
(211, 30, 'Laptop, Computer & Printers', '', 'Ledger Account', 0, '', 26, 0, 0, 'no', '', 'no', ''),
(212, 30, 'Office Furniture', '', 'Ledger Account', 0, '', 26, 0, 0, 'no', '', 'no', ''),
(213, 30, 'Office Equipment', '', 'Ledger Account', 0, '', 26, 0, 0, 'no', '', 'no', ''),
(214, 31, 'Vehicle ', '', 'Ledger Account', 0, '', 26, 0, 0, 'no', '', 'no', ''),
(272, 2, 'Kota Super Thermal Power Plant ', 'KSTPS-RRVUNL', 'Customers', 63, 'Yes', 25, 0, 0, 'no', '', 'no', ''),
(273, 2, 'United Breweries Limited', 'Unit- Chopanki', 'Customers', 64, 'Yes', 25, 0, 0, 'no', '', 'no', ''),
(274, 2, 'Carlsberg India Pvt. Ltd.', 'Carlsberg India Pvt. Ltd.', 'Customers', 65, 'Yes', 25, 0, 0, 'no', '', 'no', ''),
(275, 2, 'RSWM Limited', 'Unit- Mandpam', 'Customers', 66, 'Yes', 25, 0, 0, 'no', '', 'no', ''),
(282, 10, 'Usha Mali', '', 'Employees', 9, '', 27, 0, 0, 'no', '', 'no', ''),
(285, 10, 'Pushpendra Nath Chauhan', '', 'Employees', 11, '', 26, 0, 0, 'no', '', 'no', ''),
(286, 10, 'Pushpendra Nath Chauhan', '', 'Employees', 11, '', 27, 0, 0, 'no', '', 'no', ''),
(287, 10, 'Vikram Singh', '', 'Employees', 12, '', 26, 0, 0, 'no', '', 'no', ''),
(288, 10, 'Vikram Singh', '', 'Employees', 12, '', 27, 0, 0, 'no', '', 'no', ''),
(289, 10, 'Bhopal Singh Jhala', '', 'Employees', 13, '', 26, 0, 0, 'no', '', 'no', ''),
(290, 10, 'Bhopal Singh Jhala', '', 'Employees', 13, '', 27, 0, 0, 'no', '', 'no', ''),
(291, 2, 'Suratgarh Super thermal Power Station', 'SSTPS-RRVUNL', 'Customers', 68, 'Yes', 25, 0, 0, 'no', '', 'no', ''),
(294, 10, 'Mohammed Arif', '', 'Employees', 15, '', 25, 0, 0, 'no', '', 'no', ''),
(295, 10, 'Mohammed Arif', '', 'Employees', 15, '', 27, 0, 0, 'no', '', 'no', ''),
(296, 11, 'Anshul Mogra', '', 'Employees', 16, '', 26, 0, 0, 'no', '', 'no', ''),
(297, 11, 'Anshul Mogra', '', 'Employees', 16, '', 27, 0, 0, 'no', '', 'no', ''),
(298, 2, 'United Breweries Ltd.-Dharuhera', 'Unit-Dharuhera', 'Customers', 69, 'Yes', 25, 0, 0, 'no', '', 'no', ''),
(299, 2, 'Honda Cars India Pvt. Ltd.', 'Honda Cars India Pvt. Ltd.', 'Customers', 70, 'Yes', 25, 0, 0, 'no', '', 'no', ''),
(301, 2, 'Bhavik Terryfab', 'Unit of KG Petrochem Limited', 'Customers', 72, 'Yes', 25, 0, 0, 'no', '', 'no', ''),
(303, 2, 'Varun Breverages Ltd.', 'Varun Breverages Ltd.', 'Customers', 74, 'Yes', 25, 0, 0, 'no', '', 'no', ''),
(304, 2, 'Nissin Brake India Pvt. Ltd.', 'Nissin Brake India Pvt. Ltd.', 'Customers', 75, 'Yes', 25, 0, 0, 'no', '', 'no', ''),
(305, 2, 'Saint Gobain Glass India Ltd.', 'Saint Gobain Glass India Ltd.', 'Customers', 76, 'Yes', 25, 0, 0, 'no', '', 'no', ''),
(306, 2, 'Kajaria Ceramics Ltd.', 'Kajaria Ceramics Ltd.', 'Customers', 77, 'Yes', 25, 0, 0, 'no', '', 'no', ''),
(308, 13, 'VAT Purchases', '', 'Ledger Account', 0, '', 27, 0, 0, 'no', '', 'no', ''),
(309, 14, 'CST Purchases', '', 'Ledger Account', 0, '', 27, 0, 0, 'no', '', 'no', ''),
(310, 9, 'Freight Amount', '', 'Ledger Account', 0, '', 27, 0, 0, 'no', '', 'no', ''),
(311, 8, 'Sales Income', '', 'Ledger Account', 0, '', 27, 0, 0, 'no', '', 'no', ''),
(312, 16, 'VAT Paid Purchases', '', 'Ledger Account', 0, '', 27, 0, 0, 'no', '', 'no', ''),
(313, 17, 'Purchase Thela Bhada', '', 'Ledger Account', 0, '', 27, 0, 0, 'no', '', 'no', ''),
(314, 17, 'Purchase Freight', '', 'Ledger Account', 0, '', 27, 0, 0, 'no', '', 'no', ''),
(315, 17, 'Purchase Other Expenses', '', 'Ledger Account', 0, '', 27, 0, 0, 'no', '', 'no', ''),
(316, 18, 'Sales Thela Bhada', '', 'Ledger Account', 0, '', 27, 0, 0, 'no', '', 'no', ''),
(317, 18, 'Sales Freight Expenses', '', 'Ledger Account', 0, '', 27, 0, 0, 'no', '', 'no', ''),
(318, 18, 'Sales Promotion', '', 'Ledger Account', 0, '', 27, 0, 0, 'no', '', 'no', ''),
(319, 18, 'Exhibition & Seminar Expenses', '', 'Ledger Account', 0, '', 27, 0, 0, 'no', '', 'no', ''),
(320, 18, 'Guest Entertainment Expenses', '', 'Ledger Account', 0, '', 27, 0, 0, 'no', '', 'no', ''),
(321, 18, 'Sales Commission', '', 'Ledger Account', 0, '', 27, 0, 0, 'no', '', 'no', ''),
(322, 19, 'Professional & Membership Expenses', '', 'Ledger Account', 0, '', 27, 0, 0, 'no', '', 'no', ''),
(323, 20, 'Communication Staff Expenses', '', 'Ledger Account', 0, '', 27, 0, 0, 'no', '', 'no', ''),
(324, 19, 'Electricity Expenses', '', 'Ledger Account', 0, '', 27, 0, 0, 'no', '', 'no', ''),
(325, 19, 'Rent Expenses', '', 'Ledger Account', 0, '', 27, 0, 0, 'no', '', 'no', ''),
(326, 19, 'Water Expenses', '', 'Ledger Account', 0, '', 27, 0, 0, 'no', '', 'no', ''),
(327, 19, 'Printing & Stationary Expenses', '', 'Ledger Account', 0, '', 27, 0, 0, 'no', '', 'no', ''),
(328, 19, 'Depreciation of Fixed Assets', '', 'Ledger Account', 0, '', 27, 0, 0, 'no', '', 'no', ''),
(329, 19, 'Repair & Maintenance Expenses', '', 'Ledger Account', 0, '', 27, 0, 0, 'no', '', 'no', ''),
(330, 20, 'Salary & Wages', '', 'Ledger Account', 0, '', 27, 0, 0, 'no', '', 'no', ''),
(331, 21, 'Directors Remuneration', '', 'Ledger Account', 0, '', 27, 0, 0, 'no', '', 'no', ''),
(332, 21, 'Communication Director Expenses', '', 'Ledger Account', 0, '', 27, 0, 0, 'no', '', 'no', ''),
(333, 21, 'Local Conveyance Director Expenses', '', 'Ledger Account', 0, '', 27, 0, 0, 'no', '', 'no', ''),
(334, 20, 'Local Conveyance Staff Expenses', '', 'Ledger Account', 0, '', 27, 0, 0, 'no', '', 'no', ''),
(335, 19, 'Travelling Expenses', '', 'Ledger Account', 0, '', 27, 0, 0, 'no', '', 'no', ''),
(336, 19, 'Postage & Courier Expenses', '', 'Ledger Account', 0, '', 27, 0, 0, 'no', '', 'no', ''),
(337, 20, 'Staff Welfare Expenses', '', 'Ledger Account', 0, '', 27, 0, 0, 'no', '', 'no', ''),
(338, 20, 'LTA Expenses', '', 'Ledger Account', 0, '', 27, 0, 0, 'no', '', 'no', ''),
(339, 20, 'Medical Expenses', '', 'Ledger Account', 0, '', 27, 0, 0, 'no', '', 'no', ''),
(340, 19, 'Late Delivery Expenses', '', 'Ledger Account', 0, '', 27, 0, 0, 'no', '', 'no', ''),
(341, 19, 'Legal Expenses', '', 'Ledger Account', 0, '', 27, 0, 0, 'no', '', 'no', ''),
(342, 22, 'Bank Charges', '', 'Ledger Account', 0, '', 27, 0, 0, 'no', '', 'no', ''),
(343, 19, 'Office Expenses', '', 'Ledger Account', 0, '', 27, 0, 0, 'no', '', 'no', ''),
(344, 19, 'Other Office Expenses', '', 'Ledger Account', 0, '', 27, 0, 0, 'no', '', 'no', ''),
(345, 22, 'Interest on OD Limit', '', 'Ledger Account', 0, '', 27, 0, 0, 'no', '', 'no', ''),
(346, 22, 'Interest Paid', '', 'Ledger Account', 0, '', 27, 0, 0, 'no', '', 'no', ''),
(347, 22, 'Interest on Unsecured Loan', '', 'Ledger Account', 0, '', 27, 0, 0, 'no', '', 'no', ''),
(348, 23, 'Interest Received', '', 'Ledger Account', 0, '', 27, 0, 0, 'no', '', 'no', ''),
(349, 25, 'Sales Commission Received', '', 'Ledger Account', 0, '', 27, 0, 0, 'no', '', 'no', ''),
(352, 24, 'SBI FMSL Bank', '', 'Ledger Account', 0, '', 27, 0, 0, 'no', '', 'no', ''),
(357, 28, 'Petty Cash', '', 'Ledger Account', 0, '', 27, 0, 0, 'no', '', 'no', ''),
(358, 29, 'Plant & Machinery', '', 'Ledger Account', 0, '', 27, 0, 0, 'no', '', 'no', ''),
(359, 30, 'Laptop, Computer & Printers', '', 'Ledger Account', 0, '', 27, 0, 0, 'no', '', 'no', ''),
(360, 30, 'Office Furniture', '', 'Ledger Account', 0, '', 27, 0, 0, 'no', '', 'no', ''),
(361, 30, 'Office Equipment', '', 'Ledger Account', 0, '', 27, 0, 0, 'no', '', 'no', ''),
(362, 31, 'Vehicle ', '', 'Ledger Account', 0, '', 27, 0, 0, 'no', '', 'no', ''),
(363, 2, 'Adani Wilmar Ltd.', 'Unit- Alwar', 'Customers', 78, 'Yes', 25, 0, 0, 'no', '', 'no', ''),
(364, 2, 'Jaquar & Company Pvt. Ltd.', 'Jaquar & Co. Pvt. Ltd.(Bhiwadi)', 'Customers', 79, 'Yes', 25, 0, 0, 'no', '', 'no', ''),
(365, 2, 'Siegwerk India Pvt. Ltd.', 'Siegwerk India Pvt. Ltd.', 'Customers', 80, 'Yes', 25, 0, 0, 'no', '', 'no', ''),
(368, 2, 'Hindustan Zinc Ltd', 'Rampura Agucha Mines', 'Customers', 83, 'Yes', 25, 0, 0, 'no', '', 'no', ''),
(369, 2, 'Dabur India Limited-Alwar Unit', 'Unit-Alwar', 'Customers', 84, 'Yes', 25, 0, 0, 'no', '', 'no', ''),
(370, 2, 'Sika India Pvt. Ltd.', 'Sika India Pvt. Ltd.', 'Customers', 85, 'Yes', 25, 0, 0, 'no', '', 'no', ''),
(372, 2, 'Nachi Technology India Pvt Ltd ', 'Nachi Technology India Pvt Ltd ', 'Customers', 86, 'Yes', 25, 0, 0, 'no', '', 'no', ''),
(374, 2, 'J.K White Cement Works ', 'Unit of JK Cement Ltd. ', 'Customers', 88, 'Yes', 25, 0, 0, 'no', '', 'no', ''),
(375, 2, 'Ajanta Polymer (P) lTD.', 'Ajanta Polymer (P) lTD.', 'Customers', 89, 'Yes', 25, 0, 0, 'no', '', 'no', ''),
(376, 2, 'Daikin Airconditioning India Pvt. Ltd. ', 'Daikin Airconditioning India Pvt. Ltd. ', 'Customers', 90, 'Yes', 25, 0, 0, 'no', '', 'no', ''),
(377, 2, 'Vintage Distillers Ltd.', 'Vintage Distillers Ltd.', 'Customers', 91, 'Yes', 25, 0, 0, 'no', '', 'no', ''),
(378, 2, 'Rajshree Pilp And Board Mills Pvt. Ltd.', 'Rajshree Pilp And Board Mills Pvt. Ltd.', 'Customers', 92, 'Yes', 25, 0, 0, 'no', '', 'no', ''),
(381, 2, 'Hindustan Zinc Ltd', 'Hydro -I ,Unit II', 'Customers', 95, 'Yes', 25, 0, 0, 'no', '', 'no', ''),
(383, 2, 'Rajasthan Rajya Vidhyut Utpadan Ltd', '(Banswara)', 'Customers', 97, 'Yes', 25, 0, 0, 'no', '', 'no', ''),
(384, 2, 'Adani Wilmar Ltd.', 'Unit-Bundi', 'Customers', 98, 'Yes', 25, 0, 0, 'no', '', 'no', ''),
(387, 2, 'Advantage Oils Pvt. Ltd.', 'Advantage Oils Pvt. Ltd.', 'Customers', 101, 'Yes', 25, 0, 0, 'no', '', 'no', ''),
(388, 2, 'Mahesh Edible Oil Industries Ltd.', 'Mahesh Edible Oil Industries Ltd.', 'Customers', 102, 'Yes', 25, 0, 0, 'no', '', 'no', ''),
(389, 2, 'ACC Limited', 'Unit-Lakheri Cement  Works', 'Customers', 103, 'Yes', 25, 0, 0, 'no', '', 'no', ''),
(390, 2, 'Ruchi Soya Industries Ltd.', 'Ruchi Soya Industries Ltd.', 'Customers', 104, 'Yes', 25, 0, 0, 'no', '', 'no', ''),
(391, 2, 'K.S.Oils Limited', 'K.S.Oils Limited', 'Customers', 105, 'Yes', 25, 0, 0, 'no', '', 'no', ''),
(394, 2, 'KEI Industries Limited ', 'Kei Industries Limited', 'Customers', 108, 'Yes', 25, 0, 0, 'no', '', 'no', ''),
(396, 2, 'Shree Cement Ltd.,', '(Khushkhera Cement Grinding Project)', 'Customers', 110, 'Yes', 25, 0, 0, 'no', '', 'no', ''),
(397, 2, 'Cattle Feed Plant ', 'A Unit of Rajasthan Dairy Federation Limited', 'Customers', 111, 'Yes', 25, 0, 0, 'no', '', 'no', ''),
(398, 2, 'Sigma Electric Mfg Corp (P) Ltd.', 'Sigma Electric Mfg Corp (P) Ltd.', 'Customers', 112, 'Yes', 25, 0, 0, 'no', '', 'no', ''),
(399, 32, 'Share Capital', '', 'Ledger Account', 0, '', 25, 0, 0, 'no', '', 'no', ''),
(400, 33, 'Reserves & Surplus', '', 'Ledger Account', 0, '', 25, 0, 0, 'no', '', 'no', ''),
(401, 11, 'Unsecured Loan - Anshul Mogra', '', 'Ledger Account', 0, '', 25, 0, 0, 'no', '', 'no', ''),
(402, 11, 'Unsecured Loan - K S Mogra', '', 'Ledger Account', 0, '', 25, 0, 0, 'no', '', 'no', ''),
(403, 12, 'Unsecured Loan - Rajendra Mehta', '', 'Ledger Account', 0, '', 25, 0, 0, 'no', '', 'no', ''),
(405, 37, 'K S Mogra', '', 'Ledger Account', 0, '', 25, 0, 0, 'no', '', 'no', ''),
(407, 38, 'Provision for Audit Fees', '', 'Ledger Account', 0, '', 25, 0, 0, 'no', '', 'no', ''),
(408, 38, 'Provision for Sales Tax', '', 'Ledger Account', 0, '', 25, 0, 0, 'no', '', 'no', ''),
(409, 38, 'Provision for Turnover Incentive', '', 'Ledger Account', 0, '', 25, 0, 0, 'no', '', 'no', ''),
(411, 38, 'Provision for Staff Sales Commission', '', 'Ledger Account', 0, '', 25, 0, 0, 'no', '', 'no', ''),
(412, 39, 'Lakshmi Enterprises', '', 'Ledger Account', 0, '', 25, 0, 0, 'no', '', 'no', ''),
(413, 39, 'Ludhiana Refrigeration', '', 'Ledger Account', 0, '', 25, 0, 0, 'no', '', 'no', ''),
(414, 40, 'Security Deposit - Ger Singh', '', 'Ledger Account', 0, '', 25, 0, 0, 'no', '', 'no', ''),
(415, 40, 'Security Deposit - Jayanti Jain', '', 'Ledger Account', 0, '', 25, 0, 0, 'no', '', 'no', ''),
(416, 40, 'Security Deposit - Anjana Jain', '', 'Ledger Account', 0, '', 25, 0, 0, 'no', '', 'no', ''),
(417, 40, 'Security Deposit - Jagdish Salvi', '', 'Ledger Account', 0, '', 25, 0, 0, 'no', '', 'no', ''),
(418, 40, 'Security Deposit - Jitendra Jhala', '', 'Ledger Account', 0, '', 25, 0, 0, 'no', '', 'no', ''),
(419, 40, 'Security Deposit - Lehari Lal', '', 'Ledger Account', 0, '', 25, 0, 0, 'no', '', 'no', ''),
(420, 40, 'Security Deposit - Reena Khandelwal', '', 'Ledger Account', 0, '', 25, 0, 0, 'no', '', 'no', ''),
(421, 40, 'Security Deposit - Usha Mali', '', 'Ledger Account', 0, '', 25, 0, 0, 'no', '', 'no', ''),
(422, 40, 'Security Deposit - Mukesh Jain', '', 'Ledger Account', 0, '', 25, 0, 0, 'no', '', 'no', ''),
(423, 40, 'Security Deposit - Snigdha Bhattacharya', '', 'Ledger Account', 0, '', 25, 0, 0, 'no', '', 'no', ''),
(424, 40, 'Security Deposit - Vikram Singh', '', 'Ledger Account', 0, '', 25, 0, 0, 'no', '', 'no', ''),
(425, 40, 'Security Deposit - Waheed Khan', '', 'Ledger Account', 0, '', 25, 0, 0, 'no', '', 'no', ''),
(426, 40, 'Security Deposit - Ajita Chopra', '', 'Ledger Account', 0, '', 25, 0, 0, 'no', '', 'no', ''),
(427, 40, 'Security Deposit - Rajendra Mehta', '', 'Ledger Account', 0, '', 25, 0, 0, 'no', '', 'no', ''),
(428, 40, 'Security Deposit - Others', '', 'Ledger Account', 0, '', 25, 0, 0, 'no', '', 'no', ''),
(429, 2, 'Shree Cement Limited', '(Shree Mega Power)', 'Customers', 114, 'Yes', 25, 0, 0, 'no', '', 'no', ''),
(430, 41, 'Shares - Kandhari Rubbers Ltd.', '', 'Ledger Account', 0, '', 25, 0, 0, 'no', '', 'no', ''),
(431, 41, 'Shares - Shilpa Mechtrad Ltd.', '', 'Ledger Account', 0, '', 25, 0, 0, 'no', '', 'no', ''),
(432, 41, 'Shares - Sinetron Power Ltd.', '', 'Ledger Account', 0, '', 25, 0, 0, 'no', '', 'no', ''),
(433, 29, 'Plant & Machinery', '', 'Ledger Account', 0, '', 25, 0, 0, 'no', '', 'no', ''),
(434, 29, 'Vehicles', '', 'Ledger Account', 0, '', 25, 0, 0, 'no', '', 'no', ''),
(435, 30, 'Software Accounting', '', 'Ledger Account', 0, '', 25, 0, 0, 'no', '', 'no', ''),
(436, 29, 'Auto Battery Operated', '', 'Ledger Account', 0, '', 25, 0, 0, 'no', '', 'no', ''),
(437, 44, 'Accrued Depreciation on Computer, Laptop & Printers', '', 'Ledger Account', 0, '', 25, 0, 0, 'no', '', 'no', ''),
(438, 44, 'Accrued Depreciation on Furniture & Fixtures', '', 'Ledger Account', 0, '', 25, 0, 0, 'no', '', 'no', ''),
(439, 44, 'Accrued Depreciation on Office Equipments', '', 'Ledger Account', 0, '', 25, 0, 0, 'no', '', 'no', ''),
(440, 44, 'Accrued Depreciation on Vehicles', '', 'Ledger Account', 0, '', 25, 0, 0, 'no', '', 'no', ''),
(441, 49, 'Accrued Depreciation on Accounting Softwares', '', 'Ledger Account', 0, '', 25, 0, 0, 'no', '', 'no', ''),
(442, 50, 'Deposit Mobile 97727 04777', '', 'Ledger Account', 0, '', 25, 0, 0, 'no', '', 'no', ''),
(443, 50, 'EMD Deposit', '', 'Ledger Account', 0, '', 25, 0, 0, 'no', '', 'no', ''),
(444, 50, 'Deposit Office Premises', '', 'Ledger Account', 0, '', 25, 0, 0, 'no', '', 'no', ''),
(445, 50, 'Prepaid Insurance', '', 'Ledger Account', 0, '', 25, 0, 0, 'no', '', 'no', ''),
(446, 50, 'Deposit - Dealership', '', 'Ledger Account', 0, '', 25, 0, 0, 'no', '', 'no', ''),
(447, 50, 'Deposit - Electricity Connection', '', 'Ledger Account', 0, '', 25, 0, 0, 'no', '', 'no', ''),
(448, 50, 'Deposit - Others', '', 'Ledger Account', 0, '', 25, 0, 0, 'no', '', 'no', ''),
(449, 50, 'Deposit - Telephone', '', 'Ledger Account', 0, '', 25, 0, 0, 'no', '', 'no', ''),
(450, 50, 'Deposit - Advance Income tax', '', 'Ledger Account', 0, '', 25, 0, 0, 'no', '', 'no', ''),
(451, 51, 'Accrued Interest on FD UBI', '', 'Ledger Account', 0, '', 25, 0, 0, 'no', '', 'no', ''),
(452, 51, 'Fixed Deposits UBI', '', 'Ledger Account', 0, '', 25, 0, 0, 'no', '', 'no', ''),
(453, 28, 'Petty Cash - B S Jhala', '', 'Ledger Account', 0, '', 25, 0, 0, 'no', '', 'no', ''),
(455, 2, 'Raj West Power Limited', 'RWPL', 'Customers', 115, 'Yes', 25, 0, 0, 'no', '', 'no', ''),
(456, 2, 'Heavy Water Project Stores', 'Stores Unit', 'Customers', 116, 'Yes', 25, 0, 0, 'no', '', 'no', ''),
(457, 2, 'G.D. Foods Mfg.(I) Pvt. Ltd.', 'G.D. Industrial', 'Customers', 117, 'Yes', 25, 0, 0, 'no', '', 'no', ''),
(458, 2, 'Jai Maaa Sagra Construction ', 'JMSC', 'Customers', 118, 'Yes', 25, 0, 0, 'no', '', 'no', ''),
(459, 2, 'Mark Splendour Nonwovens (P) Limited', 'MSNPL', 'Customers', 119, 'Yes', 25, 0, 0, 'no', '', 'no', ''),
(460, 2, 'Binai Cement Ltd.', 'BCL', 'Customers', 120, 'Yes', 25, 0, 0, 'no', '', 'no', ''),
(461, 2, 'Bestex MM India Pvt. Ltd. ', 'BIPL', 'Customers', 121, 'Yes', 25, 0, 0, 'no', '', 'no', ''),
(462, 2, 'Taya Ceramics Pvt. Ltd. ', 'TCPL', 'Customers', 122, 'Yes', 25, 0, 0, 'no', '', 'no', ''),
(463, 2, 'P.I. Industries Ltd.', 'PIIND-Udaipur ', 'Customers', 123, 'Yes', 25, 0, 0, 'no', '', 'no', ''),
(465, 10, 'Mukesh Jain ', '', 'Employees', 18, '', 25, 0, 0, 'no', '', 'no', ''),
(466, 10, 'Mukesh Jain ', '', 'Employees', 18, '', 26, 0, 0, 'no', '', 'no', ''),
(467, 10, 'Mukesh Jain ', '', 'Employees', 18, '', 27, 0, 0, 'no', '', 'no', ''),
(471, 2, 'Khilari Infrastructure Pvt. Ltd.', 'KIPL', 'Customers', 106, 'Yes', 25, 0, 0, 'no', '', 'no', ''),
(472, 2, 'Shriram Cement Works ', 'Shriram Cement Works ', 'Customers', 107, 'Yes', 25, 0, 0, 'no', '', 'no', ''),
(473, 2, 'Juneja Wires Pvt. Ltd.', 'Juneja Wires Pvt. Ltd.', 'Customers', 109, 'Yes', 25, 0, 0, 'no', '', 'no', ''),
(474, 4, 'SPX Flow Technology Pvt. Ltd.', '', 'Vendors', 1, 'Yes', 25, 0, 0, 'no', '', 'no', ''),
(475, 4, 'Mechneers India', '', 'Vendors', 2, 'Yes', 25, 0, 0, 'no', '', 'no', ''),
(476, 4, 'Tushaco Pumps Pvt. Ltd. ', '', 'Vendors', 3, 'Yes', 25, 0, 0, 'no', '', 'no', ''),
(477, 4, 'Antico Equipment Pvt. Ltd. ', '', 'Vendors', 5, 'Yes', 25, 0, 0, 'no', '', 'no', ''),
(478, 4, 'Positive Metering Pumps Pvt. Ltd. ', '', 'Vendors', 6, 'Yes', 25, 0, 0, 'no', '', 'no', ''),
(479, 4, 'Darling Pumps Pvt. Ltd. ', '', 'Vendors', 7, 'Yes', 25, 0, 0, 'no', '', 'no', ''),
(480, 4, 'Remi Elektrotechnik Limited', '', 'Vendors', 8, 'Yes', 25, 0, 0, 'no', '', 'no', ''),
(481, 4, 'Liqtech Industries', '', 'Vendors', 9, 'Yes', 25, 0, 0, 'no', '', 'no', ''),
(482, 4, 'Tranter India Pvt. Ltd. ', '', 'Vendors', 10, 'Yes', 25, 0, 0, 'no', '', 'no', ''),
(483, 4, 'Filter Concept Pvt. Ltd. ', '', 'Vendors', 11, 'Yes', 25, 0, 0, 'no', '', 'no', ''),
(484, 4, 'Remi Sales And Engg. Ltd.', '', 'Vendors', 12, 'Yes', 25, 0, 0, 'no', '', 'no', ''),
(486, 37, 'Priya Mogra', '', 'Employees', 17, '', 25, 0, 0, 'no', '', 'no', ''),
(487, 5, '14.5', 'VAT @ 14.50 %', 'SaleTaxes', 1, '', 25, 0, 0, 'no', '', 'no', ''),
(488, 5, '5.50', 'VAT @ 5.50%', 'SaleTaxes', 2, '', 25, 0, 0, 'no', '', 'no', ''),
(489, 5, '0', 'NIL CST agst C & E1 Form', 'SaleTaxes', 3, '', 25, 0, 0, 'no', '', 'no', ''),
(490, 5, '2.00', '2% CST against C Form ', 'SaleTaxes', 4, '', 25, 0, 0, 'no', '', 'no', ''),
(493, 4, 'ATUL ENTERPRISES', '', 'Vendors', 13, 'Yes', 25, 0, 0, 'no', '', 'no', ''),
(494, 4, 'ATUL ENTERPRISES', '', 'Vendors', 13, 'Yes', 27, 0, 0, 'no', '', 'no', ''),
(495, 2, 'Ronak Processors Pvt.Ltd', 'RPPL', 'Customers', 124, 'Yes', 25, 0, 0, 'no', '', 'no', ''),
(498, 2, 'Fateh Enviro Engineers Pvt Ltd', 'FEPL', 'Customers', 125, 'Yes', 27, 0, 0, 'no', '', 'no', ''),
(505, 5, '5.50%', 'VAT @ 5.50%', 'SaleTaxes', 2, '', 27, 0, 0, 'no', '', 'no', ''),
(508, 2, 'Reliance Chemotex Industries Limited', 'RCIL', 'Customers', 126, 'Yes', 25, 0, 0, 'no', '', 'no', ''),
(511, 2, 'Tripple Star Agri Pvt. Ltd.', 'TSAPL', 'Customers', 127, 'Yes', 25, 0, 0, 'no', '', 'no', ''),
(512, 2, 'Tripple Star Agri Pvt. Ltd.', 'TSAPL', 'Customers', 127, 'Yes', 26, 0, 0, 'no', '', 'no', ''),
(513, 2, 'Tripple Star Agri Pvt. Ltd.', 'TSAPL', 'Customers', 127, 'Yes', 27, 0, 0, 'no', '', 'no', ''),
(514, 2, 'A.H. Corporation', 'A.H. Corporation', 'Customers', 94, 'Yes', 27, 0, 0, 'no', '', 'no', ''),
(518, 2, 'JCT Limited', 'Integrated Textile Solutions   ', 'Customers', 128, 'Yes', 25, 0, 0, 'no', '', 'no', ''),
(519, 2, 'JCT Limited', 'Integrated Textile Solutions   ', 'Customers', 128, 'Yes', 26, 0, 0, 'no', '', 'no', ''),
(520, 2, 'JCT Limited', 'Integrated Textile Solutions   ', 'Customers', 128, 'Yes', 27, 0, 0, 'no', '', 'no', ''),
(521, 2, 'Otsuka Cemnical (India) Pvt. Ltd.,', 'Otsuka Cemnical (India) Pvt. Ltd.,', 'Customers', 129, 'Yes', 25, 0, 0, 'no', '', 'no', ''),
(523, 4, 'Alloy Steel Traders ', '', 'Vendors', 20, 'Yes', 25, 0, 0, 'no', '', 'no', ''),
(525, 4, 'Alloy Steel Traders ', '', 'Vendors', 20, 'Yes', 27, 0, 0, 'no', '', 'no', ''),
(526, 4, 'Uni Trade India ', '', 'Vendors', 21, 'Yes', 25, 0, 0, 'no', '', 'no', ''),
(528, 4, 'Uni Trade India ', '', 'Vendors', 21, 'Yes', 27, 0, 0, 'no', '', 'no', ''),
(529, 4, 'Sethia Iron  And Steel Co. ', '', 'Vendors', 22, 'Yes', 25, 0, 0, 'no', '', 'no', ''),
(531, 4, 'Sethia Iron  And Steel Co. ', '', 'Vendors', 22, 'Yes', 27, 0, 0, 'no', '', 'no', ''),
(532, 2, 'China Coal No 5 Construction India Pvt. ltd.', 'CCCIL', 'Customers', 130, 'Yes', 25, 0, 0, 'no', '', 'no', ''),
(533, 2, 'China Coal No 5 Construction India Pvt. ltd.', 'CCCIL', 'Customers', 130, 'Yes', 26, 0, 0, 'no', '', 'no', ''),
(534, 2, 'China Coal No 5 Construction India Pvt. ltd.', 'CCCIL', 'Customers', 130, 'Yes', 27, 0, 0, 'no', '', 'no', ''),
(538, 13, 'VAT Purchases', '', 'Ledger Account', 0, '', 25, 0, 0, 'no', '', 'no', ''),
(539, 2, 'RSPL Group', 'RSPL Group', 'Customers', 96, 'Yes', 27, 0, 0, 'no', '', 'no', ''),
(540, 2, 'RSWM Ltd. ', 'Unit - Ringas', 'Customers', 132, 'Yes', 25, 0, 0, 'no', '', 'no', ''),
(543, 2, 'Crystal Chemicals & Engineers', 'CCE', 'Customers', 81, 'Yes', 27, 0, 0, 'no', '', 'no', ''),
(544, 17, 'Discount', '', 'Ledger Account', 0, '', 25, 0, 1, 'no', '', 'no', ''),
(545, 2, 'H.S. Engineering & Marketing', 'HSEM', 'Customers', 67, 'Yes', 27, 0, 0, 'no', '', 'no', ''),
(546, 2, 'RSWM Limited Lodha', 'Lodha Unit', 'Customers', 134, 'Yes', 25, 0, 0, 'no', '', 'no', ''),
(547, 10, 'Jayanti Jain ', '', 'Employees', 19, '', 25, 0, 0, 'no', '', 'no', ''),
(548, 10, 'Jayanti Jain ', '', 'Employees', 19, '', 26, 0, 0, 'no', '', 'no', ''),
(549, 10, 'Jayanti Jain ', '', 'Employees', 19, '', 27, 0, 0, 'no', '', 'no', ''),
(550, 2, 'Havells India Limited', 'HIL(Cable Division)', 'Customers', 135, 'Yes', 25, 0, 0, 'no', '', 'no', ''),
(552, 2, 'Sodexo Food Solution India Pvt. Ltd', '(Jodhpur)', 'Customers', 93, 'Yes', 27, 0, 0, 'no', '', 'no', ''),
(553, 2, 'Shree Radhey Krishna Enterprise', 'SRKE', 'Customers', 136, 'Yes', 25, 0, 0, 'no', '', 'no', ''),
(554, 2, 'Asia Industrial Textile Co. Ltd.', 'AITCL- Kota', 'Customers', 137, 'Yes', 25, 0, 0, 'no', '', 'no', ''),
(555, 4, 'Vacunair Engineering Co. Pvt. Ltd.', '', 'Vendors', 23, 'Yes', 25, 0, 0, 'no', '', 'no', ''),
(567, 6, 'Input Sales Tax', '', 'Ledger Account', 0, '', 25, 0, 0, 'no', '', 'no', ''),
(568, 38, 'Provision for Salary & Wages', '', 'Ledger Account', 0, '', 25, 0, 0, 'no', '', 'no', ''),
(569, 4, 'Blue Star Steel And Fittings', '', 'Vendors', 27, 'Yes', 25, 0, 0, 'no', '', 'no', ''),
(571, 4, 'Blue Star Steel And Fittings', '', 'Vendors', 27, 'Yes', 27, 0, 0, 'no', '', 'no', ''),
(572, 4, 'Hind Machinery And Hardware Mart ', '', 'Vendors', 28, 'Yes', 25, 0, 0, 'no', '', 'no', ''),
(575, 2, 'JINDAL ALUMINIUM LIMITED,', 'Rolling Mill Division ', 'Customers', 138, 'Yes', 27, 0, 0, 'no', '', 'no', ''),
(576, 2, 'JINDAL ALUMINIUM LIMITED,', 'Rolling Mill Division ', 'Customers', 138, 'Yes', 25, 0, 0, 'no', '', 'no', ''),
(579, 38, 'Provision for Salary & Wages', '', 'Ledger Account', 0, '', 27, 0, 0, 'no', '', 'no', ''),
(580, 37, 'Shilpa Trade Links Pvt. Ltd.', '', 'Ledger Account', 0, '', 26, 0, 0, 'no', '', 'no', ''),
(581, 17, 'Discount Expenses', '', 'Ledger Account', 0, '', 27, 0, 0, 'no', '', 'no', ''),
(582, 37, 'Shilpa Trade Links Pvt. Ltd.', '', 'Ledger Account', 0, '', 27, 0, 0, 'no', '', 'no', ''),
(583, 37, 'Shilpa Mechtrad Ltd.', '', 'Ledger Account', 0, '', 27, 0, 0, 'no', '', 'no', ''),
(584, 10, 'Devraj Singh Chouhan ', '', 'Employees', 20, '', 25, 0, 0, 'no', '', 'no', ''),
(586, 10, 'Devraj Singh Chouhan ', '', 'Employees', 20, '', 27, 0, 0, 'no', '', 'no', ''),
(587, 10, 'Pallav Pujari', '', 'Employees', 21, '', 25, 0, 0, 'no', '', 'no', ''),
(589, 10, 'Pallav Pujari', '', 'Employees', 21, '', 27, 0, 0, 'no', '', 'no', ''),
(590, 17, 'Labour Charges', '', 'Ledger Account', 0, '', 26, 0, 0, 'no', '', 'no', ''),
(591, 17, 'Labour Charges', '', 'Ledger Account', 0, '', 27, 0, 0, 'no', '', 'no', ''),
(592, 2, 'Shriram Vinyl & Chemical Industries', 'A Division of DCM Shriram Ltd.', 'Customers', 139, 'Yes', 25, 0, 0, 'no', '', 'no', ''),
(593, 2, 'Prem Sakhi Fertilizers Ltd', 'PSFL', 'Customers', 140, 'Yes', 25, 0, 0, 'no', '', 'no', ''),
(594, 2, 'Prem Sakhi Fertilizers Ltd', 'PSFL', 'Customers', 140, 'Yes', 27, 0, 0, 'no', '', 'no', ''),
(595, 37, 'Shilpa Mechtrad Ltd.', '', 'Ledger Account', 0, '', 25, 0, 0, 'no', '', 'no', ''),
(596, 37, 'Fluid Management & Solutions LLP Current account', '', 'Ledger Account', 0, '', 25, 0, 0, 'no', '', 'no', ''),
(597, 37, 'Fluid Management & Solutions LLP', '', 'Ledger Account', 0, '', 26, 0, 0, 'no', '', 'no', ''),
(598, 38, 'Provision Others', '', 'Ledger Account', 0, '', 25, 0, 0, 'no', '', 'no', ''),
(599, 4, 'Rajdhani Traders ', '', 'Vendors', 29, 'Yes', 25, 0, 0, 'no', '', 'no', ''),
(601, 4, 'Rajdhani Traders ', '', 'Vendors', 29, 'Yes', 27, 0, 0, 'no', '', 'no', ''),
(602, 4, 'Gaylord Enterprise', '', 'Vendors', 30, 'Yes', 25, 0, 0, 'no', '', 'no', ''),
(605, 2, 'Shree Ganesh Electricals', 'SGE', 'Customers', 141, 'Yes', 25, 0, 0, 'no', '', 'no', ''),
(606, 2, 'Shree Ganesh Electricals', 'SGE', 'Customers', 141, 'Yes', 27, 0, 0, 'no', '', 'no', ''),
(607, 2, 'Lucid Colloid Ltd.', 'Lucid Colloid Ltd.', 'Customers', 62, 'Yes', 27, 0, 0, 'no', '', 'no', ''),
(608, 2, 'SHRI SHYAM ENTERPRISES ', 'SSE', 'Customers', 142, 'Yes', 25, 0, 0, 'no', '', 'no', ''),
(609, 2, 'SHRI SHYAM ENTERPRISES ', 'SSE', 'Customers', 142, 'Yes', 27, 0, 0, 'no', '', 'no', ''),
(611, 2, 'Sanjeev Traders', 'Sanjeev Traders', 'Customers', 59, 'Yes', 27, 0, 0, 'no', '', 'no', ''),
(612, 4, 'Industrial Rubber Spares ', '', 'Vendors', 31, 'Yes', 25, 0, 0, 'no', '', 'no', ''),
(613, 4, 'Industrial Rubber Spares ', '', 'Vendors', 31, 'Yes', 27, 0, 0, 'no', '', 'no', ''),
(614, 10, 'Vikram Singh Meena', '', 'Employees', 22, '', 25, 0, 0, 'no', '', 'no', ''),
(615, 2, 'JK Lakshmi Cement Limited', 'JLC- Kalol Unit', 'Customers', 143, 'Yes', 25, 0, 0, 'no', '', 'no', ''),
(617, 2, 'Rajasthan Liquors Ltd', 'Rajasthan Liquors Ltd', 'Customers', 73, 'Yes', 27, 0, 0, 'no', '', 'no', ''),
(618, 2, 'Reliant Drilling Ltd.', 'Reliant Drilling Ltd.', 'Customers', 145, 'Yes', 27, 0, 0, 'no', '', 'no', ''),
(619, 2, 'Therachem Research Medilab (india) Pvt. Ltd.', 'TRM- Jaipur', 'Customers', 146, 'Yes', 27, 0, 0, 'no', '', 'no', ''),
(620, 4, 'K.M. Bandook Wala ', '', 'Vendors', 32, 'Yes', 25, 0, 0, 'no', '', 'no', ''),
(621, 4, 'K.M. Bandook Wala ', '', 'Vendors', 32, 'Yes', 27, 0, 0, 'no', '', 'no', ''),
(622, 28, 'Petty Cash - Jayanti Jain', '', 'Ledger Account', 0, '', 25, 0, 0, 'no', '', 'no', ''),
(623, 2, 'Ahimsa Technical Services', ' Ion Exchange Customer Care Center ', 'Customers', 147, 'Yes', 27, 0, 0, 'no', '', 'no', ''),
(625, 2, 'RSPL Limited', 'RSPL Limited- Bhognipur Unit', 'Customers', 148, 'Yes', 27, 0, 0, 'no', '', 'no', ''),
(626, 38, 'Provision for Sales Tax', '', 'Ledger Account', 0, '', 27, 0, 0, 'no', '', 'no', ''),
(627, 38, 'Provision for Sales Tax', '', 'Ledger Account', 0, '', 26, 0, 0, 'no', '', 'no', ''),
(628, 38, 'Provision for Audit Fees', '', 'Ledger Account', 0, '', 27, 0, 0, 'no', '', 'no', ''),
(629, 38, 'Provision for Audit Fees', '', 'Ledger Account', 0, '', 26, 0, 0, 'no', '', 'no', ''),
(630, 38, 'Provision for Turnover Incentive', '', 'Ledger Account', 0, '', 27, 0, 0, 'no', '', 'no', ''),
(631, 38, 'Provision for Turnover Incentive', '', 'Ledger Account', 0, '', 26, 0, 0, 'no', '', 'no', ''),
(632, 38, 'Provision Others', '', 'Ledger Account', 0, '', 27, 0, 0, 'no', '', 'no', ''),
(633, 38, 'Provision Others', '', 'Ledger Account', 0, '', 26, 0, 0, 'no', '', 'no', ''),
(636, 2, 'RSPL Limited', 'RSPL Limited ( Alwar Unit)', 'Customers', 151, 'Yes', 27, 0, 0, 'no', '', 'no', ''),
(637, 4, 'Artee Flow Pvt. Ltd.', '', 'Vendors', 33, 'Yes', 25, 0, 0, 'no', '', 'no', ''),
(638, 4, 'Artee Flow Pvt. Ltd.', '', 'Vendors', 33, 'Yes', 27, 0, 0, 'no', '', 'no', ''),
(639, 2, 'Chetak Mall', 'Chetak Mall', 'Customers', 152, 'Yes', 25, 0, 0, 'no', '', 'no', ''),
(640, 2, 'Chetak Mall', 'Chetak Mall', 'Customers', 152, 'Yes', 27, 0, 0, 'no', '', 'no', ''),
(641, 53, 'Tax Deducted at Source', '', 'Ledger Account', 0, '', 25, 1, 0, 'no', '', 'no', ''),
(642, 53, 'Tax Deducted at Source', '', 'Ledger Account', 0, '', 26, 1, 0, 'no', '', 'no', ''),
(643, 53, 'Tax Deducted at Source', '', 'Ledger Account', 0, '', 27, 1, 0, 'no', '', 'no', ''),
(644, 2, 'J.K Cement Works, Muddapur', 'Unit:J. K Cement Ltd.', 'Customers', 153, 'Yes', 25, 0, 0, 'no', '', 'no', ''),
(645, 6, 'Input Sales Tax', '', 'Ledger Account', 0, '', 27, 2, 0, 'no', '', 'no', ''),
(647, 5, '2', '', 'SaleTaxes', 4, '', 27, 0, 0, 'no', '', 'no', ''),
(654, 5, '14.5', 'VAT @ 14.50 %', 'SaleTaxes', 1, '', 27, 0, 0, 'no', '', 'no', ''),
(655, 4, 'Bombay Hardware Store ', '', 'Vendors', 34, 'Yes', 25, 0, 0, 'no', '', 'no', ''),
(656, 4, 'Bombay Hardware Store ', '', 'Vendors', 34, 'Yes', 27, 0, 0, 'no', '', 'no', ''),
(657, 4, 'Prakash Brother ', '', 'Vendors', 35, 'Yes', 25, 0, 0, 'no', '', 'no', ''),
(658, 4, 'Prakash Brother ', '', 'Vendors', 35, 'Yes', 27, 0, 0, 'no', '', 'no', ''),
(659, 2, 'RSWM Ltd', 'RSWM-Unit KanyaKheri', 'Customers', 154, 'Yes', 25, 0, 0, 'no', '', 'no', ''),
(660, 2, 'Shree Cement Ltd (Suratgarh Cement Grinding Project),', 'Shree Cement Ltd (Suratgarh Cement Grinding Project),', 'Customers', 155, 'Yes', 25, 0, 0, 'no', '', 'no', ''),
(661, 38, 'Provision for Salary & Wages', '', 'Ledger Account', 0, '', 26, 3, 0, 'no', '', 'no', ''),
(662, 2, 'Ambatech Engineering', 'OEM-Bhiwadi', 'Customers', 156, 'Yes', 27, 0, 0, 'no', '', 'no', ''),
(663, 2, 'Wasser Technochem (India) Ltd.', 'WTIL', 'Customers', 71, 'Yes', 27, 0, 0, 'no', '', 'no', ''),
(664, 4, 'PADMANSHA TECHNOLOGIES PVT LTD', '', 'Vendors', 36, 'Yes', 25, 0, 0, 'no', '', 'no', ''),
(665, 4, 'PADMANSHA TECHNOLOGIES PVT LTD', '', 'Vendors', 36, 'Yes', 27, 0, 0, 'no', '', 'no', ''),
(669, 2, 'Power Equipment', 'OEM-Kota', 'Customers', 157, 'Yes', 27, 0, 0, 'no', '', 'no', ''),
(670, 2, 'Max Consultaants ', 'Max Consultaants ', 'Customers', 158, 'Yes', 25, 0, 0, 'no', '', 'no', ''),
(671, 2, 'Max Consultaants ', 'Max Consultaants ', 'Customers', 158, 'Yes', 27, 0, 0, 'no', '', 'no', ''),
(672, 2, 'RSPL Limited ( Unit - Raipur)', 'RSPL Limited ( Unit - Raipur)', 'Customers', 159, 'Yes', 27, 0, 0, 'no', '', 'no', ''),
(673, 4, 'Vimal Motors ', '', 'Vendors', 37, 'Yes', 25, 0, 0, 'no', '', 'no', ''),
(674, 4, 'Vimal Motors ', '', 'Vendors', 37, 'Yes', 27, 0, 0, 'no', '', 'no', ''),
(675, 2, 'Shree System Enterprises', 'SSE', 'Customers', 160, 'Yes', 25, 0, 0, 'no', '', 'no', ''),
(676, 2, 'Shree System Enterprises', 'SSE', 'Customers', 160, 'Yes', 27, 0, 0, 'no', '', 'no', ''),
(677, 10, 'Yunus Khan', '', 'Ledger Account', 0, '', 26, 4, 0, 'no', '', 'no', ''),
(678, 40, 'Security Deposit - Dev Narayan', '', 'Ledger Account', 0, '', 26, 5, 0, 'no', '', 'no', ''),
(679, 40, 'Security Deposit - Others', '', 'Ledger Account', 0, '', 26, 6, 0, 'no', '', 'no', ''),
(680, 40, 'Deposit - Pallav Pujari', '', 'Ledger Account', 0, '', 27, 7, 0, 'no', '', 'no', ''),
(681, 40, 'Deposit - Devraj Chouhan', '', 'Ledger Account', 0, '', 27, 8, 0, 'no', '', 'no', ''),
(682, 2, 'Lucky Biscuits Factory ', 'Lucky Biscuits Factory ', 'Customers', 161, 'Yes', 27, 0, 0, 'no', '', 'no', ''),
(683, 40, 'Security Deposit - Feroz Khan', '', 'Ledger Account', 0, '', 25, 9, 0, 'no', '', 'no', ''),
(684, 10, 'Lehari Lal', '', 'Ledger Account', 0, '', 27, 10, 0, 'no', '', 'no', ''),
(685, 37, 'Priya Mogra', '', 'Employees', 17, '', 27, 0, 0, 'no', '', 'no', ''),
(686, 37, 'Priya Mogra', '', 'Employees', 17, '', 26, 0, 0, 'no', '', 'no', ''),
(687, 40, 'Deposit - Lehari Lal', '', 'Ledger Account', 0, '', 27, 11, 0, 'no', '', 'no', ''),
(688, 2, 'H S Engineering and Marketing', 'H S Engineering and Marketing', 'Customers', 162, 'Yes', 27, 0, 0, 'no', '', 'no', ''),
(689, 4, 'Acquitech Engineers Pvt. Ltd.', '', 'Vendors', 38, 'Yes', 25, 0, 0, 'no', '', 'no', ''),
(690, 4, 'Acquitech Engineers Pvt. Ltd.', '', 'Vendors', 38, 'Yes', 27, 0, 0, 'no', '', 'no', ''),
(691, 2, 'Wolkem India Limited', 'WIL', 'Customers', 163, 'Yes', 25, 0, 0, 'no', '', 'no', ''),
(692, 2, 'Wolkem India Limited', 'WIL', 'Customers', 163, 'Yes', 27, 0, 0, 'no', '', 'no', ''),
(693, 2, 'The Leela Palace Udaipur', 'The Leela Palace Udaipur', 'Customers', 164, 'Yes', 25, 0, 0, 'no', '', 'no', ''),
(694, 2, 'The Leela Palace Udaipur', 'The Leela Palace Udaipur', 'Customers', 164, 'Yes', 27, 0, 0, 'no', '', 'no', ''),
(695, 2, 'Fluid Management & Solutions LLP', 'Fluid Management & Solutions LLP', 'Customers', 165, 'Yes', 25, 0, 0, 'no', '', 'no', ''),
(696, 2, 'Fluid Management & Solutions LLP', 'Fluid Management & Solutions LLP', 'Customers', 165, 'Yes', 26, 0, 0, 'no', '', 'no', ''),
(697, 2, 'Relaxo Footwears Ltd', 'Relaxo Footwears Ltd-Unit III', 'Customers', 166, 'Yes', 25, 0, 0, 'no', '', 'no', ''),
(698, 2, 'Relaxo Footwears Ltd', 'Relaxo Footwears Ltd-Unit III', 'Customers', 166, 'Yes', 27, 0, 0, 'no', '', 'no', ''),
(699, 2, 'Emami Cement Limited', 'Unit-Risda', 'Customers', 167, 'Yes', 25, 0, 0, 'no', '', 'no', ''),
(700, 2, 'Emami Cement Limited', 'Unit-Risda', 'Customers', 167, 'Yes', 27, 0, 0, 'no', '', 'no', ''),
(701, 2, 'RSPL Limited-(Unit -Dhar)', 'RSPL Limited-(Unit -Dhar)', 'Customers', 168, 'Yes', 27, 0, 0, 'no', '', 'no', ''),
(702, 2, 'HSIL Limited', 'HSIL Limited', 'Customers', 169, 'Yes', 25, 0, 0, 'no', '', 'no', ''),
(703, 2, 'HSIL Limited', 'HSIL Limited', 'Customers', 169, 'Yes', 27, 0, 0, 'no', '', 'no', ''),
(704, 2, 'Mahindra & Mahindra Ltd.', 'Mahindra & Mahindra Ltd.-Jaipur', 'Customers', 170, 'Yes', 25, 0, 0, 'no', '', 'no', ''),
(705, 19, 'Insurance Expenses', '', 'Ledger Account', 0, '', 25, 12, 0, 'no', '', 'no', ''),
(706, 19, 'Insurance Expenses', '', 'Ledger Account', 0, '', 26, 12, 0, 'no', '', 'no', ''),
(707, 19, 'Insurance Expenses', '', 'Ledger Account', 0, '', 27, 12, 0, 'no', '', 'no', ''),
(708, 2, 'Don Construction Chemicals India Limited', 'DCCIL-Jaipur', 'Customers', 171, 'Yes', 27, 0, 0, 'no', '', 'no', ''),
(709, 2, 'J.K Cement Works', 'J.K Cement Works-Nimbahera', 'Customers', 172, 'Yes', 25, 0, 0, 'no', '', 'no', ''),
(710, 4, 'Matrix India', '', 'Vendors', 19, 'Yes', 25, 0, 0, 'no', '', 'no', ''),
(711, 2, 'Minaxi Industries', 'Minaxi Industries-Balotra', 'Customers', 173, 'Yes', 27, 0, 0, 'no', '', 'no', '');
INSERT INTO `ledger_accounts` (`id`, `account_second_subgroup_id`, `name`, `alias`, `source_model`, `source_id`, `bill_to_bill_account`, `company_id`, `auto_inc`, `invoice_booking_other_charge_post`, `expense_tracking`, `grn_invoice`, `purchase_account`, `gst_type`) VALUES
(712, 4, ' Aryan Vidyut Yantralaya ', '', 'Vendors', 39, 'Yes', 25, 0, 0, 'no', '', 'no', ''),
(713, 4, ' Aryan Vidyut Yantralaya ', '', 'Vendors', 39, 'Yes', 27, 0, 0, 'no', '', 'no', ''),
(714, 4, 'Tempsens Instruments I Pvt. Ltd. ', '', 'Vendors', 40, 'Yes', 25, 0, 0, 'no', '', 'no', ''),
(715, 4, 'Tempsens Instruments I Pvt. Ltd. ', '', 'Vendors', 40, 'Yes', 27, 0, 0, 'no', '', 'no', ''),
(716, 2, 'Shriram Power Plant', 'Shriram Power Plant', 'Customers', 174, 'Yes', 25, 0, 0, 'no', '', 'no', ''),
(717, 2, 'Bihar Cement Plant ( A Unit of Shree Cement Ltd )', 'Bihar Cement Plant ( A Unit of Shree Cement Ltd )', 'Customers', 175, 'Yes', 25, 0, 0, 'no', '', 'no', ''),
(718, 2, 'UP Grinding Unit', '(A Unit of Shree Cement Ltd)', 'Customers', 176, 'Yes', 25, 0, 0, 'no', '', 'no', ''),
(719, 2, 'UP Grinding Unit', '(A Unit of Shree Cement Ltd)', 'Customers', 176, 'Yes', 27, 0, 0, 'no', '', 'no', ''),
(720, 23, 'Labour & Service Charges', '', 'Ledger Account', 0, '', 25, 13, 0, 'no', '', 'no', ''),
(721, 23, 'Labour & Service Charges', '', 'Ledger Account', 0, '', 26, 13, 0, 'no', '', 'no', ''),
(722, 23, 'Labour & Service Charges', '', 'Ledger Account', 0, '', 27, 13, 0, 'no', '', 'no', ''),
(723, 10, 'Mahendra Kunar Darji', '', 'Employees', 24, '', 25, 0, 0, 'no', '', 'no', ''),
(725, 10, 'Mahendra Kunar Darji', '', 'Employees', 24, '', 27, 0, 0, 'no', '', 'no', ''),
(726, 2, 'JSR Engineering & Associates', 'JSR Engineering & Associates', 'Customers', 177, 'Yes', 25, 0, 0, 'no', '', 'no', ''),
(727, 2, 'JSR Engineering & Associates', 'JSR Engineering & Associates', 'Customers', 177, 'Yes', 27, 0, 0, 'no', '', 'no', ''),
(728, 2, 'Bhansali Engineering Polymers Ltd', 'BEPL', 'Customers', 178, 'Yes', 25, 0, 0, 'no', '', 'no', ''),
(729, 2, 'Bhansali Engineering Polymers Ltd', 'BEPL', 'Customers', 178, 'Yes', 27, 0, 0, 'no', '', 'no', ''),
(731, 5, 'SGST @ 6 %', '', 'Ledger Account', 0, '', 27, 14, 0, 'no', '', 'no', ''),
(733, 5, 'CGST @ 6 %', '', 'Ledger Account', 0, '', 27, 15, 0, 'no', '', 'no', ''),
(735, 5, 'SGST @ 14 %', '', 'Ledger Account', 0, '', 27, 16, 0, 'no', '', 'no', ''),
(737, 5, 'CGST @ 14 %', '', 'Ledger Account', 0, '', 27, 17, 0, 'no', '', 'no', ''),
(739, 5, 'IGST @ 6 %', '', 'Ledger Account', 0, '', 27, 18, 0, 'no', '', 'no', ''),
(741, 5, 'IGST @ 18 %', '', 'Ledger Account', 0, '', 27, 19, 0, 'no', '', 'no', ''),
(743, 5, 'IGST @ 12 %', '', 'Ledger Account', 0, '', 27, 20, 0, 'no', '', 'no', ''),
(745, 5, 'SGST @ 9 %', '', 'Ledger Account', 0, '', 27, 21, 0, 'no', '', 'no', ''),
(747, 5, 'CGST @ 9 %', '', 'Ledger Account', 0, '', 27, 22, 0, 'no', '', 'no', ''),
(748, 2, 'Shilpa Trade Links Pvt. Ltd.', 'Shilpa Trade Links Pvt. Ltd.', 'Customers', 179, 'Yes', 27, 0, 0, 'no', '', 'no', ''),
(751, 5, '12', '12 % GST', 'SaleTaxes', 7, '', 27, 0, 0, 'no', '', 'no', ''),
(752, 5, '6', 'CGST 6%', 'SaleTaxes', 8, '', 25, 0, 0, 'no', '', 'no', ''),
(754, 5, '6', 'CGST 6%', 'SaleTaxes', 8, '', 27, 0, 0, 'no', '', 'no', ''),
(755, 5, '9', 'CGST 9%', 'SaleTaxes', 9, '', 25, 0, 0, 'no', '', 'no', ''),
(757, 5, '9', 'CGST 9%', 'SaleTaxes', 9, '', 27, 0, 0, 'no', '', 'no', ''),
(758, 5, '14', 'CGST 14%', 'SaleTaxes', 10, '', 25, 0, 0, 'no', '', 'no', ''),
(760, 5, '14', 'CGST 14%', 'SaleTaxes', 10, '', 27, 0, 0, 'no', '', 'no', ''),
(761, 5, '6', 'SGST 6%', 'SaleTaxes', 11, '', 25, 0, 0, 'no', '', 'no', ''),
(763, 5, '6', 'SGST 6%', 'SaleTaxes', 11, '', 27, 0, 0, 'no', '', 'no', ''),
(764, 5, '9', 'SGST 9%', 'SaleTaxes', 12, '', 25, 0, 0, 'no', '', 'no', ''),
(766, 5, '9', 'SGST 9%', 'SaleTaxes', 12, '', 27, 0, 0, 'no', '', 'no', ''),
(767, 5, '14', 'SGST 14 %', 'SaleTaxes', 13, '', 25, 0, 0, 'no', '', 'no', ''),
(769, 5, '14', 'SGST 14 %', 'SaleTaxes', 13, '', 27, 0, 0, 'no', '', 'no', ''),
(770, 5, '12', 'IGST 12%', 'SaleTaxes', 14, '', 25, 0, 0, 'no', '', 'no', ''),
(772, 5, '12', 'IGST 12%', 'SaleTaxes', 14, '', 27, 0, 0, 'no', '', 'no', ''),
(773, 5, '18', 'IGST 18%', 'SaleTaxes', 15, '', 25, 0, 0, 'no', '', 'no', ''),
(775, 5, '18', 'IGST 18%', 'SaleTaxes', 15, '', 27, 0, 0, 'no', '', 'no', ''),
(776, 5, '28', 'IGST 28%', 'SaleTaxes', 16, '', 25, 0, 0, 'no', '', 'no', ''),
(778, 5, '28', 'IGST 28%', 'SaleTaxes', 16, '', 27, 0, 0, 'no', '', 'no', ''),
(779, 5, '2', '', 'SaleTaxes', 5, '', 25, 0, 0, 'no', '', 'no', ''),
(781, 4, 'Rolon Seals ', '', 'Vendors', 41, 'Yes', 25, 0, 0, 'no', '', 'no', ''),
(782, 4, 'Rolon Seals ', '', 'Vendors', 41, 'Yes', 27, 0, 0, 'no', '', 'no', ''),
(783, 10, 'Feroz Khan', '', 'Ledger Account', 0, '', 25, 24, 0, 'no', '', 'no', ''),
(784, 2, 'Ravi Infra Projects Pvt Ltd', 'Ravi Infra Projects Pvt Ltd', 'Customers', 180, 'Yes', 25, 0, 0, 'no', '', 'no', ''),
(785, 2, 'Ravi Infra Projects Pvt Ltd', 'Ravi Infra Projects Pvt Ltd', 'Customers', 180, 'Yes', 27, 0, 0, 'no', '', 'no', ''),
(786, 4, ' Bahubali Rubber Industries ', '', 'Vendors', 42, 'Yes', 25, 0, 0, 'no', '', 'no', ''),
(787, 4, ' Bahubali Rubber Industries ', '', 'Vendors', 42, 'Yes', 27, 0, 0, 'no', '', 'no', ''),
(788, 40, 'Deposit - Mahendra Darji', '', 'Ledger Account', 0, '', 27, 25, 0, 'no', '', 'no', ''),
(789, 2, 'Guljag Industeris Ltd', 'Guljag Industeris Ltd', 'Customers', 181, 'Yes', 25, 0, 0, 'no', '', 'no', ''),
(790, 2, 'Guljag Industeris Ltd', 'Guljag Industeris Ltd', 'Customers', 181, 'Yes', 27, 0, 0, 'no', '', 'no', ''),
(791, 4, 'Shilpa Trade Link Pvt. Ltd. ', '', 'Vendors', 43, 'Yes', 25, 0, 0, 'no', '', 'no', ''),
(792, 4, 'Shilpa Trade Link Pvt. Ltd. ', '', 'Vendors', 43, 'Yes', 27, 0, 0, 'no', '', 'no', ''),
(793, 4, 'Fluid Management And Solutions LLP ', '', 'Vendors', 44, 'Yes', 25, 0, 0, 'no', '', 'no', ''),
(794, 4, 'Fluid Management And Solutions LLP ', '', 'Vendors', 44, 'Yes', 27, 0, 0, 'no', '', 'no', ''),
(795, 4, 'Arun Hydraulics ', '', 'Vendors', 45, 'Yes', 25, 0, 0, 'no', '', 'no', ''),
(796, 4, 'Arun Hydraulics ', '', 'Vendors', 45, 'Yes', 27, 0, 0, 'no', '', 'no', ''),
(797, 14, 'Purchase IGST', '', 'Ledger Account', 0, '', 25, 26, 0, 'no', '', 'yes', 'IGST'),
(798, 14, 'Purchase IGST', '', 'Ledger Account', 0, '', 27, 26, 0, 'no', '', 'no', ''),
(799, 13, 'Purchase GST', '', 'Ledger Account', 0, '', 25, 27, 0, 'no', '', 'yes', 'GST'),
(800, 13, 'Purchase GST', '', 'Ledger Account', 0, '', 27, 27, 0, 'no', '', 'no', ''),
(802, 6, 'Input SGST', '', 'Ledger Account', 0, '', 27, 28, 0, 'no', '', 'no', ''),
(804, 6, 'Input CGST', '', 'Ledger Account', 0, '', 27, 29, 0, 'no', '', 'no', ''),
(806, 6, 'Input IGST', '', 'Ledger Account', 0, '', 27, 30, 0, 'no', '', 'no', ''),
(807, 2, 'Shilpa Trade Links Pvt. Ltd.', 'Shilpa Trade Links Pvt. Ltd.', 'Customers', 179, 'Yes', 26, 0, 0, 'no', '', 'no', ''),
(808, 2, 'Bhiwadi Jal Pradushan Niwaran Trust', 'BJPNT-Bhiwadi', 'Customers', 182, 'Yes', 27, 0, 0, 'no', '', 'no', ''),
(809, 2, 'RSWM LTD', 'Fabrics Division', 'Customers', 183, 'Yes', 25, 0, 0, 'no', '', 'no', ''),
(810, 2, 'RSWM LTD', 'Fabrics Division', 'Customers', 183, 'Yes', 26, 0, 0, 'no', '', 'no', ''),
(811, 2, 'RSWM LTD', 'Fabrics Division', 'Customers', 183, 'Yes', 27, 0, 0, 'no', '', 'no', ''),
(812, 2, 'Gill Brothers', 'Gill Brothers', 'Customers', 184, 'Yes', 25, 0, 0, 'no', '', 'no', ''),
(813, 4, 'Bhatnagar Engineers ', '', 'Vendors', 46, 'Yes', 25, 0, 0, 'no', '', 'no', ''),
(814, 4, 'Bhatnagar Engineers ', '', 'Vendors', 46, 'Yes', 27, 0, 0, 'no', '', 'no', ''),
(815, 4, 'Kamini Insulation Centre ', '', 'Vendors', 47, 'Yes', 25, 0, 0, 'no', '', 'no', ''),
(816, 4, 'Kamini Insulation Centre ', '', 'Vendors', 47, 'Yes', 27, 0, 0, 'no', '', 'no', ''),
(817, 2, 'Bharat Timber & Construction Co.', 'BTCC', 'Customers', 185, 'Yes', 27, 0, 0, 'no', '', 'no', ''),
(819, 2, 'Janki Corp Limited', 'Janki Corp Limited', 'Customers', 186, 'Yes', 27, 0, 0, 'no', '', 'no', ''),
(820, 6, '6', 'CGST 6 % Input', 'SaleTaxes', 17, '', 25, 0, 0, 'no', '', 'no', ''),
(821, 6, '6', 'CGST 6 % Input', 'SaleTaxes', 17, '', 27, 0, 0, 'no', '', 'no', ''),
(822, 6, '6', 'SGST 6 % Input', 'SaleTaxes', 18, '', 25, 0, 0, 'no', '', 'no', ''),
(823, 6, '6', 'SGST 6 % Input', 'SaleTaxes', 18, '', 27, 0, 0, 'no', '', 'no', ''),
(824, 6, '9', 'CGST 9 % Input', 'SaleTaxes', 19, '', 25, 0, 0, 'no', '', 'no', ''),
(825, 6, '9', 'CGST 9 % Input', 'SaleTaxes', 19, '', 27, 0, 0, 'no', '', 'no', ''),
(826, 6, '9', 'SGST 9 % Input', 'SaleTaxes', 20, '', 25, 0, 0, 'no', '', 'no', ''),
(827, 6, '9', 'SGST 9 % Input', 'SaleTaxes', 20, '', 27, 0, 0, 'no', '', 'no', ''),
(828, 6, '14', 'CGST 14 % Input', 'SaleTaxes', 21, '', 25, 0, 0, 'no', '', 'no', ''),
(829, 6, '14', 'CGST 14 % Input', 'SaleTaxes', 21, '', 27, 0, 0, 'no', '', 'no', ''),
(830, 6, '14', 'SGST 14 % Input', 'SaleTaxes', 22, '', 25, 0, 0, 'no', '', 'no', ''),
(831, 6, '14', 'SGST 14 % Input', 'SaleTaxes', 22, '', 27, 0, 0, 'no', '', 'no', ''),
(832, 6, '12', 'IGST 12 % Input', 'SaleTaxes', 23, '', 25, 0, 0, 'no', '', 'no', ''),
(833, 6, '12', 'IGST 12 % Input', 'SaleTaxes', 23, '', 27, 0, 0, 'no', '', 'no', ''),
(834, 6, '18', 'IGST 18 % Input', 'SaleTaxes', 24, '', 25, 0, 0, 'no', '', 'no', ''),
(835, 6, '18', 'IGST 18 % Input', 'SaleTaxes', 24, '', 27, 0, 0, 'no', '', 'no', ''),
(836, 6, '28', 'IGST 28 % Input', 'SaleTaxes', 25, '', 25, 0, 0, 'no', '', 'no', ''),
(837, 6, '28', 'IGST 28 % Input', 'SaleTaxes', 25, '', 27, 0, 0, 'no', '', 'no', ''),
(838, 37, 'Shilpa Mechtrad Ltd', '', 'Vendors', 48, 'Yes', 25, 0, 0, 'no', '', 'no', ''),
(839, 37, 'Shilpa Mechtrad Ltd', '', 'Vendors', 48, 'Yes', 27, 0, 0, 'no', '', 'no', ''),
(840, 5, '0', 'Zero Composition', 'SaleTaxes', 26, '', 25, 0, 0, 'no', '', 'no', ''),
(841, 5, '0', 'Zero Composition', 'SaleTaxes', 26, '', 26, 0, 0, 'no', '', 'no', ''),
(842, 5, '0', 'Zero Composition', 'SaleTaxes', 26, '', 27, 0, 0, 'no', '', 'no', ''),
(843, 40, 'Deposit - Others', '', 'Ledger Account', 0, '', 26, 31, 0, 'no', '', 'no', ''),
(844, 40, 'Deposit - Others', '', 'Ledger Account', 0, '', 27, 31, 0, 'no', '', 'no', ''),
(845, 40, 'Deposit - Rajendra Mehta', '', 'Ledger Account', 0, '', 27, 32, 0, 'no', '', 'no', ''),
(846, 11, 'Unsecured Loan - Anshul Mogra', '', 'Ledger Account', 0, '', 26, 33, 0, 'no', '', 'no', ''),
(847, 11, 'Unsecured Loan - Anshul Mogra', '', 'Ledger Account', 0, '', 27, 33, 0, 'no', '', 'no', ''),
(848, 11, 'Unsecured Loan - K S Mogra', '', 'Ledger Account', 0, '', 27, 34, 0, 'no', '', 'no', ''),
(849, 12, 'Unsecured Loan - Jaswant Jain', '', 'Ledger Account', 0, '', 27, 35, 0, 'no', '', 'no', ''),
(850, 12, 'Unsecured Loan - Anjana Jain', '', 'Ledger Account', 0, '', 27, 36, 0, 'no', '', 'no', ''),
(851, 32, 'Capital Account - Anshul Mogra', '', 'Ledger Account', 0, '', 27, 37, 0, 'no', '', 'no', ''),
(852, 33, 'Reserves & Surplus', '', 'Ledger Account', 0, '', 27, 38, 0, 'no', '', 'no', ''),
(853, 4, 'Taha Insulation And Machineries', '', 'Vendors', 49, 'Yes', 25, 0, 0, 'no', '', 'no', ''),
(854, 4, 'Taha Insulation And Machineries', '', 'Vendors', 49, 'Yes', 27, 0, 0, 'no', '', 'no', ''),
(855, 4, 'Shilpa Mechtrad Ltd', '', 'Vendors', 50, 'Yes', 25, 0, 0, 'no', '', 'no', ''),
(856, 4, 'Shilpa Mechtrad Ltd', '', 'Vendors', 50, 'Yes', 26, 0, 0, 'no', '', 'no', ''),
(857, 4, 'Shilpa Mechtrad Ltd', '', 'Vendors', 50, 'Yes', 27, 0, 0, 'no', '', 'no', ''),
(858, 44, 'Accrued Depreciation - Laptop, Computer & Printer', '', 'Ledger Account', 0, '', 25, 39, 0, 'no', '', 'no', ''),
(859, 44, 'Accrued Depreciation - Laptop, Computer & Printer', '', 'Ledger Account', 0, '', 26, 39, 0, 'no', '', 'no', ''),
(860, 44, 'Accrued Depreciation - Laptop, Computer & Printer', '', 'Ledger Account', 0, '', 27, 39, 0, 'no', '', 'no', ''),
(861, 44, 'Accrued Depreciation - Plant & Machinery', '', 'Ledger Account', 0, '', 25, 40, 0, 'no', '', 'no', ''),
(862, 44, 'Accrued Depreciation - Plant & Machinery', '', 'Ledger Account', 0, '', 26, 40, 0, 'no', '', 'no', ''),
(863, 44, 'Accrued Depreciation - Plant & Machinery', '', 'Ledger Account', 0, '', 27, 40, 0, 'no', '', 'no', ''),
(864, 4, 'Hardik Engineers', '', 'Vendors', 51, 'Yes', 25, 0, 0, 'no', '', 'no', ''),
(866, 2, 'Kalpataru Power Transmission Limited', 'KPTL', 'Customers', 187, 'Yes', 25, 0, 0, 'no', '', 'no', ''),
(867, 2, 'S N Chemicals', 'S N Chemicals-Bhilwara', 'Customers', 188, 'Yes', 27, 0, 0, 'no', '', 'no', ''),
(868, 11, 'Unsecured Loan - Priya Mogra', '', 'Ledger Account', 0, '', 25, 41, 0, 'no', '', 'no', ''),
(869, 11, 'Unsecured Loan - Priya Mogra', '', 'Ledger Account', 0, '', 27, 41, 0, 'no', '', 'no', ''),
(870, 2, 'Mangalam Cement Ltd.', 'Mangalam Cement Ltd.-Aligarh', 'Customers', 189, 'Yes', 25, 0, 0, 'no', '', 'no', ''),
(871, 2, 'NBC Bearing Ltd.', 'NBC Bearing Ltd.-NEI', 'Customers', 190, 'Yes', 25, 0, 0, 'no', '', 'no', ''),
(872, 4, 'Pearl Radiance Furnitures ', '', 'Vendors', 52, '', 25, 0, 0, 'no', '', 'no', ''),
(873, 4, 'Pearl Radiance Furnitures ', '', 'Vendors', 52, '', 27, 0, 0, 'no', '', 'no', ''),
(874, 4, 'ATE Enterprises Pvt Ltd', '', 'Vendors', 53, '', 25, 0, 0, 'no', '', 'no', ''),
(875, 4, 'ATE Enterprises Pvt Ltd', '', 'Vendors', 53, '', 27, 0, 0, 'no', '', 'no', ''),
(876, 17, 'Discount', '', 'Ledger Account', 0, '', 26, 0, 1, 'no', '', 'no', ''),
(877, 17, 'Discount', '', 'Ledger Account', 0, '', 27, 0, 1, 'no', '', 'no', ''),
(878, 4, 'Mewar Steel ', '', 'Vendors', 54, '', 25, 0, 0, 'no', '', 'no', ''),
(879, 4, 'Mewar Steel ', '', 'Vendors', 54, '', 27, 0, 0, 'no', '', 'no', ''),
(880, 2, 'Gulshan Chemicals Ltd.,', 'Gulshan Chemicals Ltd.,', 'Customers', 191, 'Yes', 27, 0, 0, 'no', '', 'no', ''),
(882, 17, 'Purchase Freight ( Reverse Charge )', '', 'Ledger Account', 0, '', 25, 42, 0, 'no', '', 'no', ''),
(883, 17, 'Purchase Freight ( Reverse Charge )', '', 'Ledger Account', 0, '', 27, 42, 0, 'no', '', 'no', ''),
(884, 18, 'Sales Freight ( Reverse Charge )', '', 'Ledger Account', 0, '', 25, 43, 0, 'no', '', 'no', ''),
(885, 18, 'Sales Freight ( Reverse Charge )', '', 'Ledger Account', 0, '', 27, 43, 0, 'no', '', 'no', ''),
(886, 4, 'Lubgraf Products ', '', 'Vendors', 55, 'Yes', 25, 0, 0, 'no', '', 'no', ''),
(887, 4, 'Lubgraf Products ', '', 'Vendors', 55, 'Yes', 27, 0, 0, 'no', '', 'no', ''),
(888, 4, 'Rajasthan Iron Store ', '', 'Vendors', 56, '', 25, 0, 0, 'no', '', 'no', ''),
(889, 4, 'Rajasthan Iron Store ', '', 'Vendors', 56, '', 27, 0, 0, 'no', '', 'no', ''),
(890, 4, 'Machbow Products ', '', 'Vendors', 57, 'Yes', 25, 0, 0, 'no', '', 'no', ''),
(891, 4, 'Machbow Products ', '', 'Vendors', 57, '', 27, 0, 0, 'no', '', 'no', ''),
(892, 2, 'A.M. Beston Suppliers', 'A.M. Beston Suppliers', 'Customers', 193, 'Yes', 27, 0, 0, 'no', '', 'no', ''),
(893, 2, 'Alka Laboratories Pvt. Ltd.,', 'ALPL', 'Customers', 194, 'Yes', 25, 0, 0, 'no', '', 'no', ''),
(895, 6, '5', 'Input IGST @ 5%', 'SaleTaxes', 27, '', 27, 0, 0, 'no', '', 'no', ''),
(896, 6, '5', 'Input IGST @ 5%', 'SaleTaxes', 27, '', 25, 0, 0, 'no', '', 'no', ''),
(897, 5, '0', 'CGST 0%', 'SaleTaxes', 28, '', 25, 0, 0, 'no', '', 'no', ''),
(898, 5, '0', 'CGST 0%', 'SaleTaxes', 28, '', 26, 0, 0, 'no', '', 'no', ''),
(899, 5, '0', 'CGST 0%', 'SaleTaxes', 28, '', 27, 0, 0, 'no', '', 'no', ''),
(900, 5, '0', 'SGST 0%', 'SaleTaxes', 29, '', 25, 0, 0, 'no', '', 'no', ''),
(901, 5, '0', 'SGST 0%', 'SaleTaxes', 29, '', 26, 0, 0, 'no', '', 'no', ''),
(902, 5, '0', 'SGST 0%', 'SaleTaxes', 29, '', 27, 0, 0, 'no', '', 'no', ''),
(903, 2, 'Toshcon Jesco (India) Pvt. Ltd.,', 'Toshcon Jesco (India) Pvt. Ltd.,', 'Customers', 195, 'Yes', 27, 0, 0, 'no', '', 'no', ''),
(904, 4, 'Vijay Steel Tube Co. ', '', 'Vendors', 58, 'Yes', 25, 0, 0, 'no', '', 'no', ''),
(905, 4, 'Vijay Steel Tube Co. ', '', 'Vendors', 58, '', 27, 0, 0, 'no', '', 'no', ''),
(906, 6, '5', 'IGST 5 % Input', 'SaleTaxes', 30, '', 25, 0, 0, 'no', '', 'no', ''),
(907, 6, '5', 'IGST 5 % Input', 'SaleTaxes', 30, '', 26, 0, 0, 'no', '', 'no', ''),
(908, 6, '5', 'IGST 5 % Input', 'SaleTaxes', 30, '', 27, 0, 0, 'no', '', 'no', ''),
(909, 2, 'S-CCI INDIA PVT. LTD.', 'S-CCI INDIA PVT. LTD.', 'Customers', 196, 'Yes', 25, 0, 0, 'no', '', 'no', ''),
(910, 2, 'Vandana Enterprises', 'Vandana Enterprises', 'Customers', 197, 'Yes', 27, 0, 0, 'no', '', 'no', ''),
(911, 2, 'Hitech Engineers', 'Hitech Engineers', 'Customers', 198, 'Yes', 27, 0, 0, 'no', '', 'no', ''),
(912, 2, 'Asian Colour Coated Ispat Ltd.', 'ACCIL-Bawal', 'Customers', 144, 'Yes', 25, 0, 0, 'no', '', 'no', ''),
(913, 2, 'Deccan Cement Limited', 'DCL', 'Customers', 199, 'Yes', 27, 0, 0, 'no', '', 'no', ''),
(914, 50, 'Deposit - Advance Income tax', '', 'Ledger Account', 0, '', 27, 44, 0, 'no', '', 'no', ''),
(915, 2, 'Krishna Phoschem Ltd.', 'KPL-Oswal Group', 'Customers', 200, 'Yes', 25, 0, 0, 'no', '', 'no', ''),
(916, 2, 'VS Lignite Power Private Limited', 'VS LP', 'Customers', 201, 'Yes', 25, 0, 0, 'no', '', 'no', ''),
(917, 2, 'Jodhpur Pradushan Niwaran Trust', 'Jodhpur Pradushan Niwaran Trust', 'Customers', 202, 'Yes', 25, 0, 0, 'no', '', 'no', ''),
(918, 2, 'Nandan Denim Pvt. Ltd.', 'Chiripal Group ', 'Customers', 203, 'Yes', 27, 0, 0, 'no', '', 'no', ''),
(919, 2, 'Durga Associates', 'STP OEM', 'Customers', 204, 'Yes', 27, 0, 0, 'no', '', 'no', ''),
(920, 2, 'Schreiber Dynamix Dairies Pvt. ltd', 'SDDPL', 'Customers', 205, 'Yes', 25, 0, 0, 'no', '', 'no', ''),
(921, 2, 'Schreiber Dynamix Dairies Pvt. ltd', 'SDDPL', 'Customers', 205, 'Yes', 27, 0, 0, 'no', '', 'no', ''),
(922, 10, 'Deepika  Totla', '', 'Employees', 25, '', 25, 0, 0, 'no', '', 'no', ''),
(923, 10, 'Deepika  Totla', '', 'Employees', 25, '', 26, 0, 0, 'no', '', 'no', ''),
(926, 10, 'Priyanka  Sewarsa', '', 'Employees', 26, '', 26, 0, 0, 'no', '', 'no', ''),
(927, 10, 'Priyanka  Sewarsa', '', 'Employees', 26, '', 27, 0, 0, 'no', '', 'no', ''),
(928, 2, 'Vintage Distillers Ltd.', 'Vintage Distillers Ltd.', 'Customers', 91, 'Yes', 27, 0, 0, 'no', '', 'no', ''),
(929, 2, 'Vintage Distillers Ltd.', 'Vintage Distillers Ltd.', 'Customers', 91, 'Yes', 27, 0, 0, 'no', '', 'no', ''),
(930, 2, 'Asahi India Glass Ltd.', 'AIGL', 'Customers', 192, 'Yes', 25, 0, 0, 'no', '', 'no', ''),
(931, 4, 'Sisodia Infotech', '', 'Ledger Account', 0, '', 25, 45, 0, 'no', '', 'no', ''),
(932, 2, 'RSPL Limited', 'RSPL Limited- Jhansi', 'Customers', 206, 'Yes', 27, 0, 0, 'no', '', 'no', ''),
(933, 5, 'Reverse Charge Output GST', '', 'Ledger Account', 0, '', 25, 46, 0, 'no', '', 'no', ''),
(934, 5, 'Reverse Charge Output GST', '', 'Ledger Account', 0, '', 27, 46, 0, 'no', '', 'no', ''),
(935, 6, 'Reverse Charge Intput GST', '', 'Ledger Account', 0, '', 25, 47, 0, 'no', '', 'no', ''),
(936, 6, 'Reverse Charge Intput GST', '', 'Ledger Account', 0, '', 27, 47, 0, 'no', '', 'no', ''),
(937, 5, 'Monthly Output GST', '', 'Ledger Account', 0, '', 25, 48, 0, 'no', '', 'no', ''),
(938, 5, 'Monthly Output GST', '', 'Ledger Account', 0, '', 27, 48, 0, 'no', '', 'no', ''),
(939, 6, 'Monthly Intput GST', '', 'Ledger Account', 0, '', 25, 49, 0, 'no', '', 'no', ''),
(940, 6, 'Monthly Intput GST', '', 'Ledger Account', 0, '', 27, 49, 0, 'no', '', 'no', ''),
(941, 2, 'Hydromicals ', 'OEM STP', 'Customers', 207, 'Yes', 27, 0, 0, 'no', '', 'no', ''),
(942, 2, 'Urban Improvement Trust ', 'UIT-Udaipur', 'Customers', 208, 'Yes', 27, 0, 0, 'no', '', 'no', ''),
(943, 40, 'Deposit - Priyanka Sewarsa', '', 'Ledger Account', 0, '', 27, 50, 0, 'no', '', 'no', ''),
(944, 40, 'Security Deposit - Deepika', '', 'Ledger Account', 0, '', 25, 51, 0, 'no', '', 'no', ''),
(946, 4, 'Ocleg Controls ', '', 'Vendors', 59, '', 25, 0, 0, 'no', '', 'no', ''),
(947, 4, 'Ocleg Controls ', '', 'Vendors', 59, '', 27, 0, 0, 'no', '', 'no', ''),
(948, 2, 'Sangam (India) Limited- (Denim)', 'Sangam (India) Limited- (Denim)', 'Customers', 209, 'Yes', 25, 0, 0, 'no', '', 'no', ''),
(949, 8, 'Nav Durga Services', 'NDS', 'Customers', 210, 'Yes', 25, 0, 0, 'no', '', 'no', ''),
(950, 8, 'Nav Durga Services', 'NDS', 'Customers', 210, 'Yes', 26, 0, 0, 'no', '', 'no', ''),
(951, 8, 'Nav Durga Services', 'NDS', 'Customers', 210, 'Yes', 27, 0, 0, 'no', '', 'no', ''),
(952, 2, 'Auronext Pharma Pvt. Ltd. ', 'APPL', 'Customers', 211, 'Yes', 27, 0, 0, 'no', '', 'no', ''),
(953, 2, 'ACC Limited', 'ACC Limited-Chaibasa Cement Works', 'Customers', 212, 'Yes', 25, 0, 0, 'no', '', 'no', ''),
(954, 6, '2.5 (CGST 2.5 % Input)', '', 'Ledger Account', 0, '', 25, 52, 0, 'no', '', 'no', ''),
(955, 6, '2.5 (CGST 2.5 % Input)', '', 'Ledger Account', 0, '', 27, 52, 0, 'no', '', 'no', ''),
(956, 6, '2.5 (SGST 2.5 % Input)', '', 'Ledger Account', 0, '', 25, 53, 0, 'no', '', 'no', ''),
(957, 6, '2.5 (SGST 2.5 % Input)', '', 'Ledger Account', 0, '', 27, 53, 0, 'no', '', 'no', ''),
(958, 4, ' Aryan Vidyut Yantralaya ', '', 'Vendors', 39, 'Yes', 28, 0, 0, 'no', '', 'no', ''),
(959, 5, '6', '', 'SaleTaxes', 8, '', 28, 0, 0, 'no', '', 'no', ''),
(961, 2, 'A H Corporation', 'A H Corporation', 'Customers', 94, 'Yes', 28, 0, 0, 'no', '', 'no', ''),
(962, 5, '6', '', 'SaleTaxes', 11, '', 28, 0, 0, 'no', '', 'no', ''),
(963, 8, 'Nav Durga Services', 'NDS', 'Customers', 210, 'Yes', 28, 0, 0, 'no', '', 'no', ''),
(965, 11, 'dimple', 'dimpu', 'Customers', 213, 'Yes', 26, 0, 0, 'no', '', 'no', ''),
(966, 11, 'dimple', 'dimpu', 'Customers', 213, 'Yes', 27, 0, 0, 'no', '', 'no', ''),
(967, 11, 'dimple', 'dimpu', 'Customers', 213, 'Yes', 28, 0, 0, 'no', '', 'no', ''),
(968, 32, 'dimple1', 'dimpu1', 'Customers', 213, 'No', 26, 0, 0, 'no', '', 'no', ''),
(969, 32, 'dimple1', 'dimpu1', 'Customers', 213, 'No', 27, 0, 0, 'no', '', 'no', ''),
(970, 32, 'dimple1', 'dimpu1', 'Customers', 213, 'No', 28, 0, 0, 'no', '', 'no', ''),
(971, 32, 'dimple1', 'dimpu1', 'Customers', 213, 'No', 25, 0, 0, 'no', '', 'no', ''),
(972, 32, 'dimple1', 'dimpu1', 'Customers', 213, 'No', 25, 0, 0, 'no', '', 'no', ''),
(973, 38, 'Kavi', '', 'Employees', 27, '', 25, 0, 0, 'no', '', 'no', ''),
(974, 38, 'Kavi', '', 'Employees', 27, '', 26, 0, 0, 'no', '', 'no', ''),
(975, 38, 'Kavi', '', 'Employees', 27, '', 27, 0, 0, 'no', '', 'no', ''),
(976, 38, 'Kavi', '', 'Employees', 27, '', 28, 0, 0, 'no', '', 'no', '');

-- --------------------------------------------------------

--
-- Table structure for table `left_rivs`
--

CREATE TABLE `left_rivs` (
  `id` int(10) NOT NULL,
  `riv_id` int(10) NOT NULL,
  `item_id` int(10) NOT NULL,
  `quantity` decimal(10,2) NOT NULL
) ENGINE=InnoDB DEFAULT CHARSET=latin1;

-- --------------------------------------------------------

--
-- Table structure for table `loan_applications`
--

CREATE TABLE `loan_applications` (
  `id` int(10) NOT NULL,
  `employee_name` varchar(100) NOT NULL,
  `reason_for_loan` varchar(100) NOT NULL,
  `salary_pm` decimal(15,2) NOT NULL,
  `amount_of_loan` varchar(100) NOT NULL,
  `amount_of_loan_in_word` varchar(200) NOT NULL,
  `starting_date_of_loan` date NOT NULL,
  `ending_date_of_loan` date NOT NULL,
  `remark` text NOT NULL,
  `create_date` date NOT NULL
) ENGINE=InnoDB DEFAULT CHARSET=latin1;

--
-- Dumping data for table `loan_applications`
--

INSERT INTO `loan_applications` (`id`, `employee_name`, `reason_for_loan`, `salary_pm`, `amount_of_loan`, `amount_of_loan_in_word`, `starting_date_of_loan`, `ending_date_of_loan`, `remark`, `create_date`) VALUES
(1, 'ravi kishan', 'health', '25000.00', '500000', 'panch lack', '2018-01-01', '2018-01-31', 'hhhhhhhhhhhhhhh', '2018-01-11'),
(2, 'manoj', 'health', '28000.00', '400000', 'four lack', '2018-01-01', '2019-05-02', 'djddjdjjdjdd', '2018-01-11');

-- --------------------------------------------------------

--
-- Table structure for table `logins`
--

CREATE TABLE `logins` (
  `id` int(5) NOT NULL,
  `employee_id` int(10) NOT NULL,
  `username` varchar(50) NOT NULL,
  `password` varchar(100) NOT NULL,
  `status` varchar(50) NOT NULL DEFAULT 'Active'
) ENGINE=InnoDB DEFAULT CHARSET=utf8;

--
-- Dumping data for table `logins`
--

INSERT INTO `logins` (`id`, `employee_id`, `username`, `password`, `status`) VALUES
(1, 1, 'admin', 'admin', 'Active'),
(2, 4, 'jagdish', 'jagdish', 'Active'),
(3, 5, 'jagdishs', 'jagdishs', 'Active'),
(5, 9, 'usha ', 'usha', 'Active'),
(6, 7, 'harshit', 'harshit', 'Active'),
(7, 10, 'priya', 'ayirp', 'Active'),
(8, 11, 'pushpendra', 'pushpendra', 'Active'),
(9, 12, 'vikram', 'vikram', 'Active'),
(10, 13, 'bhopal', 'bhopal', 'Active'),
(11, 14, 'reena', 'reena', 'Active'),
(12, 15, 'Mohammed ', 'arifmo12', 'Active'),
(13, 16, 'anshul', 'anshul', 'Active'),
(14, 17, 'priyamogra', 'priya', 'Active'),
(15, 19, 'jayanti', 'jayanti', 'Active'),
(16, 21, 'Pallav', 'Pallav', 'Active'),
(17, 20, 'Devraj', 'Devraj', 'Active'),
(18, 23, 'ankit', 'ankit', 'Active'),
(20, 25, 'deepika', 'deepika1', 'Active'),
(21, 26, 'priyanka', 'priyanka1', 'Active');

-- --------------------------------------------------------

--
-- Table structure for table `material_indents`
--

CREATE TABLE `material_indents` (
  `id` int(10) NOT NULL,
  `company_id` int(11) NOT NULL,
  `created_on` date NOT NULL,
  `created_by` int(10) NOT NULL,
  `mi_number` varchar(10) NOT NULL
) ENGINE=InnoDB DEFAULT CHARSET=latin1;

-- --------------------------------------------------------

--
-- Table structure for table `material_indent_rows`
--

CREATE TABLE `material_indent_rows` (
  `id` int(10) NOT NULL,
  `material_indent_id` int(10) NOT NULL,
  `item_id` int(10) NOT NULL,
  `required_quantity` decimal(10,2) NOT NULL,
  `status` varchar(10) NOT NULL DEFAULT 'Open'
) ENGINE=InnoDB DEFAULT CHARSET=latin1;

-- --------------------------------------------------------

--
-- Table structure for table `new_item`
--

CREATE TABLE `new_item` (
  `id` int(11) NOT NULL,
  `hsn_code` int(100) NOT NULL
) ENGINE=InnoDB DEFAULT CHARSET=latin1;

--
-- Dumping data for table `new_item`
--

INSERT INTO `new_item` (`id`, `hsn_code`) VALUES
(556, 85015210),
(558, 85015210),
(559, 85015210),
(560, 85015210),
(561, 85015210),
(562, 85015210),
(563, 85015210),
(564, 85015210),
(565, 85015210),
(566, 85015210),
(567, 85015210),
(568, 85015210),
(569, 85015210),
(570, 85015210),
(572, 85015210),
(573, 85015210),
(574, 85015210),
(575, 85015210),
(576, 8483),
(577, 85015110),
(578, 85015110),
(579, 85015110),
(580, 85015110),
(581, 85015110),
(582, 85015110),
(583, 85015110),
(584, 85015110),
(585, 85015110),
(586, 85015110),
(587, 85015110),
(588, 85015110),
(589, 85015110),
(590, 85015110),
(591, 85015110),
(592, 85015110),
(593, 85015110),
(594, 85015110),
(595, 85015110),
(597, 85015110),
(599, 84131990),
(600, 84131990),
(601, 84131990),
(602, 84131990),
(603, 84131990),
(604, 84131990),
(605, 84131990),
(606, 84131990),
(607, 84131990),
(608, 84131990),
(609, 84131990),
(610, 84131990),
(611, 84131990),
(612, 84842000),
(613, 84842000),
(614, 84842000),
(615, 84842000),
(616, 84842000),
(617, 84842000),
(618, 84131990),
(619, 84131990),
(620, 84131990),
(621, 84842000),
(622, 84131990),
(623, 84131990),
(624, 84131990),
(625, 84131990),
(626, 84131990),
(627, 84131990),
(628, 84131990),
(629, 84131990),
(630, 84139190),
(631, 84131990),
(632, 84131990),
(633, 84139190),
(634, 84139190),
(635, 84139190),
(636, 84139190),
(637, 84137010),
(638, 84137010),
(639, 84137010),
(640, 84137010),
(641, 84137010),
(642, 84137010),
(643, 84137010),
(644, 84137010),
(645, 84137010),
(646, 84137010),
(647, 84137010),
(649, 84137091),
(650, 84137091),
(651, 84137091),
(652, 84137091),
(653, 84137091),
(654, 84137091),
(655, 84137091),
(656, 84137091),
(658, 84137091),
(659, 84137091),
(660, 84137091),
(661, 84137091),
(663, 84137091),
(664, 84137091),
(665, 84137091),
(666, 84137091),
(667, 84842000),
(668, 84842000),
(669, 84842000),
(670, 84842000),
(671, 84842000),
(672, 84139120),
(673, 84139120),
(674, 84139120),
(675, 84139120),
(676, 84139120),
(677, 84137010),
(678, 84137010),
(679, 84137010),
(680, 84137010),
(681, 84137010),
(682, 84137010),
(683, 84137010),
(684, 84137010),
(685, 84137010),
(686, 84137010),
(687, 84137010),
(688, 84137010),
(689, 84137010),
(690, 84137010),
(691, 84137010),
(692, 84137010),
(693, 84137010),
(694, 84137010),
(695, 84137010),
(696, 84137010),
(697, 84137010),
(698, 84137010),
(699, 84137010),
(700, 84137010),
(701, 84137010),
(702, 84137010),
(703, 84137010),
(704, 84137010),
(705, 84137010),
(706, 84137010),
(707, 84137010),
(708, 84137010),
(709, 84137010),
(710, 84137010),
(711, 84137010),
(712, 84137010),
(713, 84137010),
(714, 84137010),
(715, 84137010),
(716, 84137010),
(717, 84137010),
(718, 84137010),
(719, 84137010),
(720, 84137010),
(721, 84137010),
(722, 84137010),
(723, 84137010),
(724, 84137091),
(725, 84137091),
(726, 84137091),
(727, 84137091),
(728, 84137091),
(729, 84137091),
(730, 84137091),
(731, 84137091),
(732, 84137091),
(733, 84137091),
(734, 84137091),
(735, 84137091),
(736, 84137091),
(737, 84137091),
(738, 84137091),
(739, 84137010),
(740, 84137010),
(741, 84137010),
(746, 84139120),
(747, 84139120),
(748, 84139120),
(749, 84139120),
(750, 84139120),
(751, 84139120),
(752, 84139120),
(753, 84139120),
(754, 84139120),
(755, 84842000),
(756, 84842000),
(757, 84139120),
(758, 84139120),
(759, 84139120),
(760, 84139120),
(761, 84139120),
(762, 84139120),
(763, 84139120),
(764, 84139120),
(765, 84139120),
(766, 84139120),
(767, 84139120),
(768, 84139120),
(769, 84139120),
(770, 84139120),
(771, 84139120),
(772, 84139120),
(773, 84139120),
(774, 84139120),
(775, 84139120),
(776, 84139120),
(777, 84139120),
(778, 84139120),
(779, 84139120),
(780, 84139120),
(781, 84139120),
(782, 84139120),
(783, 84139120),
(784, 84139120),
(785, 84139120),
(786, 84139120),
(787, 84139120),
(788, 84139120),
(789, 84139120),
(790, 84139120),
(791, 84139120),
(792, 84139120),
(793, 84139120),
(794, 84139120),
(795, 84139120),
(796, 84139120),
(797, 84139120),
(798, 84139120),
(799, 84139120),
(813, 84139120),
(814, 84139120),
(815, 84139120),
(816, 84139120),
(817, 84139120),
(818, 84139120),
(819, 84139120),
(820, 84139120),
(821, 84139120),
(822, 84139120),
(823, 84139120),
(824, 84139120),
(825, 84139120),
(826, 84139120),
(827, 84139120),
(829, 84139120),
(830, 84139120),
(831, 84139120),
(834, 84139120),
(835, 84139120),
(836, 84139190),
(837, 84139190),
(838, 84139190),
(839, 84139190),
(840, 84139190),
(841, 84139190),
(842, 84139190),
(843, 84139190),
(844, 84139190),
(845, 84139190),
(846, 84139190),
(847, 84139190),
(848, 84139190),
(849, 84139190),
(850, 84139190),
(851, 84139190),
(852, 84139190),
(853, 84842000),
(854, 84139190),
(855, 84139190),
(856, 84139190),
(857, 84139190),
(858, 84139190),
(859, 84139190),
(860, 84139190),
(861, 84139190),
(862, 8483),
(863, 8483),
(864, 8483),
(865, 8483),
(866, 8483),
(867, 8483),
(868, 8483),
(869, 8483),
(870, 8483),
(871, 8483),
(872, 39100090),
(873, 85371000),
(874, 85371000),
(893, 84139120),
(899, 84139120),
(900, 84137091),
(901, 84137091),
(902, 84137091),
(903, 84137091),
(904, 84137091),
(905, 84137091),
(907, 84137091),
(908, 84137091),
(909, 84137091),
(910, 84137091),
(911, 84137091),
(912, 84137091),
(913, 84137091),
(915, 84137091),
(916, 84195020),
(920, 84137091),
(926, 84137010),
(927, 84139170),
(928, 84139170),
(929, 84137010),
(930, 84139170),
(931, 84137010),
(932, 84137010),
(933, 84135010),
(934, 84137010),
(935, 84137010),
(936, 84137091),
(940, 84131990),
(941, 84139170),
(942, 84139120),
(943, 84139120),
(944, 84139120),
(945, 84139120),
(946, 84137010),
(947, 84139190),
(948, 84139190),
(949, 84139120),
(950, 84137010),
(951, 84139120),
(952, 84139120),
(953, 84139120),
(954, 84137091),
(955, 84137091),
(956, 84139120),
(957, 84139120),
(958, 84137010),
(959, 84139120),
(960, 84137091),
(962, 84137091),
(963, 84139120),
(964, 84137091),
(965, 84139120),
(966, 84139120),
(967, 84139120),
(968, 84137091),
(969, 84137091),
(970, 84137091),
(971, 84137010),
(972, 84137091),
(973, 84137010),
(975, 84139170),
(976, 84136010),
(977, 84139120),
(978, 84139120),
(979, 84842000),
(980, 84139170),
(981, 84139170),
(982, 84135010),
(983, 84139190),
(984, 84139120),
(985, 84139120),
(986, 84137010),
(987, 84137091),
(988, 84137010),
(989, 84137010),
(990, 84137091),
(991, 84137091),
(992, 84137091),
(993, 84137010),
(994, 84137010),
(995, 84137010),
(996, 84139190),
(997, 84139190),
(999, 84139190),
(1001, 84139190),
(1002, 84139190),
(1003, 84139190),
(1004, 84139190),
(1005, 84139190),
(1006, 84139190),
(1007, 84139120),
(1009, 84139190),
(1010, 84139190),
(1011, 84139190),
(1012, 84139190),
(1013, 84139190),
(1014, 84139190),
(1049, 7208),
(1050, 84139120),
(1051, 84139120),
(1052, 84139120),
(1053, 84139120),
(1054, 84139120),
(1055, 84139120),
(1056, 84139120),
(1057, 84139120),
(1058, 84139120),
(1059, 84139120),
(1060, 84139120),
(1061, 84139120),
(1062, 84139120),
(1063, 84139120),
(1064, 84842000),
(1065, 84842000),
(1066, 84139120),
(1067, 84139120),
(1068, 84139120),
(1069, 84139120),
(1070, 84139120),
(1071, 84139120),
(1072, 84139120),
(1073, 84139120),
(1074, 85371000),
(1075, 84137091),
(1076, 84821020),
(1077, 84139120),
(1078, 84139120),
(1079, 84139120),
(1081, 84139120),
(1082, 84139120),
(1083, 84139120),
(1084, 84139170),
(1085, 84139120),
(1087, 84139120),
(1088, 84139120),
(1089, 84139120),
(1090, 84139120),
(1091, 84139120),
(1092, 84145190),
(1093, 84139120),
(1094, 84139120),
(1096, 84135010),
(1097, 84135010),
(1099, 84139190),
(1100, 84139190),
(1101, 84139190),
(1102, 84139190),
(1103, 84139190),
(1104, 84139190),
(1105, 84139190),
(1106, 84139190),
(1107, 84139190),
(1108, 84139190),
(1109, 84139190),
(1110, 84139190),
(1111, 84139190),
(1112, 84139170),
(1113, 84139190),
(1114, 84139120),
(1115, 84139120),
(1126, 84139120),
(1127, 84139120),
(1128, 84842000),
(1129, 84139120),
(1131, 84139120),
(1132, 84139120),
(1133, 84139120),
(1134, 84139190),
(1135, 84139120),
(1138, 84139120),
(1139, 84139120),
(1140, 84139120),
(1141, 84139120),
(1142, 84139120),
(1143, 84131990),
(1144, 85015110),
(1145, 85015210),
(1148, 84131990),
(1149, 84131990),
(1150, 84139120),
(1151, 85012000),
(1155, 84131990),
(1156, 84131990),
(1157, 84842000),
(1159, 84139170),
(1160, 84139120),
(1161, 84821020),
(1162, 84139120),
(1163, 84139120),
(1166, 84137091),
(1167, 84137010),
(1168, 84137091),
(1169, 84137091),
(1170, 84137091),
(1172, 84137091),
(1173, 84139120),
(1174, 84139120),
(1175, 84137091),
(1176, 8483),
(1177, 8483),
(1178, 84139120),
(1179, 84139120),
(1180, 84139120),
(1181, 84139120),
(1182, 84139120),
(1183, 84139120),
(1186, 84139170),
(1187, 84137010),
(1188, 84137010),
(1189, 84139120),
(1190, 84137091),
(1193, 84842000),
(1194, 84139120),
(1195, 85015110),
(1197, 84139170),
(1198, 84139120),
(1199, 84139120),
(1200, 84139120),
(1201, 84139120),
(1202, 84139120),
(1203, 84139120),
(1205, 84139120),
(1207, 84139120),
(1209, 85021927),
(1210, 84137010),
(1211, 84139120),
(1213, 84139120),
(1215, 84139120),
(1216, 84139120),
(1217, 84139120),
(1218, 84139120),
(1219, 84842000),
(1221, 84842000),
(1222, 84842000),
(1223, 84139120),
(1224, 84137010),
(1225, 84139120),
(1227, 84137010),
(1228, 84137010),
(1229, 39100090),
(1230, 84137097),
(1231, 84137010),
(1232, 84139120),
(1234, 84139190),
(1235, 84139190),
(1236, 84139190),
(1237, 84139120),
(1238, 84139120),
(1239, 84139190),
(1240, 84139120),
(1241, 84139190),
(1242, 84139190),
(1243, 84139190),
(1244, 84139120),
(1245, 84139120),
(1247, 84139120),
(1249, 84139120),
(1250, 84139120),
(1251, 84139120),
(1252, 84139120),
(1253, 84139120),
(1254, 84139120),
(1255, 84139120),
(1256, 84139120),
(1257, 84139120),
(1258, 84139120),
(1259, 84139120),
(1260, 84139120),
(1262, 84139120),
(1263, 84139120),
(1264, 84139120),
(1265, 84139120),
(1266, 84139120),
(1267, 84139120),
(1268, 84139120),
(1269, 84139120),
(1270, 84139120),
(1271, 84139120),
(1272, 84139120),
(1273, 84139120),
(1274, 84139120),
(1275, 84139120),
(1276, 84139120),
(1277, 84139120),
(1278, 84139120),
(1279, 84139120),
(1280, 84139120),
(1281, 84139120),
(1282, 84139120),
(1283, 84139120),
(1284, 84139120),
(1285, 84139120),
(1286, 84139120),
(1287, 84139120),
(1288, 84139120),
(1289, 84139120),
(1290, 84139120),
(1291, 84139120),
(1292, 84139120),
(1293, 84139120),
(1294, 84139120),
(1296, 84842000),
(1297, 84842000),
(1298, 84842000),
(1303, 84135010),
(1304, 85015210),
(1307, 84135010),
(1308, 84137091),
(1312, 84139120),
(1313, 84139120),
(1314, 84842000),
(1315, 84139120),
(1316, 84131990),
(1317, 84139120),
(1318, 84842000),
(1320, 84139120),
(1322, 84139120),
(1325, 84139120),
(1331, 84139120),
(1332, 84842000),
(1334, 84139170),
(1335, 84139170),
(1336, 84137010),
(1337, 84139120),
(1338, 84137010),
(1339, 84137091),
(1341, 84139120),
(1343, 84137091),
(1344, 84137091),
(1345, 84139120),
(1348, 84137010),
(1349, 84139120),
(1350, 84139120),
(1351, 84842000),
(1352, 84137091),
(1353, 84137091),
(1354, 84137091),
(1355, 84137091),
(1356, 84137091),
(1357, 84137091),
(1359, 85021927),
(1360, 84139120),
(1363, 84131990),
(1364, 84139120),
(1365, 84139120),
(1366, 84139120),
(1367, 84139120),
(1368, 84139120),
(1369, 84139120),
(1370, 84139120),
(1371, 84842000),
(1372, 84139120),
(1373, 84137091),
(1374, 84139120),
(1375, 84139120),
(1377, 84137010),
(1378, 84139120),
(1379, 84139120),
(1380, 84137091),
(1381, 84137091),
(1382, 84137091),
(1383, 84137091),
(1385, 84139120),
(1386, 84139120),
(1387, 84139120),
(1388, 84139190),
(1389, 84137010),
(1390, 84137010),
(1391, 84137010),
(1393, 84139190),
(1397, 84139120),
(1403, 84139120),
(1408, 84139120),
(1409, 84139120),
(1410, 84139120),
(1411, 84139120),
(1412, 84139120),
(1413, 84137010),
(1414, 84139120),
(1415, 84139120),
(1416, 84139120),
(1417, 84139120),
(1418, 84139120),
(1419, 84139120),
(1420, 84139120),
(1421, 84139120),
(1422, 84139120),
(1423, 84139120),
(1424, 84139120),
(1425, 84139120),
(1426, 84139120),
(1427, 84139120),
(1428, 84139120),
(1429, 84139120),
(1430, 84139120),
(1431, 84139120),
(1432, 84139120),
(1433, 84139120),
(1434, 84139120),
(1435, 84139120),
(1436, 84137097),
(1437, 84139120),
(1439, 84137097),
(1441, 84137091),
(1443, 84137010),
(1444, 84139120),
(1445, 84139120),
(1446, 84139120),
(1448, 84137010),
(1449, 84139120),
(1450, 84137091),
(1451, 84139190),
(1452, 84139120),
(1453, 84139120),
(1454, 84139120),
(1457, 84139120),
(1458, 84139120),
(1459, 84139120),
(1460, 84139190),
(1461, 84139120),
(1462, 84139120),
(1469, 84139120),
(1470, 84139120),
(1475, 84139120),
(1476, 84137097),
(1477, 84137097),
(1478, 84137097),
(1479, 84139120),
(1480, 84139120),
(1481, 84139120),
(1482, 84139170),
(1483, 84139120),
(1485, 85012000),
(1486, 84137010),
(1487, 84842000),
(1488, 84139120),
(1489, 84139120),
(1490, 84139120),
(1491, 84131990),
(1493, 84139120),
(1496, 84139120),
(1497, 84139120),
(1498, 84842000),
(1499, 84842000),
(1500, 84139120),
(1501, 84139190),
(1502, 8483),
(1504, 84139120),
(1505, 84139120),
(1507, 84139120),
(1508, 84139120),
(1509, 84137091),
(1510, 8483),
(1511, 9026),
(1512, 9026),
(1513, 84139120),
(1514, 84139120),
(1515, 84137097),
(1516, 84139120),
(1517, 84139170),
(1518, 84821020),
(1519, 84821020),
(1520, 85371000),
(1522, 8544),
(1526, 85012000),
(1527, 84139190),
(1528, 84139190),
(1529, 84139190),
(1530, 84139190),
(1531, 84139170),
(1532, 84139120),
(1534, 84139120),
(1535, 84139120),
(1536, 84139190),
(1538, 84137091),
(1541, 85015210),
(1543, 84139120),
(1544, 84842000),
(1546, 84842000),
(1549, 84842000),
(1553, 84139190),
(1554, 84139190),
(1555, 84139190),
(1556, 84139190),
(1562, 84821020),
(1563, 84139120),
(1564, 84139120),
(1565, 84139120),
(1566, 84139120),
(1567, 84139120),
(1568, 84139120),
(1569, 84139120),
(1570, 84139120),
(1571, 84139120),
(1572, 84139120),
(1573, 84139120),
(1574, 84139120),
(1575, 84139120),
(1576, 84139120),
(1577, 84139120),
(1578, 84139120),
(1579, 84139120),
(1580, 84139120),
(1581, 84139120),
(1582, 84139120),
(1583, 85021927),
(1586, 84139120),
(1587, 84139120),
(1588, 84139120),
(1589, 84139190),
(1590, 84137010),
(1591, 84139190),
(1592, 84139170),
(1593, 84137097),
(1594, 84137097),
(1595, 84137091),
(1598, 84137010),
(1599, 84139120),
(1600, 84139120),
(1601, 84139120),
(1602, 84139120),
(1604, 84139120),
(1605, 84137097),
(1606, 84139120),
(1607, 84139120),
(1608, 84139170),
(1609, 84139120),
(1610, 84195020),
(1611, 84139120),
(1613, 85021927),
(1614, 84139120),
(1615, 84139120),
(1616, 84139120),
(1617, 84135010),
(1618, 84139120),
(1619, 84139120),
(1620, 84139120),
(1621, 84139120),
(1622, 84139120),
(1623, 84139120),
(1624, 84139120),
(1625, 84139120),
(1627, 84139120),
(1628, 84139120),
(1630, 84139120),
(1631, 84139120),
(1632, 84139120),
(1633, 84139120),
(1634, 84139120),
(1635, 84139120),
(1636, 84139120),
(1637, 84139120),
(1638, 84139120),
(1639, 84139120),
(1640, 84139120),
(1641, 84137010),
(1642, 84137091),
(1643, 84135010),
(1644, 84137010),
(1649, 84137091),
(1650, 84139190),
(1651, 84137010),
(1652, 84137010),
(1654, 84139120),
(1655, 84139120),
(1656, 84139190),
(1657, 84139120),
(1658, 84137097),
(1662, 84137010),
(1663, 84137091),
(1664, 84139120),
(1665, 84139120),
(1666, 84139120),
(1667, 84139120),
(1668, 84139170),
(1669, 84137091),
(1670, 84137010),
(1671, 84139120),
(1672, 84139120),
(1673, 84139120),
(1674, 84139120),
(1675, 84139120),
(1676, 84139120),
(1677, 84137010),
(1678, 84137091),
(1679, 84137091),
(1680, 84137010),
(1682, 84842000),
(1683, 84139120),
(1685, 85015110),
(1686, 84842000),
(1687, 84137010),
(1688, 84139170),
(1689, 84139190),
(1690, 84139190),
(1691, 84137091),
(1692, 84139170),
(1693, 84139120),
(1694, 84137010),
(1696, 84139120),
(1697, 84139120),
(1698, 84139120),
(1699, 84139120),
(1704, 84137091),
(1705, 84139190),
(1707, 84139120),
(1708, 84139120),
(1711, 84135010),
(1712, 84137010),
(1713, 84139120),
(1714, 84137097),
(1715, 84139120),
(1716, 84139120),
(1718, 84139120),
(1719, 84139120),
(1720, 84139120),
(1721, 84137091),
(1722, 84131990),
(1723, 84139120),
(1724, 84139120),
(1725, 84137091),
(1730, 84131990),
(1731, 84139170),
(1732, 8501),
(1733, 84139120);

-- --------------------------------------------------------

--
-- Table structure for table `nppayments`
--

CREATE TABLE `nppayments` (
  `id` int(10) NOT NULL,
  `voucher_no` int(10) NOT NULL,
  `bank_cash_id` int(10) NOT NULL,
  `created_by` int(10) NOT NULL,
  `created_on` date NOT NULL,
  `payment_mode` varchar(50) NOT NULL,
  `company_id` int(10) NOT NULL,
  `transaction_date` date NOT NULL,
  `edited_by` int(10) NOT NULL,
  `edited_on` date NOT NULL,
  `cheque_no` varchar(100) NOT NULL
) ENGINE=InnoDB DEFAULT CHARSET=latin1;

-- --------------------------------------------------------

--
-- Table structure for table `nppayment_rows`
--

CREATE TABLE `nppayment_rows` (
  `id` int(10) NOT NULL,
  `nppayment_id` int(10) NOT NULL,
  `received_from_id` int(10) NOT NULL,
  `amount` decimal(20,5) NOT NULL,
  `cr_dr` varchar(5) NOT NULL,
  `narration` text NOT NULL,
  `grn_ids` varchar(255) DEFAULT NULL,
  `invoice_ids` varchar(255) DEFAULT NULL
) ENGINE=InnoDB DEFAULT CHARSET=latin1;

-- --------------------------------------------------------

--
-- Table structure for table `pages`
--

CREATE TABLE `pages` (
  `id` int(11) NOT NULL,
  `controller` varchar(100) NOT NULL,
  `action` varchar(100) NOT NULL,
  `name` varchar(100) NOT NULL,
  `master` int(55) NOT NULL,
  `orderwise` int(55) NOT NULL
) ENGINE=InnoDB DEFAULT CHARSET=latin1;

--
-- Dumping data for table `pages`
--

INSERT INTO `pages` (`id`, `controller`, `action`, `name`, `master`, `orderwise`) VALUES
(1, 'Quotations', 'Add', '', 0, 0),
(2, 'Quotations', 'Edit', '', 0, 0),
(3, 'SalesOrders', 'Add', '', 0, 0),
(4, 'SalesOrders', 'Edit', '', 0, 0),
(5, 'JobCards', 'Add', '', 0, 0),
(6, 'JobCards', 'Edit', '', 0, 0),
(7, 'Invoices', 'Add', '', 0, 0),
(8, 'Invoices', 'Edit', '', 0, 0),
(9, 'InventoryVouchers', 'Add', '', 0, 0),
(10, 'InventoryVouchers', 'Edit', '', 0, 0),
(11, 'Challans', 'Add', '', 0, 0),
(12, 'Challans', 'Edit', '', 0, 0),
(13, 'PurchaseOrders', 'Add', '', 0, 0),
(14, 'PurchaseOrders', 'Edit', '', 0, 0),
(15, 'Grns', 'Add', '', 0, 0),
(16, 'Grns', 'Edit', '', 0, 0),
(17, 'InvoiceBookings', 'Add', '', 0, 0),
(18, 'InvoiceBookings', 'Edit', '', 0, 0),
(19, 'Logins', 'Add', 'Logins', 1, 0),
(20, 'UserRights', 'Add', '', 0, 0),
(21, 'Quotations', 'Pdf', '', 0, 0),
(22, 'SalesOrders', 'Pdf', '', 0, 0),
(23, 'Invoices', 'Pdf', '', 0, 0),
(24, 'JobCards', 'View', '', 0, 0),
(25, 'Quotations', 'Confirm', '', 0, 0),
(26, 'SalesOrders', 'Confirm', '', 0, 0),
(27, 'Invoices', 'Confirm', '', 0, 0),
(28, 'Challans', 'Pdf', '', 0, 0),
(29, 'Challans', 'Confirm', '', 0, 0),
(30, 'Quotations', 'Close', '', 0, 0),
(31, 'PurchaseOrders', 'Pdf', '', 0, 0),
(32, 'PurchaseOrders', 'Confirm', '', 0, 0),
(33, 'Invoices', 'Close', '', 0, 0),
(34, 'JobCards', 'Close', '', 0, 0),
(35, 'Grns', 'View', '', 0, 0),
(36, 'ItemLedgers', 'stockReport', '', 0, 0),
(37, 'LedgerAccounts', 'BalanceSheet', '', 0, 0),
(38, 'LedgerAccounts', 'ProfitLossStatement', '', 0, 0),
(39, 'ItemLedgers', 'materialindentreport', '', 0, 0),
(40, 'Ledgers', 'AccountStatement', '', 0, 0),
(41, 'Ledgers', 'Index', '', 0, 0),
(42, 'Customers', 'Add', 'Add new customer', 1, 0),
(43, 'Customers', 'Index', 'List customers', 1, 0),
(44, 'Customers', 'Edit', '', 0, 0),
(45, 'Customers', 'EditCompany', '', 0, 0),
(46, 'Employees', 'Add', 'Add New  Employee', 1, 0),
(47, 'Employees', 'Index', 'List Employees', 1, 0),
(48, 'Employees', 'Edit', '', 0, 0),
(49, 'Employees', 'EditCompany', '', 0, 0),
(50, 'Items', 'Add', 'Add New Item', 1, 0),
(51, 'Items', 'Index', 'List Items', 1, 0),
(52, 'Items', 'Edit', '', 0, 0),
(53, 'Items', 'EditCompany', '', 0, 0),
(54, 'Vendors', 'Add', 'Add New Supplier', 1, 0),
(55, 'Vendors', 'Index', 'List Suppliers', 1, 0),
(56, 'Vendors', 'Edit', '', 0, 0),
(57, 'Vendors', 'EditCompany', '', 0, 0),
(58, 'Companies', 'Add', 'Add New Company', 1, 0),
(59, 'Companies', 'Index', 'List Companies', 1, 0),
(60, 'Companies', 'Edit', '', 0, 0),
(61, 'ItemCategories', 'Index', 'Item Categories', 1, 0),
(62, 'ItemGroups', 'Index', 'Item Groups', 1, 0),
(63, 'ItemSubGroups', 'Index', 'Item Sub-Groups', 1, 0),
(64, 'Units', 'Index', 'Units', 1, 0),
(65, 'CustomerGroups', 'index', 'Customer Groups', 1, 0),
(66, 'CustomerSegs', 'Add', 'Customers Segments', 1, 0),
(67, 'SaleTaxes', 'Index', 'Sale-Taxes', 1, 0),
(68, 'Filenames', 'Index', 'Files', 1, 0),
(69, 'Filenames', 'Index2', '', 0, 0),
(70, 'Transporters', 'Index', 'Transporters', 1, 0),
(71, 'Districts', 'Add', 'Districts', 1, 0),
(72, 'Designations', 'Index', 'Designations', 1, 0),
(73, 'Departments', 'Index', 'Departments', 1, 0),
(74, 'ledgerAccounts', 'Index', 'Ledger Accounts', 1, 0),
(75, 'ledgerAccounts', 'Edit', '', 0, 0),
(76, 'AccountReferences', 'Index', 'Account References', 1, 0),
(77, 'AccountReferences', 'Edit', '', 0, 0),
(78, 'Ledgers', 'openingBalance', 'Opening Balance', 1, 0),
(79, 'Ledgers', 'openingBalanceView', '', 0, 0),
(80, 'Items', 'openingBalance', 'Item Opening Balance', 1, 0),
(81, 'Items', 'openingBalanceView', '', 0, 0),
(82, 'TermsConditions', 'Index', 'Terms&Conditions', 1, 0),
(83, 'TermsConditions', 'Edit', '', 0, 0),
(84, 'Items', 'cost', 'Item Price Factor', 1, 0),
(85, 'Items', 'costView', '', 0, 0),
(86, 'QuotationCloseReasons', 'Index', 'Quotation Close Reason', 1, 0),
(87, 'QuotationCloseReasons', 'Edit', '', 0, 0),
(88, 'LeaveTypes', 'Index', 'Leave Types', 1, 0),
(89, 'LeaveTypes', 'Edit', '', 0, 0),
(90, 'Payments', 'Add', '', 0, 0),
(91, 'Payments', 'Edit', '', 0, 0),
(92, 'Payments', 'View', '', 0, 0),
(93, 'Payments', 'Index', '', 0, 0),
(94, 'Receipts', 'Add', '', 0, 0),
(95, 'Receipts', 'Edit', '', 0, 0),
(96, 'Receipts', 'View', '', 0, 0),
(97, 'Receipts', 'Index', '', 0, 0),
(98, 'PettyCashReceiptVouchers', 'Add', '', 0, 0),
(99, 'PettyCashReceiptVouchers', 'Edit', '', 0, 0),
(100, 'PettyCashReceiptVouchers', 'View', '', 0, 0),
(101, 'PettyCashReceiptVouchers', 'Index', '', 0, 0),
(102, 'ContraVouchers', 'Add', '', 0, 0),
(103, 'ContraVouchers', 'Edit', '', 0, 0),
(104, 'ContraVouchers', 'View', '', 0, 0),
(105, 'ContraVouchers', 'Index', '', 0, 0),
(106, 'CreditNotes', 'Add', '', 0, 0),
(107, 'CreditNotes', 'Edit', '', 0, 0),
(108, 'CreditNotes', 'View', '', 0, 0),
(109, 'CreditNotes', 'Index', '', 0, 0),
(110, 'DebitNotes', 'Add', '', 0, 0),
(111, 'DebitNotes', 'Edit', '', 0, 0),
(112, 'DebitNotes', 'View', '', 0, 0),
(113, 'DebitNotes', 'Index', '', 0, 0),
(114, 'JournalVouchers', 'Add', '', 0, 0),
(115, 'JournalVouchers', 'Edit', '', 0, 0),
(116, 'JournalVouchers', 'View', '', 0, 0),
(117, 'JournalVouchers', 'Index', '', 0, 0),
(118, 'VouchersReferences', 'Index', '', 0, 0),
(119, 'VouchersReferences', 'Edit', '', 0, 0),
(120, 'MaterialIndents', 'Report', '', 0, 0),
(121, 'FinancialYears', '', 'Financial Year', 1, 0),
(122, 'FinancialMonths', '', 'Financial Month', 1, 0),
(123, 'InvoiceBookings', 'view', '', 0, 0),
(124, 'MaterialIndents', 'AddNew', '', 0, 0),
(125, 'MaterialIndents', 'View', '', 0, 0),
(126, 'Ledgers', 'bankReconciliationAdd', '', 0, 0),
(127, 'Ledgers', 'bankReconciliationView', '', 0, 0),
(128, 'Invoices', 'salesReport', '', 0, 0),
(129, 'PurchaseReturns', 'Add', '', 0, 0),
(130, 'PurchaseReturns', 'Edit', '', 0, 0),
(131, 'PurchaseReturns', 'View', '', 0, 0),
(132, 'PurchaseReturns', 'Index', '', 0, 0),
(133, 'SaleReturns', 'Add', '', 0, 0),
(134, 'SaleReturns', 'Edit', '', 0, 0),
(135, 'SaleReturns', 'View', '', 0, 0),
(136, 'SaleReturns', 'Index', '', 0, 0),
(137, 'InventoryTransferVouchers', 'Add', '', 0, 0),
(138, 'InventoryTransferVouchers', 'Edit', '', 0, 0),
(139, 'InventoryTransferVouchers', 'View', '', 0, 0),
(140, 'InventoryTransferVouchers', 'Index', '', 0, 0),
(141, 'Customers', 'BreakupRangeOverdue', '', 0, 0),
(142, 'Customers', 'OverDueReport', '', 0, 0),
(143, 'InventoryTransferVouchers', 'OutView', '', 0, 0),
(144, 'InventoryTransferVouchers', 'InView', '', 0, 0),
(145, 'InventoryTransferVouchers', 'InventoryIn', '', 0, 0),
(146, 'InventoryTransferVouchers', 'InventoryOut', '', 0, 0),
(147, 'InventoryTransferVouchers', 'editOut', '', 0, 0),
(148, 'InventoryTransferVouchers', 'editIn', '', 0, 0),
(149, 'SalesOrders', 'gstSalesOrderAdd', '', 0, 0),
(150, 'SalesOrders', 'gstSalesOrderEdit', '', 0, 0);

-- --------------------------------------------------------

--
-- Table structure for table `payments`
--

CREATE TABLE `payments` (
  `id` int(10) NOT NULL,
  `voucher_no` int(10) NOT NULL,
  `bank_cash_id` int(10) NOT NULL,
  `created_by` int(10) NOT NULL,
  `created_on` date NOT NULL,
  `payment_mode` varchar(50) NOT NULL,
  `company_id` int(10) NOT NULL,
  `transaction_date` date NOT NULL,
  `edited_by` int(10) NOT NULL,
  `edited_on` date NOT NULL,
  `cheque_no` varchar(100) NOT NULL
) ENGINE=InnoDB DEFAULT CHARSET=latin1;

-- --------------------------------------------------------

--
-- Table structure for table `payment_rows`
--

CREATE TABLE `payment_rows` (
  `id` int(10) NOT NULL,
  `payment_id` int(10) NOT NULL,
  `received_from_id` int(10) NOT NULL,
  `amount` decimal(20,5) NOT NULL,
  `cr_dr` varchar(5) NOT NULL,
  `narration` text NOT NULL,
  `grn_ids` varchar(255) DEFAULT NULL,
  `invoice_ids` varchar(255) DEFAULT NULL
) ENGINE=InnoDB DEFAULT CHARSET=latin1;

-- --------------------------------------------------------

--
-- Table structure for table `payment_vouchers`
--

CREATE TABLE `payment_vouchers` (
  `id` int(10) NOT NULL,
  `voucher_no` varchar(10) NOT NULL,
  `created_on` date NOT NULL,
  `transaction_date` date NOT NULL,
  `paid_to_id` int(10) NOT NULL,
  `payment_mode` varchar(100) NOT NULL,
  `cash_bank_account_id` int(10) NOT NULL,
  `narration` text NOT NULL,
  `amount` decimal(15,2) NOT NULL,
  `cheque_no` varchar(25) NOT NULL,
  `company_id` int(11) NOT NULL,
  `created_by` int(11) NOT NULL,
  `edited_by` int(10) NOT NULL,
  `edited_on` date NOT NULL,
  `advance_amount` decimal(10,2) NOT NULL,
  `receipt_type` varchar(15) NOT NULL
) ENGINE=InnoDB DEFAULT CHARSET=latin1;

-- --------------------------------------------------------

--
-- Table structure for table `petty_cash_vouchers`
--

CREATE TABLE `petty_cash_vouchers` (
  `id` int(10) NOT NULL,
  `voucher_no` int(10) NOT NULL,
  `bank_cash_id` int(10) NOT NULL,
  `created_by` int(10) NOT NULL,
  `created_on` date NOT NULL,
  `payment_mode` varchar(50) NOT NULL,
  `company_id` int(10) NOT NULL,
  `transaction_date` date NOT NULL,
  `edited_by` int(10) NOT NULL,
  `edited_on` date NOT NULL,
  `cheque_no` varchar(100) NOT NULL
) ENGINE=InnoDB DEFAULT CHARSET=latin1;

-- --------------------------------------------------------

--
-- Table structure for table `petty_cash_voucher_rows`
--

CREATE TABLE `petty_cash_voucher_rows` (
  `id` int(10) NOT NULL,
  `petty_cash_voucher_id` int(10) NOT NULL,
  `received_from_id` int(10) NOT NULL,
  `amount` decimal(20,5) NOT NULL,
  `cr_dr` varchar(5) NOT NULL,
  `narration` text NOT NULL,
  `auto_inc` int(10) NOT NULL,
  `grn_ids` varchar(255) DEFAULT NULL,
  `invoice_ids` varchar(255) DEFAULT NULL
) ENGINE=InnoDB DEFAULT CHARSET=latin1;

-- --------------------------------------------------------

--
-- Table structure for table `purchase_orders`
--

CREATE TABLE `purchase_orders` (
  `id` int(10) NOT NULL,
  `company_id` int(10) NOT NULL,
  `vendor_id` int(10) NOT NULL,
  `shipping_method` varchar(100) NOT NULL,
  `shipping_terms` int(5) NOT NULL,
  `delivery_date` date NOT NULL,
  `total` decimal(15,2) NOT NULL,
  `terms_conditions` text NOT NULL,
  `po1` varchar(10) NOT NULL,
  `po2` int(10) NOT NULL,
  `po3` varchar(10) NOT NULL,
  `po4` varchar(10) NOT NULL,
  `discount` decimal(5,2) NOT NULL,
  `discount_per` decimal(5,2) NOT NULL,
  `pnf` varchar(100) NOT NULL,
  `pnf_type` varchar(5) NOT NULL,
  `excise_duty` varchar(50) NOT NULL,
  `descryption` varchar(255) NOT NULL,
  `grand_total` decimal(18,2) NOT NULL,
  `material_to_be_transported` varchar(255) NOT NULL,
  `delivery` varchar(255) NOT NULL,
  `lr_to_be_prepared_in_favour_of` varchar(255) NOT NULL,
  `payment_terms` varchar(255) NOT NULL,
  `road_permit_form47` varchar(255) NOT NULL,
  `transporter_id` int(10) NOT NULL,
  `sale_tax_per` decimal(4,2) NOT NULL,
  `created_by` int(10) NOT NULL,
  `date_created` date NOT NULL,
  `customer_id` int(10) NOT NULL,
  `discount_type` varchar(5) NOT NULL,
  `sale_tax_description` text NOT NULL,
  `is_exceise_for_customer` varchar(10) NOT NULL,
  `pdf_font_size` varchar(10) NOT NULL DEFAULT '16px',
  `customer_address` text NOT NULL,
  `edited_by` int(11) NOT NULL,
  `edited_on` date NOT NULL,
  `material_indent_id` int(11) NOT NULL
) ENGINE=InnoDB DEFAULT CHARSET=latin1;

--
-- Dumping data for table `purchase_orders`
--

INSERT INTO `purchase_orders` (`id`, `company_id`, `vendor_id`, `shipping_method`, `shipping_terms`, `delivery_date`, `total`, `terms_conditions`, `po1`, `po2`, `po3`, `po4`, `discount`, `discount_per`, `pnf`, `pnf_type`, `excise_duty`, `descryption`, `grand_total`, `material_to_be_transported`, `delivery`, `lr_to_be_prepared_in_favour_of`, `payment_terms`, `road_permit_form47`, `transporter_id`, `sale_tax_per`, `created_by`, `date_created`, `customer_id`, `discount_type`, `sale_tax_description`, `is_exceise_for_customer`, `pdf_font_size`, `customer_address`, `edited_by`, `edited_on`, `material_indent_id`) VALUES
(1, 25, 39, '', 0, '1970-01-01', '2349.00', '', 'STL', 1, 'BE-3251', '17-18', '10.00', '0.00', '10', '', 'wertyh', 'Dear Sir,\r\nWith reference to your price list we are pleased to place an order for the following items as per conditions given below.', '0.00', 'asdfg', '2 day', 'Shilpa Trade Links Pvt. Ltd.', 'asdfg', '47', 12, '5.50', 23, '2017-11-18', 1, '%', 'VAT @ 5.50%', 'No', '16px', 'Dariba Smelter Complex\r\nRajpura Dariba Mines\r\nRajsamand - 313211', 23, '2017-11-18', 0),
(2, 25, 39, '', 0, '1970-01-01', '333.00', '', 'STL', 2, 'BE-3251', '17-18', '10.00', '0.00', '10', '', 'sed', 'Dear Sir,\r\nWith reference to your price list we are pleased to place an order for the following items as per conditions given below.', '0.00', '2', '2', 'Shilpa Trade Links Pvt. Ltd.', 'asd', '47', 7, '0.00', 23, '2017-11-18', 1, '', 'NIL CST agst C & E1 Form', 'No', '16px', 'Dariba Smelter Complex\r\nRajpura Dariba Mines\r\nRajsamand - 313211', 23, '2017-11-18', 0),
(3, 25, 39, '', 0, '1970-01-01', '80350.00', '', 'STL', 3, 'BE-3239', '17-18', '10.00', '0.00', '10', '', '2', 'Dear Sir,\r\nWith reference to your price list we are pleased to place an order for the following items as per conditions given below.', '0.00', '2', '2', 'Shilpa Trade Links Pvt. Ltd.', 'term', '47', 17, '5.50', 23, '2017-11-18', 4, '', 'VAT @ 5.50%', 'No', '16px', 'Bangur Nagar \r\nPost Box no 33\r\nBeawar; 305901 Distt: Ajmer (Rajasthan)', 0, '0000-00-00', 0),
(4, 25, 39, '', 0, '1970-01-01', '15129.00', '', 'STL', 4, 'BE-3251', '17-18', '12.00', '0.00', '21', '', 'qa', 'Dear Sir,\r\nWith reference to your price list we are pleased to place an order for the following items as per conditions given below.', '0.00', 'qaz', 'qaz', 'Shilpa Trade Links Pvt. Ltd.', 'term', '47', 27, '0.00', 23, '2017-11-22', 1, '', 'NIL CST agst C & E1 Form', 'No', '16px', 'Dariba Smelter Complex\r\nRajpura Dariba Mines\r\nRajsamand - 313211', 0, '0000-00-00', 0),
(5, 25, 39, '', 0, '1970-01-01', '400.00', '', 'STL', 5, 'BE-3251', '17-18', '2.00', '0.00', '', '', 'duty', 'Dear Sir,\r\nWith reference to your price list we are pleased to place an order for the following items as per conditions given below.', '0.00', 'qw', '2', 'Shilpa Trade Links Pvt. Ltd.', 'term', '47', 12, '2.00', 23, '2017-11-22', 1, '', '2% CST against C Form ', 'No', '16px', 'Dariba Smelter Complex\r\nRajpura Dariba Mines\r\nRajsamand - 313211', 0, '0000-00-00', 0),
(6, 25, 39, '', 0, '1970-01-01', '1450.00', '', 'STL', 6, 'BE-3236', '17-18', '12.50', '0.00', '10', '', 'asd', 'Dear Sir,\r\nWith reference to your price list we are pleased to place an order for the following items as per conditions given below.', '0.00', 'asdew', 'dse', 'Shilpa Trade Links Pvt. Ltd.', 'term', '47', 7, '0.00', 23, '2017-11-23', 2, '%', 'NIL CST agst C & E1 Form', 'No', '16px', 'Unit-Aditya Cement Works\r\nAdityapuram Shambhura\r\nChittorgarh', 0, '0000-00-00', 0),
(7, 25, 39, '', 0, '1970-01-01', '746.00', '', 'STL', 7, 'BE-3239', '17-18', '0.00', '0.00', '', '', 'dfsfs', 'Dear Sir,\r\nWith reference to your price list we are pleased to place an order for the following items as per conditions given below.', '0.00', 'qwsedf', 'ddssd', 'Shilpa Trade Links Pvt. Ltd.', 'payment', '47', 33, '0.00', 23, '2017-11-23', 4, '', 'NIL CST agst C & E1 Form', 'No', '16px', 'Bangur Nagar \r\nPost Box no 33\r\nBeawar; 305901 Distt: Ajmer (Rajasthan)', 0, '0000-00-00', 0),
(8, 25, 39, '', 0, '1970-01-01', '1844.00', '', 'STL', 8, 'BE-3236', '17-18', '12.00', '0.00', '12', '', 'qa', 'Dear Sir,\r\nWith reference to your price list we are pleased to place an order for the following items as per conditions given below.', '0.00', 'qwer', 'asdf', 'Shilpa Trade Links Pvt. Ltd.', 'payment', '47', 17, '2.00', 23, '2017-11-23', 2, '', '2% CST against C Form ', 'No', '16px', 'Unit-Aditya Cement Works\r\nAdityapuram Shambhura\r\nChittorgarh', 0, '0000-00-00', 0),
(9, 25, 39, '', 0, '1970-01-01', '200.00', '', 'STL', 9, 'BE-3251', '17-18', '100.00', '0.00', '10', '', 'duty', 'Dear Sir,\r\nWith reference to your price list we are pleased to place an order for the following items as per conditions given below.', '0.00', 'as', 'delivery', 'Shilpa Trade Links Pvt. Ltd.', 'term', '47', 6, '9.00', 23, '2017-11-24', 1, '', 'CGST 9%', 'No', '16px', 'Dariba Smelter Complex\r\nRajpura Dariba Mines\r\nRajsamand - 313211', 0, '0000-00-00', 0),
(10, 25, 39, '', 0, '1970-01-01', '869.00', '', 'STL', 10, 'BE-3239', '17-18', '2.50', '0.00', '2.5', '', 'duty', 'Dear Sir,\r\nWith reference to your price list we are pleased to place an order for the following items as per conditions given below.', '0.00', 'mtbt', 'd', 'Shilpa Trade Links Pvt. Ltd.', 'pt', 'rpf47', 17, '9.00', 23, '2017-11-24', 4, '%', 'CGST 9%', 'No', '16px', 'Bangur Nagar \r\nPost Box no 33\r\nBeawar; 305901 Distt: Ajmer (Rajasthan)', 0, '0000-00-00', 0),
(11, 25, 39, '', 0, '1970-01-01', '7200.00', '', 'STL', 11, 'BE-3450', '17-18', '11.00', '0.00', '', '', 'duty', 'Dear Sir,\r\nWith reference to your price list we are pleased to place an order for the following items as per conditions given below.', '0.00', 'material', 'delivery', 'Shilpa Trade Links Pvt. Ltd.', 'paymemt', '47', 27, '5.50', 23, '2017-11-24', 30, '', 'VAT @ 5.50%', 'No', '16px', 'Village -Khapradig ,Teh :-Simga\r\nBhatapara ,Baloda Bazar Raipur -493332\r\nChattisgarh', 0, '0000-00-00', 0),
(12, 25, 39, '', 0, '1970-01-01', '6166.00', '', 'STL', 12, 'BE-2720', '17-18', '10.00', '0.00', '10', '', 'duty', 'Dear Sir,\r\nWith reference to your price list we are pleased to place an order for the following items as per conditions given below.', '0.00', 'm', 'delivery', 'Shilpa Trade Links Pvt. Ltd.', 'pt', 'rpf', 7, '5.50', 23, '2017-11-24', 26, '%', 'VAT @ 5.50%', 'No', '16px', 'Unit-Kotputli Cement Works\r\nVillage - Mohanpura\r\nTeh - Kotputli, Dist. Jaipur-303108', 0, '0000-00-00', 0),
(13, 25, 39, '', 0, '1970-01-01', '1200.00', '', 'STL', 13, 'BE-3239', '17-18', '0.00', '0.00', '', '', 'duty', 'Dear Sir,\r\nWith reference to your price list we are pleased to place an order for the following items as per conditions given below.', '0.00', 'ws', '22', 'Shilpa Trade Links Pvt. Ltd.', 'term', '47', 12, '5.50', 23, '2017-11-28', 4, '', 'VAT @ 5.50%', 'No', '16px', 'Bangur Nagar \r\nPost Box no 33\r\nBeawar; 305901 Distt: Ajmer (Rajasthan)', 0, '0000-00-00', 0),
(14, 25, 39, '', 0, '1970-01-01', '1600.00', '', 'STL', 14, 'BE-3239', '17-18', '0.00', '0.00', '', '', 'duty', 'Dear Sir,\r\nWith reference to your price list we are pleased to place an order for the following items as per conditions given below.', '0.00', 'wsx', 'ws', 'Shilpa Trade Links Pvt. Ltd.', 'term', '47', 17, '2.00', 23, '2017-11-28', 4, '', '2% CST against C Form ', 'No', '16px', 'Bangur Nagar \r\nPost Box no 33\r\nBeawar; 305901 Distt: Ajmer (Rajasthan)', 0, '0000-00-00', 0),
(15, 25, 39, '', 0, '1970-01-01', '1600.00', '', 'STL', 15, 'BE-3236', '17-18', '0.00', '0.00', '', '', 's', 'Dear Sir,\r\nWith reference to your price list we are pleased to place an order for the following items as per conditions given below.', '0.00', 'ws', 's', 'Shilpa Trade Links Pvt. Ltd.', 'ss', 's', 7, '5.50', 23, '2017-11-28', 2, '', 'VAT @ 5.50%', 'No', '16px', 'Unit-Aditya Cement Works\r\nAdityapuram Shambhura\r\nChittorgarh', 0, '0000-00-00', 0);

-- --------------------------------------------------------

--
-- Table structure for table `purchase_order_rows`
--

CREATE TABLE `purchase_order_rows` (
  `id` int(10) NOT NULL,
  `purchase_order_id` int(10) NOT NULL,
  `item_id` int(10) NOT NULL,
  `description` text NOT NULL,
  `quantity` decimal(10,2) NOT NULL,
  `rate` decimal(10,2) NOT NULL,
  `amount` decimal(15,2) NOT NULL,
  `height` int(3) NOT NULL,
  `pull_status` varchar(20) NOT NULL DEFAULT 'Direct',
  `material_indent_row_id` int(11) NOT NULL
) ENGINE=InnoDB DEFAULT CHARSET=latin1;

--
-- Dumping data for table `purchase_order_rows`
--

INSERT INTO `purchase_order_rows` (`id`, `purchase_order_id`, `item_id`, `description`, `quantity`, `rate`, `amount`, `height`, `pull_status`, `material_indent_row_id`) VALUES
(1, 1, 556, '<p>asdfghjkl</p>', '10.00', '100.00', '1000.00', 0, 'Direct', 0),
(2, 1, 577, '<p>qwe</p>', '4.00', '250.50', '1002.00', 0, 'Direct', 0),
(3, 1, 1658, '<p>aws</p>', '2.00', '123.00', '246.00', 0, 'Direct', 0),
(4, 1, 1658, '<p>asdf</p>', '1.00', '101.00', '101.00', 0, 'Direct', 0),
(5, 2, 556, '<p>sdfgh</p>', '1.00', '111.00', '111.00', 0, 'Direct', 0),
(6, 2, 556, '<p><br></p>', '1.00', '222.00', '222.00', 0, 'Direct', 0),
(7, 3, 556, '<p>wertyu</p>', '10.00', '100.00', '1000.00', 0, 'Direct', 0),
(8, 3, 556, '<p>sdfghj</p>', '120.00', '200.00', '24000.00', 0, 'Direct', 0),
(9, 3, 556, '<p>asdfghj</p>', '123.00', '250.00', '30750.00', 0, 'Direct', 0),
(10, 3, 577, '<p>asdfghj</p>', '200.00', '123.00', '24600.00', 0, 'Direct', 0),
(11, 4, 556, '<p>SWG</p>', '123.00', '123.00', '15129.00', 0, 'Direct', 0),
(12, 5, 556, '<p>asdfghjkl</p>', '2.00', '100.00', '200.00', 0, 'Direct', 0),
(13, 5, 556, '<p>sdfgbhn</p>', '2.00', '100.00', '200.00', 0, 'Direct', 0),
(14, 6, 556, '<p>asdfghjk</p>', '4.00', '200.00', '800.00', 0, 'Direct', 0),
(15, 6, 556, '<p>asdfghj</p>', '3.00', '150.00', '450.00', 0, 'Direct', 0),
(16, 6, 556, '<p>aswertghyjk</p>', '2.00', '100.00', '200.00', 0, 'Direct', 0),
(17, 7, 556, '<p><br></p>', '5.00', '100.00', '500.00', 0, 'Direct', 0),
(18, 7, 556, '<p><br></p>', '2.00', '123.00', '246.00', 0, 'Direct', 0),
(19, 8, 556, '<p><br></p>', '5.00', '100.00', '500.00', 0, 'Direct', 0),
(20, 8, 556, '<p><br></p>', '6.00', '100.00', '600.00', 0, 'Direct', 0),
(21, 8, 556, '<p><br></p>', '3.00', '100.00', '300.00', 0, 'Direct', 0),
(22, 8, 1733, '<p><br></p>', '2.00', '222.00', '444.00', 0, 'Direct', 0),
(23, 9, 556, '<p>asdfghj</p>', '2.00', '100.00', '200.00', 0, 'Direct', 0),
(24, 10, 556, '<p><br></p>', '5.00', '100.00', '500.00', 0, 'Direct', 0),
(25, 10, 556, '<p><br></p>', '3.00', '123.00', '369.00', 0, 'Direct', 0),
(26, 11, 556, '<p>kkk</p>', '10.00', '100.00', '1000.00', 0, 'Direct', 0),
(27, 11, 556, '<p><br></p>', '12.00', '500.00', '6000.00', 0, 'Direct', 0),
(28, 11, 556, '<p>kk</p>', '2.00', '100.00', '200.00', 0, 'Direct', 0),
(29, 12, 556, '<p><br></p>', '4.00', '400.00', '1600.00', 0, 'Direct', 0),
(30, 12, 556, '<p><br></p>', '4.00', '1000.00', '4000.00', 0, 'Direct', 0),
(31, 12, 598, '<p><br></p>', '3.00', '122.00', '366.00', 0, 'Direct', 0),
(32, 12, 556, '<p><br></p>', '2.00', '100.00', '200.00', 0, 'Direct', 0),
(33, 13, 556, '<p><br></p>', '12.00', '100.00', '1200.00', 0, 'Direct', 0),
(34, 14, 556, '<p><br></p>', '4.00', '100.00', '400.00', 0, 'Direct', 0),
(35, 14, 556, '<p><br></p>', '4.00', '100.00', '400.00', 0, 'Direct', 0),
(36, 14, 556, '<p><br></p>', '8.00', '100.00', '800.00', 0, 'Direct', 0),
(37, 15, 556, '<p><br></p>', '4.00', '100.00', '400.00', 0, 'Direct', 0),
(38, 15, 556, '<p><br></p>', '4.00', '100.00', '400.00', 0, 'Direct', 0),
(39, 15, 556, '<p><br></p>', '8.00', '100.00', '800.00', 0, 'Direct', 0);

-- --------------------------------------------------------

--
-- Table structure for table `purchase_returns`
--

CREATE TABLE `purchase_returns` (
  `id` int(10) NOT NULL,
  `invoice_booking_id` int(10) NOT NULL,
  `created_on` date NOT NULL,
  `company_id` int(10) NOT NULL,
  `created_by` int(10) NOT NULL,
  `voucher_no` int(10) NOT NULL,
  `purchase_ledger_account` int(10) NOT NULL,
  `vendor_id` int(10) NOT NULL,
  `transaction_date` date NOT NULL,
  `total_cgst_amount` decimal(15,2) NOT NULL,
  `total_sgst_amount` decimal(15,2) NOT NULL,
  `total_igst_amount` decimal(15,2) NOT NULL,
  `total_taxable_value` decimal(15,2) NOT NULL,
  `total` decimal(15,2) NOT NULL,
  `due_payment` decimal(15,2) NOT NULL,
  `supplier_date` date NOT NULL,
  `cst_vat` varchar(25) NOT NULL,
  `gst_type` varchar(25) NOT NULL DEFAULT 'Non-Gst'
) ENGINE=InnoDB DEFAULT CHARSET=latin1;

-- --------------------------------------------------------

--
-- Table structure for table `purchase_return_rows`
--

CREATE TABLE `purchase_return_rows` (
  `id` int(11) NOT NULL,
  `purchase_return_id` int(10) NOT NULL,
  `item_id` int(11) NOT NULL,
  `quantity` decimal(10,2) NOT NULL,
  `vat_per_item` decimal(15,5) NOT NULL,
  `unit_rate_from_po` decimal(15,2) NOT NULL,
  `pnf_per` tinyint(4) NOT NULL,
  `pnf` decimal(15,2) NOT NULL,
  `rate` decimal(15,2) NOT NULL,
  `amount` decimal(15,2) NOT NULL,
  `description` varchar(255) NOT NULL,
  `total` decimal(15,2) NOT NULL,
  `gst_discount_per` varchar(11) NOT NULL,
  `gst_pnf_per` varchar(11) NOT NULL,
  `cgst_per` varchar(11) NOT NULL,
  `cgst` decimal(15,2) NOT NULL,
  `sgst_per` varchar(11) NOT NULL,
  `sgst` decimal(15,2) NOT NULL,
  `igst_per` varchar(11) NOT NULL,
  `igst` decimal(15,2) NOT NULL,
  `taxable_value` decimal(15,2) NOT NULL,
  `discount` varchar(11) NOT NULL,
  `invoice_booking_row_id` int(11) NOT NULL
) ENGINE=InnoDB DEFAULT CHARSET=latin1;

-- --------------------------------------------------------

--
-- Table structure for table `quotations`
--

CREATE TABLE `quotations` (
  `id` int(11) NOT NULL,
  `customer_id` int(10) NOT NULL,
  `customer_address` text NOT NULL,
  `employee_id` int(10) NOT NULL,
  `item_group_id` int(10) NOT NULL,
  `finalisation_date` date NOT NULL,
  `customer_for_attention` varchar(100) NOT NULL,
  `customer_contact_no` varchar(200) NOT NULL,
  `enquiry_no` varchar(200) NOT NULL,
  `subject` varchar(200) NOT NULL,
  `text` text NOT NULL,
  `additional_note` text NOT NULL,
  `terms_conditions` text NOT NULL,
  `total` decimal(15,2) NOT NULL,
  `status` varchar(100) NOT NULL DEFAULT 'Pending',
  `company_id` int(10) NOT NULL,
  `qt1` varchar(10) NOT NULL,
  `qt2` int(10) NOT NULL,
  `qt3` varchar(10) NOT NULL,
  `qt4` varchar(10) NOT NULL,
  `created_by` int(10) NOT NULL,
  `edited_by` int(10) NOT NULL,
  `created_on` date NOT NULL,
  `edited_on` date NOT NULL,
  `reason` varchar(200) NOT NULL,
  `closing_date` date NOT NULL,
  `revision` int(10) NOT NULL,
  `quotation_id` int(10) NOT NULL,
  `pdf_font_size` varchar(10) NOT NULL DEFAULT '16px'
) ENGINE=InnoDB DEFAULT CHARSET=latin1;

--
-- Dumping data for table `quotations`
--

INSERT INTO `quotations` (`id`, `customer_id`, `customer_address`, `employee_id`, `item_group_id`, `finalisation_date`, `customer_for_attention`, `customer_contact_no`, `enquiry_no`, `subject`, `text`, `additional_note`, `terms_conditions`, `total`, `status`, `company_id`, `qt1`, `qt2`, `qt3`, `qt4`, `created_by`, `edited_by`, `created_on`, `edited_on`, `reason`, `closing_date`, `revision`, `quotation_id`, `pdf_font_size`) VALUES
(1, 7, 'NH 90, Atru Road, \r\nVillage Kawai, Taluka Atru, \r\nBaran 325 219, (Raj)', 15, 17, '2017-11-30', 'Sanjay Jain', '8875024904', 'swe', 'aa', 'With reference to above enquiry we are pleased to submit our quote as follows :-', 'zsxzx', 'zxzxzxzxz', '1070.00', 'Pending', 25, 'STL', 1, 'BE-3147', '17-18', 23, 0, '2017-11-29', '0000-00-00', '', '0000-00-00', 0, 1, '16px'),
(2, 7, 'NH 90, Atru Road, \r\nVillage Kawai, Taluka Atru, \r\nBaran 325 219, (Raj)', 15, 17, '2017-11-30', 'Sanjay Jain', '8875024904', 'swe', 'aa', 'With reference to above enquiry we are pleased to submit our quote as follows :-', 'zsxzx', '\r\n					zxzxzxzxz\r\n				', '1270.00', 'Converted into SalesOrder', 25, 'STL', 2, 'BE-3147', '17-18', 23, 0, '2017-12-01', '0000-00-00', '', '0000-00-00', 0, 2, '16px');

-- --------------------------------------------------------

--
-- Table structure for table `quotation_close_reasons`
--

CREATE TABLE `quotation_close_reasons` (
  `id` int(10) NOT NULL,
  `reason` text NOT NULL
) ENGINE=MyISAM DEFAULT CHARSET=latin1;

-- --------------------------------------------------------

--
-- Table structure for table `quotation_rows`
--

CREATE TABLE `quotation_rows` (
  `id` int(10) NOT NULL,
  `quotation_id` int(10) NOT NULL,
  `item_id` int(10) NOT NULL,
  `description` text NOT NULL,
  `quantity` decimal(10,2) NOT NULL,
  `rate` decimal(10,2) NOT NULL,
  `amount` decimal(15,2) NOT NULL,
  `height` int(10) DEFAULT '0'
) ENGINE=InnoDB DEFAULT CHARSET=latin1;

--
-- Dumping data for table `quotation_rows`
--

INSERT INTO `quotation_rows` (`id`, `quotation_id`, `item_id`, `description`, `quantity`, `rate`, `amount`, `height`) VALUES
(1, 1, 556, '<p><br></p>', '1.00', '100.00', '100.00', 0),
(2, 1, 1733, '<p><br></p>', '3.00', '190.00', '570.00', 0),
(3, 1, 1151, '<p><br></p>', '4.00', '100.00', '400.00', 0),
(4, 2, 556, '<p><br></p>', '1.00', '100.00', '100.00', 0),
(5, 2, 1733, '<p><br></p>', '3.00', '190.00', '570.00', 0),
(6, 2, 1151, '<p><br></p>', '4.00', '100.00', '400.00', 0),
(7, 2, 1151, '<p><br></p>', '2.00', '100.00', '200.00', 0);

-- --------------------------------------------------------

--
-- Table structure for table `receipts`
--

CREATE TABLE `receipts` (
  `id` int(10) NOT NULL,
  `voucher_no` int(10) NOT NULL,
  `bank_cash_id` int(10) NOT NULL,
  `created_by` int(10) NOT NULL,
  `created_on` date NOT NULL,
  `payment_mode` varchar(50) NOT NULL,
  `company_id` int(10) NOT NULL,
  `transaction_date` date NOT NULL,
  `edited_by` int(10) NOT NULL,
  `edited_on` date NOT NULL,
  `cheque_no` varchar(100) NOT NULL,
  `narration` text NOT NULL
) ENGINE=InnoDB DEFAULT CHARSET=latin1;

-- --------------------------------------------------------

--
-- Table structure for table `receipt_rows`
--

CREATE TABLE `receipt_rows` (
  `id` int(10) NOT NULL,
  `receipt_id` int(10) NOT NULL,
  `received_from_id` int(10) NOT NULL,
  `amount` decimal(20,5) NOT NULL,
  `cr_dr` varchar(5) NOT NULL
) ENGINE=InnoDB DEFAULT CHARSET=latin1;

-- --------------------------------------------------------

--
-- Table structure for table `receipt_vouchers`
--

CREATE TABLE `receipt_vouchers` (
  `id` int(11) NOT NULL,
  `voucher_no` varchar(10) NOT NULL,
  `received_from_id` int(11) NOT NULL,
  `bank_cash_id` int(11) NOT NULL,
  `narration` text NOT NULL,
  `amount` decimal(15,2) NOT NULL,
  `created_by` int(11) NOT NULL,
  `created_on` date NOT NULL,
  `payment_mode` varchar(10) NOT NULL,
  `company_id` int(11) NOT NULL,
  `transaction_date` date NOT NULL,
  `edited_by` int(10) NOT NULL,
  `edited_on` date NOT NULL,
  `cheque_no` varchar(20) NOT NULL,
  `receipt_type` varchar(25) NOT NULL,
  `advance_amount` decimal(10,2) NOT NULL
) ENGINE=InnoDB DEFAULT CHARSET=latin1;

-- --------------------------------------------------------

--
-- Table structure for table `reference_details`
--

CREATE TABLE `reference_details` (
  `id` int(25) NOT NULL,
  `ledger_account_id` int(25) NOT NULL,
  `receipt_id` int(25) NOT NULL,
  `payment_id` int(10) NOT NULL,
  `payment_row_id` int(11) NOT NULL,
  `invoice_id` int(10) NOT NULL,
  `reference_no` varchar(50) NOT NULL,
  `opening_balance` varchar(55) NOT NULL DEFAULT 'No',
  `credit` decimal(10,2) NOT NULL,
  `debit` decimal(10,2) NOT NULL,
  `reference_type` varchar(30) NOT NULL,
  `invoice_booking_id` int(10) NOT NULL,
  `credit_note_id` int(10) NOT NULL,
  `journal_voucher_id` int(10) NOT NULL,
  `journal_voucher_row_id` int(11) NOT NULL,
  `sale_return_id` int(10) NOT NULL,
  `purchase_return_id` int(10) NOT NULL,
  `petty_cash_voucher_id` int(10) NOT NULL,
  `petty_cash_voucher_row_id` int(11) NOT NULL,
  `nppayment_id` int(11) NOT NULL,
  `nppayment_row_id` int(11) NOT NULL,
  `contra_voucher_id` int(11) NOT NULL,
  `contra_voucher_row_id` int(11) NOT NULL,
  `transaction_date` date NOT NULL,
  `receipt_row_id` int(11) NOT NULL,
  `due_date` date NOT NULL
) ENGINE=InnoDB DEFAULT CHARSET=latin1;

--
-- Dumping data for table `reference_details`
--

INSERT INTO `reference_details` (`id`, `ledger_account_id`, `receipt_id`, `payment_id`, `payment_row_id`, `invoice_id`, `reference_no`, `opening_balance`, `credit`, `debit`, `reference_type`, `invoice_booking_id`, `credit_note_id`, `journal_voucher_id`, `journal_voucher_row_id`, `sale_return_id`, `purchase_return_id`, `petty_cash_voucher_id`, `petty_cash_voucher_row_id`, `nppayment_id`, `nppayment_row_id`, `contra_voucher_id`, `contra_voucher_row_id`, `transaction_date`, `receipt_row_id`, `due_date`) VALUES
(1, 38, 0, 0, 0, 1, 'i1', 'No', '0.00', '1746.02', 'New Reference', 0, 0, 0, 0, 0, 0, 0, 0, 0, 0, 0, 0, '0000-00-00', 0, '0000-00-00'),
(2, 38, 0, 0, 0, 2, 'i2', 'No', '0.00', '344.14', 'New Reference', 0, 0, 0, 0, 0, 0, 0, 0, 0, 0, 0, 0, '0000-00-00', 0, '0000-00-00'),
(3, 57, 0, 0, 0, 4, 'i4', 'No', '0.00', '2231.44', 'New Reference', 0, 0, 0, 0, 0, 0, 0, 0, 0, 0, 0, 0, '0000-00-00', 0, '0000-00-00'),
(4, 38, 0, 0, 0, 1, 'i1', 'No', '0.00', '229.95', 'New Reference', 0, 0, 0, 0, 0, 0, 0, 0, 0, 0, 0, 0, '0000-00-00', 0, '0000-00-00'),
(5, 38, 0, 0, 0, 2, 'i2', 'No', '0.00', '2065.07', 'New Reference', 0, 0, 0, 0, 0, 0, 0, 0, 0, 0, 0, 0, '0000-00-00', 0, '0000-00-00');

-- --------------------------------------------------------

--
-- Table structure for table `request_leaves`
--

CREATE TABLE `request_leaves` (
  `id` int(10) NOT NULL,
  `employee_id` int(10) NOT NULL,
  `leave_type_id` int(11) NOT NULL,
  `leave_from` date NOT NULL,
  `leave_to` date NOT NULL,
  `no_of_days` int(11) NOT NULL,
  `reason` varchar(100) NOT NULL,
  `request_date` int(11) NOT NULL,
  `leave_status` varchar(20) NOT NULL DEFAULT 'In-Process',
  `remarks` varchar(100) NOT NULL,
  `half_day` varchar(10) NOT NULL,
  `company_id` int(11) NOT NULL,
  `place_of_visit` varchar(100) NOT NULL
) ENGINE=InnoDB DEFAULT CHARSET=latin1;

-- --------------------------------------------------------

--
-- Table structure for table `right_rivs`
--

CREATE TABLE `right_rivs` (
  `id` int(10) NOT NULL,
  `left_riv_id` int(10) NOT NULL,
  `item_id` int(10) NOT NULL,
  `quantity` decimal(10,2) NOT NULL
) ENGINE=InnoDB DEFAULT CHARSET=latin1;

-- --------------------------------------------------------

--
-- Table structure for table `rivs`
--

CREATE TABLE `rivs` (
  `id` int(10) NOT NULL,
  `sale_return_id` int(10) NOT NULL,
  `voucher_no` int(10) NOT NULL,
  `created_on` date NOT NULL,
  `company_id` int(10) NOT NULL,
  `created_by` int(11) NOT NULL,
  `transaction_date` date NOT NULL
) ENGINE=InnoDB DEFAULT CHARSET=latin1;

-- --------------------------------------------------------

--
-- Table structure for table `salary_advances`
--

CREATE TABLE `salary_advances` (
  `id` int(10) NOT NULL,
  `employee_name` varchar(100) NOT NULL,
  `reason` text NOT NULL,
  `amount` decimal(15,2) NOT NULL,
  `create_date` date NOT NULL
) ENGINE=InnoDB DEFAULT CHARSET=latin1;

--
-- Dumping data for table `salary_advances`
--

INSERT INTO `salary_advances` (`id`, `employee_name`, `reason`, `amount`, `create_date`) VALUES
(1, 'gopal kumar', 'dcfdsfdsfdfdsfdsf', '250000.00', '2018-01-11');

-- --------------------------------------------------------

--
-- Table structure for table `sales_orders`
--

CREATE TABLE `sales_orders` (
  `id` int(10) NOT NULL,
  `customer_id` int(10) NOT NULL,
  `employee_id` int(10) NOT NULL,
  `customer_address` text NOT NULL,
  `discount_type` tinyint(1) NOT NULL,
  `discount_per` decimal(4,2) NOT NULL,
  `discount` decimal(15,2) NOT NULL,
  `ed_description` text NOT NULL,
  `exceise_duty` decimal(10,2) NOT NULL,
  `total` decimal(15,2) NOT NULL,
  `pnf_type` tinyint(1) NOT NULL,
  `pnf_per` decimal(4,2) NOT NULL,
  `pnf` decimal(10,2) NOT NULL,
  `total_after_pnf` decimal(15,2) NOT NULL,
  `additional_note` text NOT NULL,
  `company_id` int(10) NOT NULL,
  `process_status` varchar(30) NOT NULL,
  `quotation_id` int(10) DEFAULT NULL,
  `transporter_id` int(10) NOT NULL,
  `expected_delivery_date` date NOT NULL,
  `delivery_description` text NOT NULL,
  `documents_courier_id` int(10) NOT NULL,
  `customer_po_no` varchar(100) NOT NULL,
  `po_date` date NOT NULL,
  `dispatch_name` varchar(100) NOT NULL,
  `dispatch_mobile` varchar(10) NOT NULL,
  `dispatch_email` varchar(100) NOT NULL,
  `dispatch_address` text NOT NULL,
  `road_permit_required` varchar(5) NOT NULL,
  `form49` varchar(5) NOT NULL,
  `so1` varchar(10) NOT NULL,
  `so2` int(10) NOT NULL,
  `so3` varchar(10) NOT NULL,
  `so4` varchar(10) NOT NULL,
  `created_by` int(10) NOT NULL,
  `edited_by` int(10) NOT NULL,
  `created_on` date NOT NULL,
  `edited_on` date NOT NULL,
  `edited_on_time` varchar(100) NOT NULL,
  `created_on_time` varchar(100) NOT NULL,
  `job_card_status` varchar(10) NOT NULL DEFAULT 'Pending',
  `total_discount` decimal(15,2) NOT NULL,
  `total_taxable_value` decimal(15,2) NOT NULL,
  `total_cgst_value` decimal(15,2) NOT NULL,
  `total_sgst_value` decimal(15,2) NOT NULL,
  `total_igst_value` decimal(15,2) NOT NULL,
  `gst` varchar(10) NOT NULL DEFAULT 'no'
) ENGINE=InnoDB DEFAULT CHARSET=latin1;

--
-- Dumping data for table `sales_orders`
--

INSERT INTO `sales_orders` (`id`, `customer_id`, `employee_id`, `customer_address`, `discount_type`, `discount_per`, `discount`, `ed_description`, `exceise_duty`, `total`, `pnf_type`, `pnf_per`, `pnf`, `total_after_pnf`, `additional_note`, `company_id`, `process_status`, `quotation_id`, `transporter_id`, `expected_delivery_date`, `delivery_description`, `documents_courier_id`, `customer_po_no`, `po_date`, `dispatch_name`, `dispatch_mobile`, `dispatch_email`, `dispatch_address`, `road_permit_required`, `form49`, `so1`, `so2`, `so3`, `so4`, `created_by`, `edited_by`, `created_on`, `edited_on`, `edited_on_time`, `created_on_time`, `job_card_status`, `total_discount`, `total_taxable_value`, `total_cgst_value`, `total_sgst_value`, `total_igst_value`, `gst`) VALUES
(1, 7, 15, 'NH 90, Atru Road, \r\nVillage Kawai, Taluka Atru, \r\nBaran 325 219, (Raj)', 0, '0.00', '0.00', '', '0.00', '1033.14', 0, '0.00', '0.00', '15.03', 'zsxzx', 25, 'Pulled From Quotation', 2, 6, '2017-12-31', 'csdcs', 17, '1', '2017-12-01', 'Asd', '9828287776', 'a@gmail.com', 'cxzsxzX', 'No', 'No', 'STL', 1, 'BE-3147', '17-18', 23, 23, '2017-12-01', '2017-12-01', '2017-12-01 09:46:50AM', '2017-12-01 09:43:22AM', 'Converted', '28.40', '866.63', '83.25', '83.25', '0.00', 'yes'),
(2, 7, 15, 'NH 90, Atru Road, \r\nVillage Kawai, Taluka Atru, \r\nBaran 325 219, (Raj)', 0, '0.00', '0.00', '', '0.00', '370.28', 0, '0.00', '0.00', '13.78', 'zsxzx', 25, 'Pulled From Quotation', 2, 6, '2017-12-31', 'sxcasxas', 2, '123', '2017-12-01', 'As', '9878786665', 's@gmail.com', 'ascxscxassa', 'Yes', 'Yes', 'STL', 2, 'BE-3147', '17-18', 23, 0, '2017-12-01', '1970-01-01', '', '2017-12-01 09:49:01AM', 'Pending', '14.50', '289.28', '40.50', '40.50', '0.00', 'yes'),
(3, 7, 15, 'NH 90, Atru Road, \r\nVillage Kawai, Taluka Atru, \r\nBaran 325 219, (Raj)', 0, '0.00', '0.00', '', '0.00', '117.95', 0, '0.00', '0.00', '1.96', 'zsxzx', 25, 'Pulled From Quotation', 2, 2, '2017-12-30', 'zX', 12, '22', '2017-12-01', 'As', '9827266666', 'a@f.com', 'c cxv cx', 'No', 'No', 'STL', 3, 'BE-3147', '17-18', 23, 0, '2017-12-01', '1970-01-01', '', '2017-12-01 09:52:22AM', 'Pending', '2.00', '99.96', '9.00', '9.00', '0.00', 'yes');

-- --------------------------------------------------------

--
-- Table structure for table `sales_order_rows`
--

CREATE TABLE `sales_order_rows` (
  `id` int(10) NOT NULL,
  `sales_order_id` int(10) NOT NULL,
  `item_id` int(10) NOT NULL,
  `description` text NOT NULL,
  `quantity` decimal(10,2) NOT NULL,
  `quotation_row_id` int(11) NOT NULL,
  `rate` decimal(10,2) NOT NULL,
  `amount` decimal(15,2) NOT NULL,
  `excise_duty` varchar(5) NOT NULL,
  `sale_tax_id` int(10) NOT NULL,
  `height` int(10) NOT NULL,
  `discount_per` decimal(15,2) DEFAULT NULL,
  `discount` decimal(15,2) DEFAULT NULL,
  `pnf_per` decimal(15,2) DEFAULT NULL,
  `pnf` decimal(15,2) DEFAULT NULL,
  `cgst_per` decimal(15,2) DEFAULT NULL,
  `cgst_amount` decimal(15,2) DEFAULT NULL,
  `sgst_per` decimal(15,2) DEFAULT NULL,
  `sgst_amount` decimal(15,2) DEFAULT NULL,
  `igst_per` decimal(15,2) DEFAULT NULL,
  `igst_amount` decimal(15,2) DEFAULT NULL,
  `total` decimal(15,2) NOT NULL,
  `source_type` varchar(30) NOT NULL,
  `taxable_value` decimal(15,2) NOT NULL
) ENGINE=InnoDB DEFAULT CHARSET=latin1;

--
-- Dumping data for table `sales_order_rows`
--

INSERT INTO `sales_order_rows` (`id`, `sales_order_id`, `item_id`, `description`, `quantity`, `quotation_row_id`, `rate`, `amount`, `excise_duty`, `sale_tax_id`, `height`, `discount_per`, `discount`, `pnf_per`, `pnf`, `cgst_per`, `cgst_amount`, `sgst_per`, `sgst_amount`, `igst_per`, `igst_amount`, `total`, `source_type`, `taxable_value`) VALUES
(1, 1, 556, '<p><br></p>', '1.00', 4, '100.00', '100.00', '', 0, 0, '2.00', '2.00', '2.00', '1.96', '8.00', '6.00', '11.00', '6.00', NULL, '0.00', '111.96', 'Manufactured', '99.96'),
(2, 1, 1733, '<p><br></p>', '2.00', 5, '190.00', '380.00', '', 0, 0, '3.00', '11.40', '2.00', '7.37', '8.00', '22.56', '11.00', '22.56', NULL, '0.00', '421.09', '', '375.97'),
(3, 1, 1151, '<p><br></p>', '3.00', 6, '100.00', '300.00', '', 0, 0, '5.00', '15.00', '2.00', '5.70', '10.00', '40.70', '13.00', '40.70', NULL, '0.00', '372.10', '', '290.70'),
(4, 1, 1151, '<p><br></p>', '1.00', 7, '100.00', '100.00', '', 0, 0, NULL, NULL, NULL, NULL, '10.00', '14.00', '13.00', '14.00', NULL, '0.00', '128.00', '', '100.00'),
(5, 2, 1733, '<p><br></p>', '1.00', 5, '190.00', '190.00', '', 0, 0, '5.00', '9.50', '5.00', '9.03', '10.00', '26.53', '13.00', '26.53', NULL, '0.00', '242.60', '', '189.53'),
(6, 2, 1151, '<p><br></p>', '1.00', 6, '100.00', '100.00', '', 0, 0, '5.00', '5.00', '5.00', '4.75', '10.00', '13.97', '13.00', '13.97', NULL, '0.00', '127.68', '', '99.75'),
(7, 3, 1151, '<p><br></p>', '1.00', 7, '100.00', '100.00', '', 0, 0, '2.00', '2.00', '2.00', '1.96', '9.00', '9.00', '12.00', '9.00', NULL, '0.00', '117.95', '', '99.96');

-- --------------------------------------------------------

--
-- Table structure for table `sale_returns`
--

CREATE TABLE `sale_returns` (
  `id` int(10) NOT NULL,
  `temp_limit` decimal(10,2) DEFAULT '0.00',
  `customer_id` int(10) NOT NULL,
  `customer_address` text NOT NULL,
  `lr_no` varchar(255) NOT NULL,
  `terms_conditions` text,
  `discount_type` tinyint(1) NOT NULL,
  `total` decimal(15,2) NOT NULL,
  `pnf` decimal(10,2) NOT NULL,
  `pnf_type` tinyint(1) NOT NULL,
  `pnf_per` decimal(4,2) NOT NULL,
  `total_after_pnf` decimal(15,2) NOT NULL,
  `sale_tax_per` decimal(4,2) NOT NULL,
  `sale_tax_id` int(10) NOT NULL,
  `sale_tax_amount` decimal(15,2) NOT NULL,
  `exceise_duty` decimal(10,2) NOT NULL,
  `ed_description` varchar(255) NOT NULL,
  `fright_amount` decimal(8,2) NOT NULL,
  `fright_text` varchar(255) NOT NULL,
  `grand_total` decimal(18,2) NOT NULL,
  `due_payment` decimal(18,2) NOT NULL,
  `date_created` date NOT NULL,
  `company_id` int(10) NOT NULL,
  `process_status` varchar(30) NOT NULL,
  `sales_order_id` int(10) NOT NULL,
  `sr1` varchar(10) NOT NULL,
  `sr2` int(10) NOT NULL,
  `sr3` varchar(10) NOT NULL,
  `sr4` varchar(10) NOT NULL,
  `customer_po_no` varchar(100) NOT NULL,
  `po_date` date NOT NULL,
  `additional_note` varchar(255) NOT NULL,
  `employee_id` int(10) NOT NULL,
  `created_by` int(11) NOT NULL,
  `transporter_id` int(10) NOT NULL,
  `discount_per` decimal(4,2) NOT NULL,
  `discount` decimal(10,2) NOT NULL,
  `form47` varchar(100) NOT NULL,
  `form49` varchar(100) NOT NULL,
  `status` varchar(20) NOT NULL,
  `inventory_voucher_status` varchar(20) NOT NULL DEFAULT 'Pending',
  `payment_mode` varchar(20) NOT NULL,
  `fright_ledger_account` int(10) NOT NULL,
  `sales_ledger_account` int(10) NOT NULL,
  `st_ledger_account_id` int(10) NOT NULL,
  `pdf_font_size` varchar(10) NOT NULL DEFAULT '16px',
  `delivery_description` text NOT NULL,
  `invoice_id` int(11) NOT NULL,
  `inventory_return_voucher_status` varchar(15) NOT NULL DEFAULT 'Pending',
  `transaction_date` date NOT NULL,
  `edited_by` int(11) NOT NULL,
  `edited_on` date NOT NULL,
  `sale_return_type` varchar(11) NOT NULL DEFAULT 'Non-GST',
  `fright_cgst_percent` varchar(10) NOT NULL,
  `fright_cgst_amount` decimal(15,2) NOT NULL,
  `fright_sgst_percent` varchar(10) NOT NULL,
  `fright_sgst_amount` decimal(15,2) NOT NULL,
  `fright_igst_percent` varchar(10) NOT NULL,
  `fright_igst_amount` decimal(15,2) NOT NULL,
  `total_cgst_amount` decimal(15,2) NOT NULL,
  `total_sgst_amount` decimal(15,2) NOT NULL,
  `total_igst_amount` decimal(15,2) NOT NULL
) ENGINE=InnoDB DEFAULT CHARSET=latin1;

--
-- Dumping data for table `sale_returns`
--

INSERT INTO `sale_returns` (`id`, `temp_limit`, `customer_id`, `customer_address`, `lr_no`, `terms_conditions`, `discount_type`, `total`, `pnf`, `pnf_type`, `pnf_per`, `total_after_pnf`, `sale_tax_per`, `sale_tax_id`, `sale_tax_amount`, `exceise_duty`, `ed_description`, `fright_amount`, `fright_text`, `grand_total`, `due_payment`, `date_created`, `company_id`, `process_status`, `sales_order_id`, `sr1`, `sr2`, `sr3`, `sr4`, `customer_po_no`, `po_date`, `additional_note`, `employee_id`, `created_by`, `transporter_id`, `discount_per`, `discount`, `form47`, `form49`, `status`, `inventory_voucher_status`, `payment_mode`, `fright_ledger_account`, `sales_ledger_account`, `st_ledger_account_id`, `pdf_font_size`, `delivery_description`, `invoice_id`, `inventory_return_voucher_status`, `transaction_date`, `edited_by`, `edited_on`, `sale_return_type`, `fright_cgst_percent`, `fright_cgst_amount`, `fright_sgst_percent`, `fright_sgst_amount`, `fright_igst_percent`, `fright_igst_amount`, `total_cgst_amount`, `total_sgst_amount`, `total_igst_amount`) VALUES
(1, '0.00', 1, '', '', NULL, 1, '3341.80', '668.36', 1, '20.00', '4010.16', '5.50', 2, '220.56', '10.00', 'asdfg', '123.00', '', '4353.72', '0.00', '2017-11-22', 25, '', 0, 'STL', 1, 'BE-3251', '17-18', '', '0000-00-00', '', 23, 0, 7, '10.00', '370.20', '', '', '', 'Pending', '', 108, 949, 488, '16px', '', 3, 'Pending', '2017-11-30', 0, '0000-00-00', 'Non-GST', '', '0.00', '', '0.00', '', '0.00', '0.00', '0.00', '0.00');

-- --------------------------------------------------------

--
-- Table structure for table `sale_return_rows`
--

CREATE TABLE `sale_return_rows` (
  `id` int(10) NOT NULL,
  `sale_return_id` int(10) NOT NULL,
  `item_id` int(10) NOT NULL,
  `description` text NOT NULL,
  `quantity` decimal(10,2) NOT NULL,
  `invoice_row_id` int(11) NOT NULL,
  `rate` decimal(15,2) NOT NULL,
  `amount` decimal(15,2) NOT NULL,
  `height` int(3) NOT NULL,
  `inventory_voucher_status` varchar(10) NOT NULL DEFAULT 'Pending',
  `itm_serial_number` varchar(100) NOT NULL,
  `inventory_voucher_applicable` varchar(10) NOT NULL,
  `discount_percentage` varchar(11) NOT NULL,
  `discount_amount` decimal(15,2) NOT NULL,
  `pnf_percentage` varchar(10) NOT NULL,
  `pnf_amount` decimal(15,2) NOT NULL,
  `taxable_value` decimal(15,2) NOT NULL,
  `cgst_percentage` varchar(10) NOT NULL,
  `cgst_amount` decimal(15,2) NOT NULL,
  `sgst_percentage` varchar(10) NOT NULL,
  `sgst_amount` decimal(15,2) NOT NULL,
  `igst_percentage` varchar(10) NOT NULL,
  `igst_amount` decimal(15,2) NOT NULL,
  `row_total` decimal(15,2) NOT NULL
) ENGINE=InnoDB DEFAULT CHARSET=latin1;

--
-- Dumping data for table `sale_return_rows`
--

INSERT INTO `sale_return_rows` (`id`, `sale_return_id`, `item_id`, `description`, `quantity`, `invoice_row_id`, `rate`, `amount`, `height`, `inventory_voucher_status`, `itm_serial_number`, `inventory_voucher_applicable`, `discount_percentage`, `discount_amount`, `pnf_percentage`, `pnf_amount`, `taxable_value`, `cgst_percentage`, `cgst_amount`, `sgst_percentage`, `sgst_amount`, `igst_percentage`, `igst_amount`, `row_total`) VALUES
(1, 1, 577, '', '3.00', 3, '1234.00', '3702.00', 0, 'Pending', '', '', '', '0.00', '', '0.00', '0.00', '', '0.00', '', '0.00', '', '0.00', '0.00');

-- --------------------------------------------------------

--
-- Table structure for table `sale_taxes`
--

CREATE TABLE `sale_taxes` (
  `id` int(10) NOT NULL,
  `tax_figure` decimal(4,2) NOT NULL,
  `quote_description` varchar(200) NOT NULL,
  `invoice_description` varchar(200) NOT NULL,
  `account_category_id` int(10) NOT NULL,
  `account_group_id` int(10) NOT NULL,
  `account_first_subgroup_id` int(10) NOT NULL,
  `account_second_subgroup_id` int(10) NOT NULL,
  `ledger_account_id` int(10) NOT NULL,
  `freeze` tinyint(1) NOT NULL,
  `cgst` varchar(5) NOT NULL,
  `sgst` varchar(5) NOT NULL,
  `igst` varchar(5) NOT NULL
) ENGINE=InnoDB DEFAULT CHARSET=latin1;

--
-- Dumping data for table `sale_taxes`
--

INSERT INTO `sale_taxes` (`id`, `tax_figure`, `quote_description`, `invoice_description`, `account_category_id`, `account_group_id`, `account_first_subgroup_id`, `account_second_subgroup_id`, `ledger_account_id`, `freeze`, `cgst`, `sgst`, `igst`) VALUES
(1, '14.50', 'VAT @ 14.50 % or as applicable on date of dispatch', 'VAT @ 14.50 %', 2, 6, 4, 5, 18, 1, 'No', 'No', 'No'),
(2, '5.50', 'VAT @ 5.50 % or as applicable on date of dispatch', 'VAT @ 5.50%', 2, 6, 4, 5, 19, 0, '', '', ''),
(3, '0.00', 'NIL CST agst C & E1 Form', 'NIL CST agst C & E1 Form', 2, 6, 4, 5, 20, 0, '', '', ''),
(4, '2.00', '2% CST against C Form or as applicable on date of dispatch', '2% CST against C Form ', 2, 6, 4, 5, 21, 0, '', '', ''),
(5, '2.00', '2 % CST against C & E1 Form', '2 % CST against C & E1 Form', 2, 6, 4, 5, 0, 0, '', '', ''),
(7, '12.00', '12 % GST', '12 % GST', 2, 6, 4, 5, 0, 0, '', '', ''),
(8, '6.00', 'CGST 6%', 'CGST 6%', 2, 6, 4, 5, 0, 0, 'Yes', '', ''),
(9, '9.00', 'CGST 9%', 'CGST 9%', 2, 6, 4, 5, 0, 0, 'Yes', '', ''),
(10, '14.00', 'CGST 14%', 'CGST 14%', 2, 6, 4, 5, 0, 0, 'Yes', '', ''),
(11, '6.00', 'SGST 6%', 'SGST 6%', 2, 6, 4, 5, 0, 0, '', 'Yes', ''),
(12, '9.00', 'SGST 9%', 'SGST 9%', 2, 6, 4, 5, 0, 0, '', 'Yes', ''),
(13, '14.00', 'SGST 14%', 'SGST 14 %', 2, 6, 4, 5, 0, 0, '', 'Yes', ''),
(14, '12.00', 'IGST 12%', 'IGST 12%', 2, 6, 4, 5, 0, 0, '', '', 'Yes'),
(15, '18.00', 'IGST 18%', 'IGST 18%', 2, 6, 4, 5, 0, 0, '', '', 'Yes'),
(16, '28.00', 'IGST 28%', 'IGST 28%', 2, 6, 4, 5, 0, 0, '', '', 'Yes'),
(17, '6.00', 'CGST 6 % Input', 'CGST 6 % Input', 2, 6, 4, 6, 0, 0, 'Yes', '', ''),
(18, '6.00', 'SGST 6 % Input', 'SGST 6 % Input', 2, 6, 4, 6, 0, 0, '', 'Yes', ''),
(19, '9.00', 'CGST 9 % Input', 'CGST 9 % Input', 2, 6, 4, 6, 0, 0, 'Yes', '', ''),
(20, '9.00', 'SGST 9 % Input', 'SGST 9 % Input', 2, 6, 4, 6, 0, 0, '', 'Yes', ''),
(21, '14.00', 'CGST 14 % Input', 'CGST 14 % Input', 2, 6, 4, 6, 0, 0, 'Yes', '', ''),
(22, '14.00', 'SGST 14 % Input', 'SGST 14 % Input', 2, 6, 4, 6, 0, 0, '', 'Yes', ''),
(23, '12.00', 'IGST 12 % Input', 'IGST 12 % Input', 2, 6, 4, 6, 0, 0, '', '', 'Yes'),
(24, '18.00', 'IGST 18 % Input', 'IGST 18 % Input', 2, 6, 4, 6, 0, 0, '', '', 'Yes'),
(25, '28.00', 'IGST 28 % Input', 'IGST 28 % Input', 2, 6, 4, 6, 0, 0, '', '', 'Yes'),
(26, '0.00', 'Zero Composition', 'Zero Composition', 2, 6, 4, 5, 0, 0, '', '', ''),
(27, '5.00', 'Input IGST @ 5%', 'Input IGST @ 5%', 2, 6, 4, 6, 0, 0, '', '', ''),
(28, '0.00', 'CGST 0%', 'CGST 0%', 2, 6, 4, 5, 0, 0, 'Yes', '', ''),
(29, '0.00', 'SGST 0%', 'SGST 0%', 2, 6, 4, 5, 0, 0, '', 'Yes', ''),
(30, '5.00', 'IGST 5 % Input', 'IGST 5 % Input', 2, 6, 4, 6, 0, 0, '', '', 'Yes');

-- --------------------------------------------------------

--
-- Table structure for table `sale_tax_companies`
--

CREATE TABLE `sale_tax_companies` (
  `sale_tax_id` int(11) NOT NULL,
  `company_id` int(11) NOT NULL,
  `freeze` int(10) NOT NULL DEFAULT '0'
) ENGINE=InnoDB DEFAULT CHARSET=latin1;

--
-- Dumping data for table `sale_tax_companies`
--

INSERT INTO `sale_tax_companies` (`sale_tax_id`, `company_id`, `freeze`) VALUES
(1, 25, 1),
(1, 27, 0),
(2, 25, 0),
(2, 27, 0),
(3, 25, 0),
(4, 25, 0),
(4, 27, 0),
(5, 25, 0),
(7, 25, 0),
(7, 26, 0),
(7, 27, 0),
(8, 25, 0),
(8, 26, 0),
(8, 27, 0),
(9, 25, 0),
(9, 26, 0),
(9, 27, 0),
(10, 25, 0),
(10, 26, 0),
(10, 27, 0),
(11, 25, 0),
(11, 26, 0),
(11, 27, 0),
(12, 25, 0),
(12, 26, 0),
(12, 27, 0),
(13, 25, 0),
(13, 26, 0),
(13, 27, 0),
(14, 25, 0),
(14, 26, 0),
(14, 27, 0),
(15, 25, 0),
(15, 26, 0),
(15, 27, 0),
(16, 25, 0),
(16, 26, 0),
(16, 27, 0),
(17, 25, 0),
(17, 27, 0),
(18, 25, 0),
(18, 27, 0),
(19, 25, 0),
(19, 27, 0),
(20, 25, 0),
(20, 27, 0),
(21, 25, 0),
(21, 27, 0),
(22, 25, 0),
(22, 27, 0),
(23, 25, 0),
(23, 27, 0),
(24, 25, 0),
(24, 27, 0),
(25, 25, 0),
(25, 27, 0),
(26, 25, 0),
(26, 26, 0),
(26, 27, 0),
(27, 25, 0),
(27, 27, 0),
(28, 25, 0),
(28, 26, 0),
(28, 27, 0),
(29, 25, 0),
(29, 26, 0),
(29, 27, 0),
(30, 25, 0),
(30, 26, 0),
(30, 27, 0),
(8, 28, 0),
(11, 28, 0);

-- --------------------------------------------------------

--
-- Table structure for table `serial_numbers`
--

CREATE TABLE `serial_numbers` (
  `id` int(11) NOT NULL,
  `name` varchar(255) NOT NULL,
  `item_id` int(10) NOT NULL,
  `status` varchar(10) NOT NULL,
  `iv_row_id` int(10) NOT NULL,
  `iv_row_items` int(10) NOT NULL,
  `grn_row_id` int(11) NOT NULL,
  `invoice_row_id` int(11) NOT NULL,
  `sales_return_row_id` int(11) NOT NULL,
  `purchase_return_row_id` int(11) NOT NULL,
  `itv_row_id` int(11) NOT NULL,
  `company_id` int(11) NOT NULL,
  `grn_id` int(11) NOT NULL,
  `invoice_id` int(11) NOT NULL,
  `sales_return_id` int(11) NOT NULL,
  `purchse_return_id` int(11) NOT NULL,
  `itv_id` int(11) NOT NULL,
  `is_opening_balance` varchar(5) NOT NULL DEFAULT 'No',
  `parent_id` int(10) NOT NULL,
  `transaction_date` date NOT NULL
) ENGINE=InnoDB DEFAULT CHARSET=latin1;

--
-- Dumping data for table `serial_numbers`
--

INSERT INTO `serial_numbers` (`id`, `name`, `item_id`, `status`, `iv_row_id`, `iv_row_items`, `grn_row_id`, `invoice_row_id`, `sales_return_row_id`, `purchase_return_row_id`, `itv_row_id`, `company_id`, `grn_id`, `invoice_id`, `sales_return_id`, `purchse_return_id`, `itv_id`, `is_opening_balance`, `parent_id`, `transaction_date`) VALUES
(1, 'a1', 556, 'In', 0, 0, 1, 0, 0, 0, 0, 25, 1, 0, 0, 0, 0, 'No', 0, '0000-00-00'),
(2, 'a2', 556, 'In', 0, 0, 1, 0, 0, 0, 0, 25, 1, 0, 0, 0, 0, 'No', 0, '0000-00-00'),
(3, 'a3', 556, 'In', 0, 0, 1, 0, 0, 0, 0, 25, 1, 0, 0, 0, 0, 'No', 0, '0000-00-00'),
(4, 'a4', 556, 'In', 0, 0, 1, 0, 0, 0, 0, 25, 1, 0, 0, 0, 0, 'No', 0, '0000-00-00'),
(5, 'a5', 556, 'In', 0, 0, 1, 0, 0, 0, 0, 25, 1, 0, 0, 0, 0, 'No', 0, '0000-00-00'),
(6, 'b1', 556, 'In', 0, 0, 2, 0, 0, 0, 0, 25, 1, 0, 0, 0, 0, 'No', 0, '0000-00-00'),
(7, 'b2', 556, 'In', 0, 0, 2, 0, 0, 0, 0, 25, 1, 0, 0, 0, 0, 'No', 0, '0000-00-00'),
(8, 'b3', 556, 'In', 0, 0, 2, 0, 0, 0, 0, 25, 1, 0, 0, 0, 0, 'No', 0, '0000-00-00'),
(9, 'b4', 556, 'In', 0, 0, 2, 0, 0, 0, 0, 25, 1, 0, 0, 0, 0, 'No', 0, '0000-00-00'),
(10, 'b5', 556, 'In', 0, 0, 2, 0, 0, 0, 0, 25, 1, 0, 0, 0, 0, 'No', 0, '0000-00-00'),
(11, 'b6', 556, 'In', 0, 0, 2, 0, 0, 0, 0, 25, 1, 0, 0, 0, 0, 'No', 0, '0000-00-00'),
(12, 'harlin1', 556, 'In', 0, 0, 3, 0, 0, 0, 0, 25, 2, 0, 0, 0, 0, 'No', 0, '0000-00-00'),
(14, 'a6', 556, 'In', 0, 0, 4, 0, 0, 0, 0, 25, 3, 0, 0, 0, 0, 'No', 0, '0000-00-00'),
(15, 'a7', 556, 'In', 0, 0, 4, 0, 0, 0, 0, 25, 3, 0, 0, 0, 0, 'No', 0, '0000-00-00'),
(16, 'a8', 556, 'In', 0, 0, 4, 0, 0, 0, 0, 25, 3, 0, 0, 0, 0, 'No', 0, '0000-00-00'),
(17, 'a9', 556, 'In', 0, 0, 4, 0, 0, 0, 0, 25, 3, 0, 0, 0, 0, 'No', 0, '0000-00-00'),
(18, 'a10', 556, 'In', 0, 0, 4, 0, 0, 0, 0, 25, 3, 0, 0, 0, 0, 'No', 0, '0000-00-00'),
(19, 'b7', 556, 'In', 0, 0, 5, 0, 0, 0, 0, 25, 3, 0, 0, 0, 0, 'No', 0, '0000-00-00'),
(20, 'b8', 556, 'In', 0, 0, 5, 0, 0, 0, 0, 25, 3, 0, 0, 0, 0, 'No', 0, '0000-00-00'),
(21, 'b9', 556, 'In', 0, 0, 5, 0, 0, 0, 0, 25, 3, 0, 0, 0, 0, 'No', 0, '0000-00-00'),
(22, 'b10', 556, 'In', 0, 0, 5, 0, 0, 0, 0, 25, 3, 0, 0, 0, 0, 'No', 0, '0000-00-00'),
(23, 'b11', 556, 'In', 0, 0, 5, 0, 0, 0, 0, 25, 3, 0, 0, 0, 0, 'No', 0, '0000-00-00'),
(24, 'b12', 556, 'In', 0, 0, 5, 0, 0, 0, 0, 25, 3, 0, 0, 0, 0, 'No', 0, '0000-00-00'),
(25, 'harlin2', 556, 'In', 0, 0, 6, 0, 0, 0, 0, 25, 3, 0, 0, 0, 0, 'No', 0, '0000-00-00'),
(26, '12', 556, 'In', 0, 0, 11, 0, 0, 0, 0, 25, 5, 0, 0, 0, 0, 'No', 0, '2017-11-27'),
(27, '14', 556, 'In', 0, 0, 11, 0, 0, 0, 0, 25, 5, 0, 0, 0, 0, 'No', 0, '2017-11-27'),
(28, '16', 556, 'In', 0, 0, 11, 0, 0, 0, 0, 25, 5, 0, 0, 0, 0, 'No', 0, '2017-11-27'),
(29, '18', 556, 'In', 0, 0, 11, 0, 0, 0, 0, 25, 5, 0, 0, 0, 0, 'No', 0, '2017-11-27'),
(30, '2', 556, 'In', 0, 0, 12, 0, 0, 0, 0, 25, 5, 0, 0, 0, 0, 'No', 0, '2017-11-27'),
(31, '4', 556, 'In', 0, 0, 12, 0, 0, 0, 0, 25, 5, 0, 0, 0, 0, 'No', 0, '2017-11-27'),
(32, '6', 556, 'In', 0, 0, 12, 0, 0, 0, 0, 25, 5, 0, 0, 0, 0, 'No', 0, '2017-11-27'),
(33, '8', 556, 'In', 0, 0, 12, 0, 0, 0, 0, 25, 5, 0, 0, 0, 0, 'No', 0, '2017-11-27'),
(34, '2.1', 556, 'In', 0, 0, 14, 0, 0, 0, 0, 25, 5, 0, 0, 0, 0, 'No', 0, '2017-11-27'),
(35, '2.2', 556, 'In', 0, 0, 14, 0, 0, 0, 0, 25, 5, 0, 0, 0, 0, 'No', 0, '2017-11-27'),
(36, 's1', 556, 'In', 0, 0, 15, 0, 0, 0, 0, 25, 6, 0, 0, 0, 0, 'No', 0, '2017-11-27'),
(37, 's2', 556, 'In', 0, 0, 15, 0, 0, 0, 0, 25, 6, 0, 0, 0, 0, 'No', 0, '2017-11-27'),
(38, 's3', 556, 'In', 0, 0, 16, 0, 0, 0, 0, 25, 6, 0, 0, 0, 0, 'No', 0, '2017-11-27'),
(39, 's4', 556, 'In', 0, 0, 16, 0, 0, 0, 0, 25, 6, 0, 0, 0, 0, 'No', 0, '2017-11-27'),
(40, 's5', 556, 'In', 0, 0, 17, 0, 0, 0, 0, 25, 6, 0, 0, 0, 0, 'No', 0, '2017-11-27'),
(41, 's6', 556, 'In', 0, 0, 17, 0, 0, 0, 0, 25, 6, 0, 0, 0, 0, 'No', 0, '2017-11-27'),
(42, 'a1', 556, 'In', 0, 0, 19, 0, 0, 0, 0, 25, 7, 0, 0, 0, 0, 'No', 0, '2017-11-27'),
(43, 'aa2', 556, 'In', 0, 0, 19, 0, 0, 0, 0, 25, 7, 0, 0, 0, 0, 'No', 0, '2017-11-27'),
(44, 'aa3', 556, 'In', 0, 0, 19, 0, 0, 0, 0, 25, 7, 0, 0, 0, 0, 'No', 0, '2017-11-27'),
(45, 'aaa4', 556, 'In', 0, 0, 19, 0, 0, 0, 0, 25, 7, 0, 0, 0, 0, 'No', 0, '2017-11-27'),
(46, 'aaaa5', 556, 'In', 0, 0, 19, 0, 0, 0, 0, 25, 7, 0, 0, 0, 0, 'No', 0, '2017-11-27'),
(47, 'b1', 556, 'In', 0, 0, 20, 0, 0, 0, 0, 25, 7, 0, 0, 0, 0, 'No', 0, '2017-11-27'),
(48, 'b2', 556, 'In', 0, 0, 20, 0, 0, 0, 0, 25, 7, 0, 0, 0, 0, 'No', 0, '2017-11-27'),
(49, 'b3', 556, 'In', 0, 0, 20, 0, 0, 0, 0, 25, 7, 0, 0, 0, 0, 'No', 0, '2017-11-27'),
(50, 'asd1', 556, 'In', 0, 0, 21, 0, 0, 0, 0, 25, 8, 0, 0, 0, 0, 'No', 0, '2017-11-29'),
(51, 'asd2', 556, 'In', 0, 0, 21, 0, 0, 0, 0, 25, 8, 0, 0, 0, 0, 'No', 0, '2017-11-29'),
(52, 'qwe1', 577, 'In', 0, 0, 22, 0, 0, 0, 0, 25, 8, 0, 0, 0, 0, 'No', 0, '2017-11-29'),
(53, 'qwe2', 577, 'In', 0, 0, 22, 0, 0, 0, 0, 25, 8, 0, 0, 0, 0, 'No', 0, '2017-11-29'),
(54, 's1', 556, 'In', 0, 0, 25, 0, 0, 0, 0, 25, 9, 0, 0, 0, 0, 'No', 0, '2017-11-28'),
(55, 'd1', 556, 'In', 0, 0, 25, 0, 0, 0, 0, 25, 9, 0, 0, 0, 0, 'No', 0, '2017-11-28'),
(56, 's2', 556, 'In', 0, 0, 26, 0, 0, 0, 0, 25, 9, 0, 0, 0, 0, 'No', 0, '2017-11-28'),
(57, 'd2', 556, 'In', 0, 0, 26, 0, 0, 0, 0, 25, 9, 0, 0, 0, 0, 'No', 0, '2017-11-28'),
(58, 'd3', 556, 'In', 0, 0, 27, 0, 0, 0, 0, 25, 9, 0, 0, 0, 0, 'No', 0, '2017-11-28'),
(59, 's1', 556, 'In', 0, 0, 28, 0, 0, 0, 0, 25, 10, 0, 0, 0, 0, 'No', 0, '2017-11-28'),
(60, 'ss1', 556, 'In', 0, 0, 28, 0, 0, 0, 0, 25, 10, 0, 0, 0, 0, 'No', 0, '2017-11-28'),
(61, 'dd1', 556, 'In', 0, 0, 29, 0, 0, 0, 0, 25, 10, 0, 0, 0, 0, 'No', 0, '2017-11-28'),
(62, '1_hp', 1151, 'In', 0, 0, 0, 0, 0, 0, 0, 25, 0, 0, 0, 0, 0, 'Yes', 0, '0000-00-00'),
(63, '2_hp', 1151, 'In', 0, 0, 0, 0, 0, 0, 0, 25, 0, 0, 0, 0, 0, 'Yes', 0, '0000-00-00'),
(64, '2_hp', 1151, 'Out', 0, 0, 0, 1, 0, 0, 0, 25, 0, 1, 0, 0, 0, 'No', 63, '2017-12-01'),
(65, 'a1', 556, 'Out', 0, 0, 0, 2, 0, 0, 0, 25, 0, 2, 0, 0, 0, 'No', 1, '2017-12-01'),
(66, 'a1', 1733, 'Out', 0, 0, 0, 3, 0, 0, 0, 25, 0, 2, 0, 0, 0, 'No', 1, '2017-12-01'),
(67, '1_hp', 1151, 'Out', 0, 0, 0, 4, 0, 0, 0, 25, 0, 2, 0, 0, 0, 'No', 62, '2017-12-01'),
(68, '1_hp', 1151, 'Out', 0, 0, 0, 5, 0, 0, 0, 25, 0, 2, 0, 0, 0, 'No', 62, '2017-12-01'),
(69, 'serial_number_1', 556, 'In', 1, 0, 0, 0, 0, 0, 0, 25, 0, 0, 0, 0, 0, 'No', 0, '2017-12-01'),
(70, 'a2', 556, 'Out', 0, 2, 0, 0, 0, 0, 0, 25, 0, 0, 0, 0, 0, 'No', 2, '2017-12-01'),
(71, 'a5', 556, 'Out', 0, 2, 0, 0, 0, 0, 0, 25, 0, 0, 0, 0, 0, 'No', 5, '2017-12-01'),
(72, 'b5', 556, 'Out', 0, 2, 0, 0, 0, 0, 0, 25, 0, 0, 0, 0, 0, 'No', 10, '2017-12-01'),
(73, 'qwe1', 577, 'Out', 0, 3, 0, 0, 0, 0, 0, 25, 0, 0, 0, 0, 0, 'No', 52, '2017-12-01'),
(74, 'qwe2', 577, 'Out', 0, 3, 0, 0, 0, 0, 0, 25, 0, 0, 0, 0, 0, 'No', 53, '2017-12-01');

-- --------------------------------------------------------

--
-- Table structure for table `sources`
--

CREATE TABLE `sources` (
  `id` int(10) NOT NULL,
  `name` varchar(50) NOT NULL
) ENGINE=InnoDB DEFAULT CHARSET=latin1;

--
-- Dumping data for table `sources`
--

INSERT INTO `sources` (`id`, `name`) VALUES
(1, 'Assembled'),
(2, 'Purchessed'),
(3, 'Manufactured'),
(4, 'Purchessed/Manufactured');

-- --------------------------------------------------------

--
-- Table structure for table `states`
--

CREATE TABLE `states` (
  `id` int(11) NOT NULL,
  `name` varchar(50) NOT NULL,
  `state_code` int(11) NOT NULL
) ENGINE=InnoDB DEFAULT CHARSET=latin1;

--
-- Dumping data for table `states`
--

INSERT INTO `states` (`id`, `name`, `state_code`) VALUES
(1, 'JAMMU AND KASHMIR', 1),
(2, 'HIMACHAL PRADESH', 2),
(3, 'PUNJAB', 3),
(4, 'CHANDIGARH', 4),
(5, 'UTTARAKHAND', 5),
(6, 'HARYANA', 6),
(7, 'DELHI', 7),
(8, 'RAJASTHAN', 8),
(9, 'UTTAR  PRADESH', 9),
(10, 'BIHAR', 10),
(11, 'SIKKIM', 11),
(12, 'ARUNACHAL PRADESH', 12),
(13, 'NAGALAND', 13),
(14, 'MANIPUR', 14),
(15, 'MIZORAM', 15),
(16, 'TRIPURA', 16),
(17, 'MEGHLAYA', 17),
(18, 'ASSAM', 18),
(19, 'WEST BENGAL', 19),
(20, 'JHARKHAND', 20),
(21, 'ODISHA', 21),
(22, 'CHATTISGARH', 22),
(23, 'MADHYA PRADESH', 23),
(24, 'GUJARAT', 24),
(25, 'DAMAN AND DIU', 25),
(26, 'DADRA AND NAGAR HAVELI', 26),
(27, 'MAHARASHTRA', 27),
(28, 'ANDHRA PRADESH(BEFORE DIVISION)', 28),
(29, 'KARNATAKA', 29),
(30, 'GOA', 30),
(31, 'LAKSHWADEEP', 31),
(32, 'KERALA', 32),
(33, 'TAMIL NADU', 33),
(34, 'PUDUCHERRY', 34),
(35, 'ANDAMAN AND NICOBAR ISLANDS', 35),
(36, 'TELANGANA', 36),
(37, 'ANDHRA PRADESH (NEW)', 37);

-- --------------------------------------------------------

--
-- Table structure for table `terms_conditions`
--

CREATE TABLE `terms_conditions` (
  `id` int(10) NOT NULL,
  `text_line` text NOT NULL
) ENGINE=InnoDB DEFAULT CHARSET=latin1;

--
-- Dumping data for table `terms_conditions`
--

INSERT INTO `terms_conditions` (`id`, `text_line`) VALUES
(1, 'Price Basis : Ex-Our  Works Udaipur .'),
(2, 'Packing & Forwarding : Extra @  2%'),
(3, 'Sales Tax : GST Extra @ 12 %   or as applicable on date of dispatch.'),
(5, 'Delivery : Within 2 to 3 weeks from date of receipt of Techno-Commercially clear PO.'),
(6, 'Freight & Insurance : In Buyers account. In case of transit damage you will have to Claim from your Insurance Company.  In case freight is paid and reimbursement is  claimed in invoice than GST will be charged on freight amount also.'),
(7, 'Payment : Strictly within 30 days of receipt of material else interest will be charged @ 18 % p.a. for delayed period.'),
(8, 'Warranty : For Pump & Motors\r\nStandard as provided by manufacturer to be free from defects in both material & workmanship for a period of 12 months from date of installation or 18 months from date of supply whichever is earlier. Provided the Motor/Pump is installed as per instructions. We shall not be liable for any loss and or consequential damages due to breakdown of the equipment either for repair purpose or otherwise. Winding failures is not covered under warranty. \r\nFor Spare\r\nOnly interchange ability with original equipment is confirmed and any manufacturing defect is covered.'),
(9, 'Discount :  @ % on quoted price.'),
(10, 'Validity : 30 Days.');

-- --------------------------------------------------------

--
-- Table structure for table `transporters`
--

CREATE TABLE `transporters` (
  `id` int(11) NOT NULL,
  `transporter_name` varchar(100) NOT NULL,
  `mobile` bigint(12) NOT NULL,
  `address` text NOT NULL
) ENGINE=MyISAM DEFAULT CHARSET=latin1;

--
-- Dumping data for table `transporters`
--

INSERT INTO `transporters` (`id`, `transporter_name`, `mobile`, `address`) VALUES
(1, 'Jaipur Golden Transport', 9314838937, 'Transport nagar Valicha \r\nUdaipur\r\nMr. Daiya\r\n0294-2640052'),
(2, 'Bhati Goods Transport Co', 2942640171, 'D-39 Transport Nagar Valicha \r\nUdaipur\r\n02942640171'),
(3, 'Gati KWE', 8003191783, 'Transport Nagar Valicha\r\nUdaipur'),
(11, 'VRL Logistic', 9309459944, 'MIA\r\nUdaipur\r\nMr. Vikram'),
(10, 'Vijay Laxmi Transport Co', 9351414593, 'Nehru Bazar\r\nUdaipur'),
(6, 'First Flight Courier', 9509281791, 'Delhi, Above Andhra Bank\r\nUdaipur\r\nNaresh ji : 9929499145'),
(7, 'Aastha Logistics', 9462679272, 'Madri Industrial Area, Udaipur\r\nMr. Uttam Jain : 9414167094\r\nMr. Khuman Singh :'),
(8, 'Nutan Rajumani Transport', 9462679272, 'Madri Industrial Area, Udaipur\r\nMr. Uttam Jain : 9414167094\r\nMr. Khuman Singh :'),
(9, 'Singhal Transport Co', 9909949089, 'Near RIICO Office, MIA, Udaipur\r\nMr. Bhatnagar : '),
(12, 'Banswara Golden Transport Co', 294252702, 'Nehru Bazar\r\nUdaipur\r\n0294252702'),
(13, 'Nimahera Golden Tr Co', 9829610969, '14 Nehru Bazar Udaipur-313001 (Raj.)'),
(14, 'Madhur Courier', 8875892435, 'Lodha Complex Near Court Chouraha\r\nUdaipur'),
(15, 'Kota Udaipur Tr. Co., Udaipur', 9460442188, '159, C-Block, Transport Nagar, Goverdhan Villas, Udaipur (Raj.)'),
(16, 'Love Kush Enterprises', 9414163787, ' Rajasthan Mahila Vidyalaya Rd, Brahmpuri, Udaipur, Rajasthan 313001\r\n'),
(17, 'DTDC Courier', 9462966768, 'MIA\r\nNear DIC office\r\nMr. Sharad Kumar\r\n9928014762'),
(18, 'Shree Sanwariya Transport Co', 9829044287, 'Transport Nagar\r\nUdaipur\r\n9829976806\r\nIndore Office 0731-4087259\r\n07828035128'),
(19, 'TCI -XPS', 8824072840, 'Balicha Transport nagar\r\nnear Vijay laxmi Transport\r\nSector 14 Udaipur'),
(20, 'TCI-Frieght', 8955704460, 'Balicha Transport nagar\r\nnear Vijay laxmi Transport\r\nSector 14 Udaipur'),
(21, 'R. B . Roadlines', 9352525361, 'Aklingpura main Road\r\nopp. jadav Nursary\r\nSector no 6\r\n0294-2466806'),
(22, 'Shanker Golden Transport', 9413318437, 'Transport nagar\r\nPratap Nagar\r\nMr. Satish\r\n0294-2492119'),
(23, 'Jain Transport', 2943265656, '100 Feet Road Shobhgpura\r\nnear Ashoka Vatika\r\nUdaipur\r\n02943265656'),
(24, 'Shree Maruti Courier Service Pvt. Ltd.', 2942417430, 'UL-C-4, Madhav Tower, City Station Road, Udaipur, Rajasthan 313004\r\n'),
(25, 'Shreenath Cargo Pvt Ltd', 9214011397, 'City Station Road\r\nBelow Hotel magan palace\r\nNear Hotel Seema\r\nUdaipur\r\n0294-2485888,2485899\r\n9351244727\r\n'),
(26, 'Shreeji Roadlines', 9829841814, 'N.H. 8  By -pass Road\r\nBhuwana Udaipur 313004\r\n0294-2441222'),
(27, 'Associated Road Carriers Limited', 294249254, 'MIA\r\nOpp. FCI Godown\r\nUdaipur\r\n02942492545'),
(28, 'Singhal Carriers', 9414757704, 'Chatri Wala Chowk\r\nDelhi Gate\r\nUdaipur\r\n0294-2422674\r\n9414238996'),
(29, 'Hand Delivery', 1111111111, 'Udaipur '),
(30, 'Indian Post ', 2942429222, 'Shastri Circle Udaipur'),
(31, 'Speed Post', 1111111111, '111'),
(32, 'Kalpna Cargo Pvt Ltd', 294248489, 'Udaipur\r\n0294248489'),
(33, 'Bittu Roadlines', 0, 'Indore');

-- --------------------------------------------------------

--
-- Table structure for table `travel_requests`
--

CREATE TABLE `travel_requests` (
  `id` int(10) NOT NULL,
  `employee_name` varchar(100) NOT NULL,
  `employee_designation` varchar(50) NOT NULL,
  `purpose` varchar(50) NOT NULL,
  `purpose_specification` text NOT NULL,
  `advance_amt` decimal(15,2) NOT NULL,
  `travel_from_date` date NOT NULL,
  `travel_to_date` date NOT NULL,
  `travel_mode` varchar(50) NOT NULL,
  `return_travel_mode` varchar(50) NOT NULL,
  `travel_mode_from_date` date NOT NULL,
  `travel_mode_to_date` date NOT NULL,
  `return_mode_to_date` date NOT NULL,
  `return_mode_from_date` date NOT NULL,
  `other_mode` text NOT NULL,
  `create_date` datetime NOT NULL
) ENGINE=InnoDB DEFAULT CHARSET=latin1;

-- --------------------------------------------------------

--
-- Table structure for table `travel_request_rows`
--

CREATE TABLE `travel_request_rows` (
  `id` int(10) NOT NULL,
  `travel_request_id` int(10) NOT NULL,
  `party_name` varchar(100) NOT NULL,
  `destination` varchar(100) NOT NULL,
  `meeting_person` varchar(100) NOT NULL,
  `date` date NOT NULL,
  `reporting_time` varchar(50) NOT NULL
) ENGINE=InnoDB DEFAULT CHARSET=latin1;

-- --------------------------------------------------------

--
-- Table structure for table `units`
--

CREATE TABLE `units` (
  `id` int(10) NOT NULL,
  `name` varchar(100) NOT NULL
) ENGINE=InnoDB DEFAULT CHARSET=latin1;

--
-- Dumping data for table `units`
--

INSERT INTO `units` (`id`, `name`) VALUES
(1, 'Nos'),
(2, 'Mtrs'),
(3, 'Set'),
(4, 'Ltrs'),
(5, 'Feet'),
(6, 'MM'),
(7, 'Sqr Inch'),
(8, 'Grams'),
(9, 'Sqr MM'),
(10, 'Cms'),
(11, 'Pkt'),
(12, 'Kgs');

-- --------------------------------------------------------

--
-- Table structure for table `user_logs`
--

CREATE TABLE `user_logs` (
  `id` int(100) NOT NULL,
  `login_id` int(100) NOT NULL,
  `datetime` timestamp NOT NULL DEFAULT CURRENT_TIMESTAMP ON UPDATE CURRENT_TIMESTAMP
) ENGINE=InnoDB DEFAULT CHARSET=latin1;

--
-- Dumping data for table `user_logs`
--

INSERT INTO `user_logs` (`id`, `login_id`, `datetime`) VALUES
(3, 13, '2017-05-19 18:07:08'),
(4, 2, '2017-05-19 18:07:28'),
(5, 13, '2017-05-20 10:00:14'),
(6, 13, '2017-05-20 10:03:33'),
(7, 13, '2017-05-22 16:22:26'),
(8, 13, '2017-05-22 16:23:36'),
(9, 15, '2017-05-22 16:24:16'),
(10, 13, '2017-05-22 16:28:14'),
(11, 12, '2017-05-22 16:29:59'),
(12, 12, '2017-05-22 16:32:13'),
(13, 12, '2017-05-22 16:40:09'),
(14, 4, '2017-05-22 16:45:33'),
(15, 5, '2017-05-22 16:48:46'),
(16, 13, '2017-05-22 16:59:31'),
(17, 15, '2017-05-22 17:00:01'),
(18, 15, '2017-05-22 17:03:15'),
(19, 4, '2017-05-22 17:11:04'),
(20, 15, '2017-05-22 17:19:09'),
(21, 4, '2017-05-22 17:19:10'),
(22, 15, '2017-05-22 17:19:29'),
(23, 12, '2017-05-22 17:20:20'),
(24, 5, '2017-05-22 17:22:35'),
(25, 4, '2017-05-22 17:24:40'),
(26, 15, '2017-05-22 17:24:52'),
(27, 15, '2017-05-22 17:31:34'),
(28, 15, '2017-05-22 17:39:24'),
(29, 4, '2017-05-22 17:40:36'),
(30, 5, '2017-05-22 17:45:55'),
(31, 12, '2017-05-22 17:55:58'),
(32, 8, '2017-05-22 18:07:26'),
(33, 15, '2017-05-22 18:11:28'),
(34, 12, '2017-05-22 18:12:02'),
(35, 12, '2017-05-22 18:16:14'),
(36, 12, '2017-05-22 18:25:05'),
(37, 13, '2017-05-22 18:38:00'),
(38, 15, '2017-05-22 18:58:55'),
(39, 13, '2017-05-22 19:20:15'),
(40, 13, '2017-05-22 20:00:59'),
(41, 10, '2017-05-23 10:30:31'),
(42, 13, '2017-05-23 10:40:55'),
(43, 15, '2017-05-23 10:42:49'),
(44, 5, '2017-05-23 11:06:22'),
(45, 4, '2017-05-23 11:09:57'),
(46, 4, '2017-05-23 11:11:32'),
(47, 8, '2017-05-23 11:20:54'),
(48, 15, '2017-05-23 11:23:23'),
(49, 12, '2017-05-23 11:23:50'),
(50, 13, '2017-05-23 11:26:26'),
(51, 15, '2017-05-23 11:28:44'),
(52, 15, '2017-05-23 11:34:11'),
(53, 4, '2017-05-23 11:35:04'),
(54, 15, '2017-05-23 11:39:26'),
(55, 5, '2017-05-23 11:42:44'),
(56, 15, '2017-05-23 11:59:22'),
(57, 13, '2017-05-23 11:59:43'),
(58, 13, '2017-05-23 12:04:02'),
(59, 13, '2017-05-23 12:04:24'),
(60, 13, '2017-05-23 12:04:27'),
(61, 13, '2017-05-23 12:04:31'),
(62, 13, '2017-05-23 12:05:16'),
(63, 12, '2017-05-23 12:07:55'),
(64, 13, '2017-05-23 12:09:19'),
(65, 13, '2017-05-23 12:09:29'),
(66, 13, '2017-05-23 12:09:32'),
(67, 13, '2017-05-23 12:10:58'),
(68, 5, '2017-05-23 12:12:36'),
(69, 8, '2017-05-23 12:12:36'),
(70, 4, '2017-05-23 12:25:00'),
(71, 4, '2017-05-23 12:41:30'),
(72, 5, '2017-05-23 12:45:18'),
(73, 13, '2017-05-23 12:49:39'),
(74, 15, '2017-05-23 13:05:17'),
(75, 15, '2017-05-23 13:09:26'),
(76, 8, '2017-05-23 13:13:54'),
(77, 13, '2017-05-23 13:42:19'),
(78, 12, '2017-05-23 13:47:11'),
(79, 15, '2017-05-23 13:52:17'),
(80, 8, '2017-05-23 13:57:12'),
(81, 8, '2017-05-23 13:57:12'),
(82, 13, '2017-05-23 14:02:57'),
(83, 13, '2017-05-23 14:21:44'),
(84, 14, '2017-05-23 14:29:28'),
(85, 13, '2017-05-23 14:43:04'),
(86, 13, '2017-05-23 14:45:57'),
(87, 15, '2017-05-23 14:47:56'),
(88, 15, '2017-05-23 14:48:18'),
(89, 8, '2017-05-23 14:59:26'),
(90, 5, '2017-05-23 15:03:32'),
(91, 15, '2017-05-23 15:06:37'),
(92, 13, '2017-05-23 15:44:10'),
(93, 12, '2017-05-23 16:11:01'),
(94, 15, '2017-05-23 16:12:14'),
(95, 15, '2017-05-23 16:17:53'),
(96, 15, '2017-05-23 16:22:44'),
(97, 15, '2017-05-23 16:32:18'),
(98, 9, '2017-05-23 16:32:24'),
(99, 13, '2017-05-23 16:43:05'),
(100, 13, '2017-05-23 16:45:08'),
(101, 13, '2017-05-23 16:47:32'),
(102, 13, '2017-05-23 16:48:37'),
(103, 8, '2017-05-23 16:49:25'),
(104, 15, '2017-05-23 16:51:44'),
(105, 15, '2017-05-23 16:52:39'),
(106, 15, '2017-05-23 16:52:41'),
(107, 15, '2017-05-23 17:00:24'),
(108, 15, '2017-05-23 17:51:57'),
(109, 15, '2017-05-23 17:52:07'),
(110, 12, '2017-05-23 18:04:16'),
(111, 13, '2017-05-23 18:26:50'),
(112, 13, '2017-05-23 18:29:40'),
(113, 13, '2017-05-23 18:30:57'),
(114, 4, '2017-05-23 18:45:58'),
(115, 4, '2017-05-23 18:49:52'),
(116, 15, '2017-05-23 18:59:39'),
(117, 15, '2017-05-23 19:03:09'),
(118, 5, '2017-05-23 19:06:13'),
(119, 15, '2017-05-23 19:06:39'),
(120, 12, '2017-05-23 19:09:25'),
(121, 15, '2017-05-24 10:17:27'),
(122, 15, '2017-05-24 10:22:05'),
(123, 15, '2017-05-24 10:26:28'),
(124, 15, '2017-05-24 10:26:39'),
(125, 15, '2017-05-24 10:37:16'),
(126, 15, '2017-05-24 10:40:58'),
(127, 5, '2017-05-24 10:44:41'),
(128, 5, '2017-05-24 11:02:29'),
(129, 15, '2017-05-24 11:19:01'),
(130, 15, '2017-05-24 11:20:00'),
(131, 15, '2017-05-24 12:06:26'),
(132, 15, '2017-05-24 12:13:21'),
(133, 15, '2017-05-24 12:23:25'),
(134, 4, '2017-05-24 12:24:02'),
(135, 12, '2017-05-24 12:30:03'),
(136, 9, '2017-05-24 12:30:04'),
(137, 16, '2017-05-24 12:30:58'),
(138, 5, '2017-05-24 12:31:29'),
(139, 17, '2017-05-24 12:32:54'),
(140, 11, '2017-05-24 12:34:57'),
(141, 16, '2017-05-24 12:36:04'),
(142, 15, '2017-05-24 12:40:37'),
(143, 5, '2017-05-24 14:16:45'),
(144, 15, '2017-05-24 14:40:34'),
(145, 4, '2017-05-24 15:01:30'),
(146, 13, '2017-05-24 15:19:50'),
(147, 13, '2017-05-24 15:43:40'),
(148, 8, '2017-05-24 15:47:23'),
(149, 4, '2017-05-24 15:57:25'),
(150, 15, '2017-05-24 16:01:45'),
(151, 12, '2017-05-24 16:15:50'),
(152, 15, '2017-05-24 16:22:51'),
(153, 16, '2017-05-24 16:26:16'),
(154, 5, '2017-05-24 16:58:04'),
(155, 8, '2017-05-24 17:08:43'),
(156, 15, '2017-05-24 17:28:28'),
(157, 16, '2017-05-24 17:29:37'),
(158, 5, '2017-05-24 17:48:32'),
(159, 12, '2017-05-24 17:48:54'),
(160, 13, '2017-05-24 18:17:42'),
(161, 5, '2017-05-24 18:18:08'),
(162, 13, '2017-05-24 18:50:10'),
(163, 8, '2017-05-24 18:57:15'),
(164, 12, '2017-05-24 19:05:06'),
(165, 4, '2017-05-24 19:10:02'),
(166, 4, '2017-05-24 19:11:02'),
(167, 13, '2017-05-24 19:21:17'),
(168, 13, '2017-05-25 09:47:32'),
(169, 15, '2017-05-25 10:36:41'),
(170, 4, '2017-05-25 12:06:17'),
(171, 13, '2017-05-25 12:36:51'),
(172, 12, '2017-05-25 12:51:49'),
(173, 17, '2017-05-25 14:01:54'),
(174, 16, '2017-05-25 14:02:32'),
(175, 15, '2017-05-25 14:12:18'),
(176, 12, '2017-05-25 14:40:05'),
(177, 15, '2017-05-25 14:56:18'),
(178, 15, '2017-05-25 15:13:59'),
(179, 12, '2017-05-25 15:31:56'),
(180, 16, '2017-05-25 15:38:56'),
(181, 12, '2017-05-25 15:43:48'),
(182, 4, '2017-05-25 15:57:12'),
(183, 13, '2017-05-25 16:00:23'),
(184, 5, '2017-05-25 16:08:10'),
(185, 16, '2017-05-25 16:50:04'),
(186, 15, '2017-05-25 16:59:06'),
(187, 15, '2017-05-25 17:00:47'),
(188, 12, '2017-05-25 17:15:48'),
(189, 15, '2017-05-25 17:33:26'),
(190, 13, '2017-05-25 17:39:16'),
(191, 15, '2017-05-25 18:00:45'),
(192, 15, '2017-05-25 18:02:42'),
(193, 15, '2017-05-25 18:04:39'),
(194, 13, '2017-05-25 18:07:28'),
(195, 12, '2017-05-25 18:08:19'),
(196, 15, '2017-05-25 18:08:30'),
(197, 13, '2017-05-25 18:39:02'),
(198, 13, '2017-05-25 18:51:37'),
(199, 15, '2017-05-25 19:17:26'),
(200, 15, '2017-05-25 19:23:16'),
(201, 15, '2017-05-25 19:27:01'),
(202, 15, '2017-05-25 19:35:35'),
(203, 15, '2017-05-25 19:38:36'),
(204, 15, '2017-05-25 19:44:44'),
(205, 13, '2017-05-26 10:11:00'),
(206, 15, '2017-05-26 10:15:56'),
(207, 15, '2017-05-26 11:01:40'),
(208, 13, '2017-05-26 11:05:30'),
(209, 4, '2017-05-26 11:10:24'),
(210, 13, '2017-05-26 11:11:23'),
(211, 15, '2017-05-26 11:18:06'),
(212, 5, '2017-05-26 11:35:42'),
(213, 5, '2017-05-26 11:35:54'),
(214, 4, '2017-05-26 11:56:59'),
(215, 9, '2017-05-26 11:59:27'),
(216, 5, '2017-05-26 12:20:40'),
(217, 4, '2017-05-26 12:39:27'),
(218, 13, '2017-05-26 12:41:32'),
(219, 10, '2017-05-26 12:44:24'),
(220, 15, '2017-05-26 12:49:25'),
(221, 9, '2017-05-26 12:57:15'),
(222, 10, '2017-05-26 12:58:22'),
(223, 9, '2017-05-26 13:00:56'),
(224, 9, '2017-05-26 13:03:53'),
(225, 10, '2017-05-26 13:06:45'),
(226, 9, '2017-05-26 13:15:29'),
(227, 13, '2017-05-26 13:21:08'),
(228, 15, '2017-05-26 13:24:04'),
(229, 4, '2017-05-26 13:38:58'),
(230, 13, '2017-05-26 13:39:19'),
(231, 15, '2017-05-26 14:04:23'),
(232, 4, '2017-05-26 14:05:36'),
(233, 9, '2017-05-26 14:10:26'),
(234, 12, '2017-05-26 14:25:16'),
(235, 8, '2017-05-26 14:31:55'),
(236, 13, '2017-05-26 14:32:11'),
(237, 16, '2017-05-26 14:33:26'),
(238, 15, '2017-05-26 14:36:29'),
(239, 13, '2017-05-26 14:39:06'),
(240, 13, '2017-05-26 14:55:26'),
(241, 13, '2017-05-26 15:05:32'),
(242, 13, '2017-05-26 15:05:42'),
(243, 15, '2017-05-26 15:08:02'),
(244, 16, '2017-05-26 15:19:42'),
(245, 4, '2017-05-26 15:19:57'),
(246, 15, '2017-05-26 15:20:49'),
(247, 15, '2017-05-26 15:27:43'),
(248, 13, '2017-05-26 15:28:51'),
(249, 13, '2017-05-26 15:34:31'),
(250, 9, '2017-05-26 15:36:22'),
(251, 12, '2017-05-26 16:02:29'),
(252, 13, '2017-05-26 16:20:28'),
(253, 5, '2017-05-26 16:20:31'),
(254, 13, '2017-05-26 16:22:32'),
(255, 15, '2017-05-26 16:24:06'),
(256, 9, '2017-05-26 16:29:53'),
(257, 16, '2017-05-26 16:36:29'),
(258, 9, '2017-05-26 16:43:28'),
(259, 4, '2017-05-26 16:43:59'),
(260, 13, '2017-05-26 16:46:19'),
(261, 16, '2017-05-26 16:46:58'),
(262, 4, '2017-05-26 16:50:09'),
(263, 13, '2017-05-26 16:59:33'),
(264, 15, '2017-05-26 17:04:07'),
(265, 13, '2017-05-26 17:09:10'),
(266, 5, '2017-05-26 17:14:46'),
(267, 13, '2017-05-26 17:20:16'),
(268, 13, '2017-05-26 17:21:12'),
(269, 13, '2017-05-26 17:33:05'),
(270, 13, '2017-05-26 17:51:37'),
(271, 13, '2017-05-26 17:53:11'),
(272, 9, '2017-05-26 17:55:06'),
(273, 4, '2017-05-26 18:16:33'),
(274, 9, '2017-05-26 18:22:19'),
(275, 15, '2017-05-26 18:33:22'),
(276, 12, '2017-05-26 18:40:24'),
(277, 12, '2017-05-26 18:42:05'),
(278, 13, '2017-05-26 19:42:40'),
(279, 15, '2017-05-27 10:09:47'),
(280, 15, '2017-05-27 10:13:31'),
(281, 4, '2017-05-27 10:16:12'),
(282, 10, '2017-05-27 10:31:05'),
(283, 5, '2017-05-27 10:31:26'),
(284, 9, '2017-05-27 10:42:04'),
(285, 8, '2017-05-27 10:45:02'),
(286, 4, '2017-05-27 10:47:11'),
(287, 12, '2017-05-27 10:51:15'),
(288, 16, '2017-05-27 11:38:32'),
(289, 9, '2017-05-27 12:00:50'),
(290, 5, '2017-05-27 12:08:51'),
(291, 5, '2017-05-27 12:08:51'),
(292, 12, '2017-05-27 12:21:23'),
(293, 15, '2017-05-27 12:23:00'),
(294, 4, '2017-05-27 12:50:54'),
(295, 9, '2017-05-27 12:55:23'),
(296, 4, '2017-05-27 12:57:35'),
(297, 15, '2017-05-27 13:39:53'),
(298, 10, '2017-05-27 13:45:58'),
(299, 16, '2017-05-27 13:48:44'),
(300, 9, '2017-05-27 13:49:35'),
(301, 10, '2017-05-27 13:58:03'),
(302, 4, '2017-05-27 14:00:45'),
(303, 10, '2017-05-27 14:02:25'),
(304, 13, '2017-05-27 14:16:39'),
(305, 9, '2017-05-27 14:41:31'),
(306, 8, '2017-05-27 15:12:12'),
(307, 12, '2017-05-27 16:08:54'),
(308, 13, '2017-05-27 16:29:44'),
(309, 9, '2017-05-27 16:34:34'),
(310, 12, '2017-05-27 16:38:59'),
(311, 4, '2017-05-27 16:51:06'),
(312, 13, '2017-05-27 20:50:12'),
(313, 12, '2017-05-29 09:58:38'),
(314, 13, '2017-05-29 10:25:27'),
(315, 13, '2017-05-29 11:04:16'),
(316, 13, '2017-05-29 11:04:18'),
(317, 9, '2017-05-29 11:14:21'),
(318, 4, '2017-05-29 11:20:56'),
(319, 12, '2017-05-29 11:28:43'),
(320, 4, '2017-05-29 11:30:16'),
(321, 4, '2017-05-29 11:42:36'),
(322, 2, '2017-05-29 11:43:01'),
(323, 13, '2017-05-29 11:51:03'),
(324, 5, '2017-05-29 12:01:33'),
(325, 12, '2017-05-29 12:01:43'),
(326, 9, '2017-05-29 12:42:49'),
(327, 13, '2017-05-29 12:50:39'),
(328, 13, '2017-05-29 12:57:07'),
(329, 13, '2017-05-29 13:06:06'),
(330, 5, '2017-05-29 13:07:51'),
(331, 5, '2017-05-29 13:33:54'),
(332, 10, '2017-05-29 14:09:59'),
(333, 9, '2017-05-29 14:21:35'),
(334, 4, '2017-05-29 14:26:26'),
(335, 13, '2017-05-29 14:43:05'),
(336, 5, '2017-05-29 14:46:16'),
(337, 4, '2017-05-29 14:52:39'),
(338, 13, '2017-05-29 14:59:44'),
(339, 10, '2017-05-29 15:13:27'),
(340, 10, '2017-05-29 15:33:13'),
(341, 13, '2017-05-29 15:47:18'),
(342, 10, '2017-05-29 15:55:03'),
(343, 12, '2017-05-29 16:11:14'),
(344, 9, '2017-05-29 16:36:29'),
(345, 13, '2017-05-29 16:40:26'),
(346, 13, '2017-05-29 16:44:10'),
(347, 13, '2017-05-29 18:01:07'),
(348, 9, '2017-05-29 18:18:10'),
(349, 13, '2017-06-01 18:45:03'),
(350, 5, '2017-06-01 19:02:43'),
(351, 15, '2017-06-02 10:32:24'),
(352, 2, '2017-06-02 10:36:39'),
(353, 9, '2017-06-02 10:50:43'),
(354, 13, '2017-06-02 11:03:28'),
(355, 10, '2017-06-02 11:06:58'),
(356, 15, '2017-06-02 11:21:27'),
(357, 15, '2017-06-02 11:45:52'),
(358, 10, '2017-06-02 12:19:42'),
(359, 9, '2017-06-02 12:27:05'),
(360, 12, '2017-06-02 12:40:05'),
(361, 9, '2017-06-02 13:07:09'),
(362, 12, '2017-06-02 13:14:17'),
(363, 15, '2017-06-02 13:48:03'),
(364, 13, '2017-06-02 13:57:15'),
(365, 9, '2017-06-02 14:18:29'),
(366, 12, '2017-06-02 14:29:39'),
(367, 4, '2017-06-02 14:44:20'),
(368, 2, '2017-06-02 14:54:56'),
(369, 13, '2017-06-02 14:59:03'),
(370, 10, '2017-06-02 15:02:50'),
(371, 9, '2017-06-02 15:29:32'),
(372, 13, '2017-06-02 15:33:24'),
(373, 9, '2017-06-02 15:35:34'),
(374, 10, '2017-06-02 15:38:32'),
(375, 16, '2017-06-02 15:38:52'),
(376, 9, '2017-06-02 15:39:35'),
(377, 17, '2017-06-02 15:49:25'),
(378, 10, '2017-06-02 15:54:06'),
(379, 9, '2017-06-02 16:03:11'),
(380, 12, '2017-06-02 16:03:28'),
(381, 16, '2017-06-02 16:04:08'),
(382, 16, '2017-06-02 16:19:37'),
(383, 2, '2017-06-02 16:40:33'),
(384, 12, '2017-06-02 16:50:22'),
(385, 13, '2017-06-02 17:51:12'),
(386, 13, '2017-06-02 18:54:51'),
(387, 2, '2017-06-03 10:04:42'),
(388, 4, '2017-06-03 10:19:32'),
(389, 9, '2017-06-03 10:33:03'),
(390, 2, '2017-06-03 10:55:57'),
(391, 9, '2017-06-03 11:06:39'),
(392, 8, '2017-06-03 11:20:43'),
(393, 2, '2017-06-03 11:29:56'),
(394, 11, '2017-06-03 11:51:20'),
(395, 4, '2017-06-03 12:38:54'),
(396, 15, '2017-06-03 12:41:01'),
(397, 2, '2017-06-03 12:46:53'),
(398, 12, '2017-06-03 12:57:32'),
(399, 10, '2017-06-03 13:01:09'),
(400, 4, '2017-06-03 13:14:49'),
(401, 9, '2017-06-03 13:17:39'),
(402, 4, '2017-06-03 13:24:47'),
(403, 12, '2017-06-03 14:26:30'),
(404, 10, '2017-06-03 15:22:28'),
(405, 12, '2017-06-03 15:43:45'),
(406, 13, '2017-06-03 18:21:46'),
(407, 9, '2017-06-03 18:39:03'),
(408, 13, '2017-06-03 20:44:31'),
(409, 13, '2017-06-04 16:46:27'),
(410, 9, '2017-06-05 09:57:43'),
(411, 12, '2017-06-05 10:03:32'),
(412, 15, '2017-06-05 10:23:12'),
(413, 13, '2017-06-05 11:04:39'),
(414, 2, '2017-06-05 11:08:20'),
(415, 5, '2017-06-05 11:19:09'),
(416, 10, '2017-06-05 11:20:33'),
(417, 15, '2017-06-05 11:22:14'),
(418, 4, '2017-06-05 11:26:41'),
(419, 12, '2017-06-05 12:05:18'),
(420, 9, '2017-06-05 12:10:04'),
(421, 2, '2017-06-05 12:16:02'),
(422, 12, '2017-06-05 12:38:38'),
(423, 10, '2017-06-05 13:14:04'),
(424, 9, '2017-06-05 13:26:04'),
(425, 12, '2017-06-05 13:26:42'),
(426, 5, '2017-06-05 13:29:01'),
(427, 16, '2017-06-05 13:38:26'),
(428, 2, '2017-06-05 13:42:31'),
(429, 10, '2017-06-05 13:51:50'),
(430, 9, '2017-06-05 13:54:51'),
(431, 4, '2017-06-05 14:09:36'),
(432, 4, '2017-06-05 14:43:50'),
(433, 12, '2017-06-05 14:49:08'),
(434, 13, '2017-06-05 14:58:55'),
(435, 5, '2017-06-05 15:06:54'),
(436, 16, '2017-06-05 15:21:47'),
(437, 12, '2017-06-05 15:45:22'),
(438, 2, '2017-06-05 16:08:54'),
(439, 4, '2017-06-05 16:09:06'),
(440, 10, '2017-06-05 16:23:51'),
(441, 9, '2017-06-05 16:30:46'),
(442, 12, '2017-06-05 16:50:12'),
(443, 5, '2017-06-05 16:59:50'),
(444, 15, '2017-06-05 17:01:30'),
(445, 12, '2017-06-05 17:21:24'),
(446, 10, '2017-06-05 17:42:42'),
(447, 5, '2017-06-05 17:48:18'),
(448, 10, '2017-06-05 17:53:53'),
(449, 10, '2017-06-05 17:56:16'),
(450, 2, '2017-06-05 18:06:39'),
(451, 4, '2017-06-05 18:17:42'),
(452, 2, '2017-06-05 18:36:58'),
(453, 9, '2017-06-05 18:51:38'),
(454, 13, '2017-06-05 19:24:40'),
(455, 8, '2017-06-05 19:43:10'),
(456, 8, '2017-06-05 19:54:53'),
(457, 13, '2017-06-05 20:50:55'),
(458, 12, '2017-06-06 10:06:52'),
(459, 9, '2017-06-06 10:08:34'),
(460, 15, '2017-06-06 10:09:08'),
(461, 4, '2017-06-06 10:41:01'),
(462, 15, '2017-06-06 11:49:24'),
(463, 13, '2017-06-06 11:49:25'),
(464, 10, '2017-06-06 11:59:10'),
(465, 5, '2017-06-06 12:12:59'),
(466, 4, '2017-06-06 12:38:07'),
(467, 15, '2017-06-06 12:47:57'),
(468, 12, '2017-06-06 13:09:11'),
(469, 15, '2017-06-06 13:58:06'),
(470, 9, '2017-06-06 14:06:46'),
(471, 5, '2017-06-06 14:28:27'),
(472, 12, '2017-06-06 14:31:36'),
(473, 15, '2017-06-06 14:41:25'),
(474, 12, '2017-06-06 16:08:11'),
(475, 2, '2017-06-06 16:11:22'),
(476, 10, '2017-06-06 16:24:17'),
(477, 15, '2017-06-06 16:39:10'),
(478, 9, '2017-06-06 17:18:36'),
(479, 13, '2017-06-06 17:21:56'),
(480, 15, '2017-06-06 17:34:51'),
(481, 5, '2017-06-06 17:43:51'),
(482, 15, '2017-06-06 17:53:01'),
(483, 13, '2017-06-06 17:56:46'),
(484, 9, '2017-06-06 18:02:03'),
(485, 5, '2017-06-06 18:47:21'),
(486, 13, '2017-06-06 19:25:00'),
(487, 13, '2017-06-06 22:29:17'),
(488, 14, '2017-06-06 22:42:07'),
(489, 14, '2017-06-06 23:19:57'),
(490, 14, '2017-06-07 00:29:27'),
(491, 14, '2017-06-07 06:48:18'),
(492, 5, '2017-06-07 10:04:39'),
(493, 12, '2017-06-07 10:22:42'),
(494, 10, '2017-06-07 10:38:19'),
(495, 9, '2017-06-07 10:41:18'),
(496, 5, '2017-06-07 10:42:39'),
(497, 4, '2017-06-07 10:57:39'),
(498, 15, '2017-06-07 11:00:10'),
(499, 12, '2017-06-07 11:04:32'),
(500, 15, '2017-06-07 11:36:25'),
(501, 5, '2017-06-07 11:45:10'),
(502, 4, '2017-06-07 12:02:18'),
(503, 9, '2017-06-07 12:06:15'),
(504, 12, '2017-06-07 12:23:52'),
(505, 15, '2017-06-07 12:29:27'),
(506, 15, '2017-06-07 13:09:17'),
(507, 10, '2017-06-07 13:11:23'),
(508, 15, '2017-06-07 13:39:06'),
(509, 4, '2017-06-07 13:54:20'),
(510, 9, '2017-06-07 14:04:27'),
(511, 5, '2017-06-07 14:18:06'),
(512, 5, '2017-06-07 14:29:00'),
(513, 13, '2017-06-07 14:44:45'),
(514, 13, '2017-06-07 14:44:52'),
(515, 13, '2017-06-07 14:45:11'),
(516, 12, '2017-06-07 15:01:59'),
(517, 15, '2017-06-07 15:08:15'),
(518, 10, '2017-06-07 15:15:07'),
(519, 16, '2017-06-07 15:22:44'),
(520, 9, '2017-06-07 15:34:54'),
(521, 10, '2017-06-07 15:45:55'),
(522, 5, '2017-06-07 15:50:20'),
(523, 9, '2017-06-07 15:56:15'),
(524, 10, '2017-06-07 16:04:47'),
(525, 9, '2017-06-07 16:14:14'),
(526, 14, '2017-06-07 16:20:58'),
(527, 9, '2017-06-07 16:32:20'),
(528, 4, '2017-06-07 16:33:54'),
(529, 5, '2017-06-07 17:05:04'),
(530, 14, '2017-06-07 17:10:47'),
(531, 15, '2017-06-07 17:46:36'),
(532, 5, '2017-06-07 18:11:35'),
(533, 9, '2017-06-07 18:28:29'),
(534, 9, '2017-06-07 18:32:55'),
(535, 9, '2017-06-07 18:37:21'),
(536, 4, '2017-06-07 18:41:07'),
(537, 5, '2017-06-07 19:05:32'),
(538, 13, '2017-06-08 09:21:55'),
(539, 8, '2017-06-08 09:35:22'),
(540, 13, '2017-06-08 09:48:54'),
(541, 9, '2017-06-08 10:26:54'),
(542, 12, '2017-06-08 10:27:13'),
(543, 5, '2017-06-08 10:43:49'),
(544, 8, '2017-06-08 10:47:47'),
(545, 16, '2017-06-08 10:53:38'),
(546, 15, '2017-06-08 11:13:41'),
(547, 15, '2017-06-08 11:31:44'),
(548, 15, '2017-06-08 11:32:27'),
(549, 15, '2017-06-08 11:35:25'),
(550, 15, '2017-06-08 12:24:12'),
(551, 13, '2017-06-08 12:33:44'),
(552, 16, '2017-06-08 12:44:52'),
(553, 5, '2017-06-08 12:45:13'),
(554, 9, '2017-06-08 13:49:05'),
(555, 13, '2017-06-08 14:45:35'),
(556, 12, '2017-06-08 15:10:02'),
(557, 16, '2017-06-08 15:10:40'),
(558, 10, '2017-06-08 15:11:40'),
(559, 10, '2017-06-08 15:12:58'),
(560, 9, '2017-06-08 15:17:00'),
(561, 10, '2017-06-08 15:28:22'),
(562, 9, '2017-06-08 15:35:33'),
(563, 5, '2017-06-08 15:36:37'),
(564, 15, '2017-06-08 16:00:52'),
(565, 9, '2017-06-08 16:06:53'),
(566, 13, '2017-06-08 16:14:33'),
(567, 8, '2017-06-08 16:14:58'),
(568, 5, '2017-06-08 16:19:36'),
(569, 16, '2017-06-08 16:27:12'),
(570, 4, '2017-06-08 16:30:40'),
(571, 10, '2017-06-08 16:59:23'),
(572, 9, '2017-06-08 17:00:41'),
(573, 15, '2017-06-08 17:28:21'),
(574, 9, '2017-06-08 17:30:22'),
(575, 5, '2017-06-08 17:58:26'),
(576, 4, '2017-06-08 18:00:51'),
(577, 12, '2017-06-08 18:03:09'),
(578, 15, '2017-06-08 18:49:05'),
(579, 4, '2017-06-08 18:51:50'),
(580, 13, '2017-06-08 19:12:04'),
(581, 15, '2017-06-08 19:25:06'),
(582, 13, '2017-06-08 20:37:05'),
(583, 2, '2017-06-09 09:59:21'),
(584, 15, '2017-06-09 10:11:02'),
(585, 12, '2017-06-09 10:24:29'),
(586, 9, '2017-06-09 10:30:32'),
(587, 13, '2017-06-09 10:33:48'),
(588, 5, '2017-06-09 10:52:51'),
(589, 4, '2017-06-09 11:05:20'),
(590, 15, '2017-06-09 11:06:46'),
(591, 15, '2017-06-09 11:55:49'),
(592, 9, '2017-06-09 11:57:01'),
(593, 4, '2017-06-09 12:14:36'),
(594, 10, '2017-06-09 12:27:34'),
(595, 2, '2017-06-09 13:27:15'),
(596, 2, '2017-06-09 13:35:59'),
(597, 4, '2017-06-09 13:36:15'),
(598, 16, '2017-06-09 14:17:16'),
(599, 9, '2017-06-09 15:01:34'),
(600, 5, '2017-06-09 15:05:59'),
(601, 12, '2017-06-09 15:23:28'),
(602, 15, '2017-06-09 15:25:41'),
(603, 4, '2017-06-09 16:02:15'),
(604, 8, '2017-06-09 16:05:30'),
(605, 16, '2017-06-09 16:22:37'),
(606, 9, '2017-06-09 16:52:42'),
(607, 12, '2017-06-09 16:54:52'),
(608, 4, '2017-06-09 17:17:40'),
(609, 5, '2017-06-09 17:33:17'),
(610, 2, '2017-06-10 09:54:23'),
(611, 2, '2017-06-10 10:06:57'),
(612, 2, '2017-06-10 10:13:22'),
(613, 15, '2017-06-10 10:20:42'),
(614, 9, '2017-06-10 10:23:35'),
(615, 15, '2017-06-10 10:24:53'),
(616, 12, '2017-06-10 10:26:51'),
(617, 5, '2017-06-10 10:51:42'),
(618, 10, '2017-06-10 10:58:15'),
(619, 4, '2017-06-10 11:31:37'),
(620, 15, '2017-06-10 11:33:18'),
(621, 12, '2017-06-10 11:49:31'),
(622, 16, '2017-06-10 11:54:07'),
(623, 15, '2017-06-10 12:28:43'),
(624, 5, '2017-06-10 13:03:17'),
(625, 9, '2017-06-10 13:05:51'),
(626, 4, '2017-06-10 13:11:20'),
(627, 2, '2017-06-10 13:12:33'),
(628, 15, '2017-06-10 13:45:25'),
(629, 10, '2017-06-10 13:46:42'),
(630, 9, '2017-06-10 13:50:16'),
(631, 16, '2017-06-10 13:54:35'),
(632, 10, '2017-06-10 13:55:33'),
(633, 12, '2017-06-10 14:38:50'),
(634, 10, '2017-06-10 15:56:28'),
(635, 12, '2017-06-12 10:14:52'),
(636, 15, '2017-06-12 10:22:09'),
(637, 5, '2017-06-12 10:45:09'),
(638, 9, '2017-06-12 10:51:16'),
(639, 15, '2017-06-12 10:53:00'),
(640, 15, '2017-06-12 11:44:00'),
(641, 4, '2017-06-12 12:05:01'),
(642, 9, '2017-06-12 12:05:10'),
(643, 5, '2017-06-12 12:07:30'),
(644, 12, '2017-06-12 12:32:01'),
(645, 4, '2017-06-12 12:41:02'),
(646, 5, '2017-06-12 12:54:01'),
(647, 10, '2017-06-12 13:03:44'),
(648, 5, '2017-06-12 13:26:37'),
(649, 15, '2017-06-12 13:31:19'),
(650, 4, '2017-06-12 13:48:47'),
(651, 10, '2017-06-12 14:19:13'),
(652, 12, '2017-06-12 14:26:22'),
(653, 5, '2017-06-12 14:41:47'),
(654, 12, '2017-06-12 15:07:26'),
(655, 15, '2017-06-12 15:22:00'),
(656, 2, '2017-06-12 15:27:53'),
(657, 10, '2017-06-12 15:37:57'),
(658, 9, '2017-06-12 15:43:06'),
(659, 4, '2017-06-12 15:50:45'),
(660, 5, '2017-06-12 15:56:11'),
(661, 12, '2017-06-12 15:56:42'),
(662, 10, '2017-06-12 16:06:14'),
(663, 9, '2017-06-12 16:13:29'),
(664, 10, '2017-06-12 16:24:18'),
(665, 10, '2017-06-12 16:30:58'),
(666, 5, '2017-06-12 16:35:27'),
(667, 15, '2017-06-12 16:39:43'),
(668, 4, '2017-06-12 16:41:37'),
(669, 9, '2017-06-12 17:10:51'),
(670, 10, '2017-06-12 17:13:18'),
(671, 2, '2017-06-12 17:13:30'),
(672, 4, '2017-06-12 17:14:17'),
(673, 9, '2017-06-12 17:20:59'),
(674, 15, '2017-06-12 17:35:30'),
(675, 15, '2017-06-12 18:07:21'),
(676, 9, '2017-06-13 10:17:49'),
(677, 12, '2017-06-13 10:20:59'),
(678, 15, '2017-06-13 10:25:39'),
(679, 10, '2017-06-13 11:07:29'),
(680, 5, '2017-06-13 11:22:55'),
(681, 4, '2017-06-13 11:28:28'),
(682, 16, '2017-06-13 11:36:24'),
(683, 15, '2017-06-13 12:11:13'),
(684, 10, '2017-06-13 12:24:44'),
(685, 4, '2017-06-13 12:31:19'),
(686, 12, '2017-06-13 12:42:55'),
(687, 15, '2017-06-13 12:43:14'),
(688, 16, '2017-06-13 12:47:52'),
(689, 10, '2017-06-13 12:58:44'),
(690, 10, '2017-06-13 13:18:57'),
(691, 12, '2017-06-13 13:23:58'),
(692, 4, '2017-06-13 13:36:32'),
(693, 15, '2017-06-13 13:42:16'),
(694, 10, '2017-06-13 13:59:43'),
(695, 9, '2017-06-13 14:01:46'),
(696, 2, '2017-06-13 14:27:03'),
(697, 12, '2017-06-13 14:42:35'),
(698, 2, '2017-06-13 14:44:17'),
(699, 5, '2017-06-13 14:45:33'),
(700, 12, '2017-06-13 15:11:38'),
(701, 10, '2017-06-13 15:22:08'),
(702, 12, '2017-06-13 15:22:24'),
(703, 15, '2017-06-13 15:29:37'),
(704, 5, '2017-06-13 15:30:06'),
(705, 4, '2017-06-13 15:34:05'),
(706, 4, '2017-06-13 16:16:16'),
(707, 15, '2017-06-13 16:47:11'),
(708, 15, '2017-06-13 16:48:24'),
(709, 10, '2017-06-13 16:52:52'),
(710, 10, '2017-06-13 16:59:44'),
(711, 15, '2017-06-13 17:35:11'),
(712, 4, '2017-06-13 17:50:45'),
(713, 15, '2017-06-13 18:05:44'),
(714, 2, '2017-06-13 18:10:32'),
(715, 9, '2017-06-14 11:08:21'),
(716, 15, '2017-06-14 11:36:14'),
(717, 10, '2017-06-14 11:39:32'),
(718, 9, '2017-06-14 11:56:13'),
(719, 2, '2017-06-14 12:12:54'),
(720, 15, '2017-06-14 12:33:54'),
(721, 4, '2017-06-14 12:34:32'),
(722, 9, '2017-06-14 13:27:21'),
(723, 2, '2017-06-14 13:33:01'),
(724, 2, '2017-06-14 13:33:01'),
(725, 4, '2017-06-14 13:43:39'),
(726, 2, '2017-06-14 13:53:22'),
(727, 9, '2017-06-14 14:03:20'),
(728, 15, '2017-06-14 14:29:30'),
(729, 4, '2017-06-14 15:28:48'),
(730, 10, '2017-06-14 15:37:26'),
(731, 15, '2017-06-14 15:42:55'),
(732, 2, '2017-06-14 15:44:05'),
(733, 10, '2017-06-14 15:51:04'),
(734, 5, '2017-06-14 16:06:53'),
(735, 9, '2017-06-14 16:15:52'),
(736, 4, '2017-06-14 16:26:54'),
(737, 15, '2017-06-14 16:45:16'),
(738, 15, '2017-06-14 17:15:01'),
(739, 4, '2017-06-14 17:41:00'),
(740, 9, '2017-06-14 18:45:10'),
(741, 9, '2017-06-14 18:45:42'),
(742, 4, '2017-06-14 18:50:15'),
(743, 12, '2017-06-15 10:23:01'),
(744, 9, '2017-06-15 10:27:32'),
(745, 10, '2017-06-15 10:33:37'),
(746, 5, '2017-06-15 10:47:53'),
(747, 2, '2017-06-15 11:04:59'),
(748, 12, '2017-06-15 11:08:07'),
(749, 10, '2017-06-15 11:15:14'),
(750, 9, '2017-06-15 11:27:39'),
(751, 10, '2017-06-15 12:09:10'),
(752, 9, '2017-06-15 12:42:27'),
(753, 4, '2017-06-15 15:20:57'),
(754, 12, '2017-06-15 15:26:45'),
(755, 10, '2017-06-15 16:47:22'),
(756, 4, '2017-06-15 16:53:55'),
(757, 12, '2017-06-15 17:53:23'),
(758, 4, '2017-06-15 17:58:45'),
(759, 4, '2017-06-15 17:58:46'),
(760, 9, '2017-06-15 18:03:05'),
(761, 4, '2017-06-15 18:27:06'),
(762, 2, '2017-06-15 18:38:50'),
(763, 2, '2017-06-16 10:10:11'),
(764, 15, '2017-06-16 10:12:08'),
(765, 4, '2017-06-16 10:22:09'),
(766, 12, '2017-06-16 10:22:42'),
(767, 9, '2017-06-16 10:23:11'),
(768, 16, '2017-06-16 10:27:04'),
(769, 2, '2017-06-16 11:05:09'),
(770, 15, '2017-06-16 11:21:18'),
(771, 15, '2017-06-16 11:30:51'),
(772, 9, '2017-06-16 11:44:58'),
(773, 16, '2017-06-16 12:41:22'),
(774, 4, '2017-06-16 12:57:12'),
(775, 10, '2017-06-16 13:38:58'),
(776, 4, '2017-06-16 13:42:45'),
(777, 15, '2017-06-16 14:01:08'),
(778, 4, '2017-06-16 14:03:41'),
(779, 9, '2017-06-16 14:30:22'),
(780, 10, '2017-06-16 14:35:44'),
(781, 15, '2017-06-16 14:39:41'),
(782, 4, '2017-06-16 14:43:22'),
(783, 12, '2017-06-16 14:46:12'),
(784, 9, '2017-06-16 15:16:33'),
(785, 15, '2017-06-16 15:31:47'),
(786, 16, '2017-06-16 16:07:59'),
(787, 2, '2017-06-16 16:43:14'),
(788, 15, '2017-06-16 17:11:18'),
(789, 9, '2017-06-16 17:20:19'),
(790, 8, '2017-06-16 17:52:38'),
(791, 12, '2017-06-17 10:17:24'),
(792, 15, '2017-06-17 10:21:10'),
(793, 16, '2017-06-17 10:29:56'),
(794, 9, '2017-06-17 10:35:08'),
(795, 2, '2017-06-17 10:38:41'),
(796, 4, '2017-06-17 11:19:50'),
(797, 15, '2017-06-17 11:22:44'),
(798, 8, '2017-06-17 11:33:29'),
(799, 16, '2017-06-17 11:42:16'),
(800, 9, '2017-06-17 12:06:39'),
(801, 10, '2017-06-17 12:14:50'),
(802, 5, '2017-06-17 12:21:06'),
(803, 4, '2017-06-17 12:35:59'),
(804, 5, '2017-06-17 12:39:18'),
(805, 2, '2017-06-17 12:42:03'),
(806, 10, '2017-06-17 12:42:23'),
(807, 5, '2017-06-17 12:56:29'),
(808, 12, '2017-06-17 12:59:07'),
(809, 15, '2017-06-17 13:03:55'),
(810, 10, '2017-06-17 13:40:17'),
(811, 5, '2017-06-17 13:46:27'),
(812, 5, '2017-06-17 13:49:06'),
(813, 9, '2017-06-17 13:57:54'),
(814, 4, '2017-06-17 13:58:49'),
(815, 5, '2017-06-17 14:20:18'),
(816, 16, '2017-06-17 14:58:42'),
(817, 12, '2017-06-17 15:00:06'),
(818, 12, '2017-06-17 15:09:04'),
(819, 10, '2017-06-17 15:22:46'),
(820, 5, '2017-06-17 15:31:28'),
(821, 2, '2017-06-19 09:59:31'),
(822, 12, '2017-06-19 10:03:46'),
(823, 16, '2017-06-19 10:20:19'),
(824, 9, '2017-06-19 10:21:50'),
(825, 15, '2017-06-19 10:34:14'),
(826, 9, '2017-06-19 11:16:21'),
(827, 2, '2017-06-19 12:08:29'),
(828, 9, '2017-06-19 12:09:37'),
(829, 10, '2017-06-19 12:17:26'),
(830, 16, '2017-06-19 12:19:36'),
(831, 15, '2017-06-19 12:25:14'),
(832, 8, '2017-06-19 12:55:14'),
(833, 15, '2017-06-19 13:37:26'),
(834, 9, '2017-06-19 14:01:13'),
(835, 15, '2017-06-19 14:24:37'),
(836, 9, '2017-06-19 14:27:02'),
(837, 9, '2017-06-19 14:30:04'),
(838, 15, '2017-06-19 15:13:37'),
(839, 5, '2017-06-19 15:46:01'),
(840, 10, '2017-06-19 15:48:20'),
(841, 9, '2017-06-19 16:00:54'),
(842, 13, '2017-06-19 16:10:42'),
(843, 15, '2017-06-19 16:30:54'),
(844, 9, '2017-06-19 17:14:30'),
(845, 5, '2017-06-19 17:24:35'),
(846, 9, '2017-06-19 17:48:20'),
(847, 12, '2017-06-19 18:02:27'),
(848, 8, '2017-06-19 18:11:49'),
(849, 13, '2017-06-19 18:17:01'),
(850, 8, '2017-06-19 18:38:45'),
(851, 5, '2017-06-19 18:51:05'),
(852, 9, '2017-06-19 19:24:22'),
(853, 5, '2017-06-19 20:18:21'),
(854, 5, '2017-06-19 20:35:14'),
(855, 5, '2017-06-19 20:40:53'),
(856, 9, '2017-06-20 10:32:55'),
(857, 15, '2017-06-20 10:37:28'),
(858, 12, '2017-06-20 10:39:50'),
(859, 12, '2017-06-20 10:40:04'),
(860, 5, '2017-06-20 10:49:24'),
(861, 5, '2017-06-20 11:16:05'),
(862, 10, '2017-06-20 11:37:53'),
(863, 10, '2017-06-20 11:45:49'),
(864, 10, '2017-06-20 11:49:55'),
(865, 5, '2017-06-20 11:50:32'),
(866, 4, '2017-06-20 11:54:01'),
(867, 10, '2017-06-20 11:59:05'),
(868, 15, '2017-06-20 12:09:40'),
(869, 12, '2017-06-20 12:10:47'),
(870, 10, '2017-06-20 12:25:54'),
(871, 4, '2017-06-20 12:47:54'),
(872, 5, '2017-06-20 12:56:02'),
(873, 9, '2017-06-20 13:02:50'),
(874, 10, '2017-06-20 13:04:57'),
(875, 10, '2017-06-20 13:36:09'),
(876, 4, '2017-06-20 13:39:31'),
(877, 15, '2017-06-20 13:45:31'),
(878, 13, '2017-06-20 14:18:14'),
(879, 5, '2017-06-20 14:25:41'),
(880, 15, '2017-06-20 14:35:36'),
(881, 4, '2017-06-20 14:44:03'),
(882, 12, '2017-06-20 15:04:28'),
(883, 8, '2017-06-20 15:51:44'),
(884, 12, '2017-06-20 15:52:26'),
(885, 4, '2017-06-20 16:00:09'),
(886, 15, '2017-06-20 16:10:36'),
(887, 5, '2017-06-20 16:12:48'),
(888, 4, '2017-06-20 16:13:24'),
(889, 8, '2017-06-20 16:25:57'),
(890, 10, '2017-06-20 16:40:10'),
(891, 12, '2017-06-20 16:40:40'),
(892, 5, '2017-06-20 16:44:05'),
(893, 10, '2017-06-20 16:46:04'),
(894, 5, '2017-06-20 16:55:21'),
(895, 8, '2017-06-20 17:02:02'),
(896, 8, '2017-06-20 17:18:00'),
(897, 4, '2017-06-20 17:39:31'),
(898, 5, '2017-06-20 17:50:38'),
(899, 13, '2017-06-20 17:55:25'),
(900, 15, '2017-06-20 18:56:31'),
(901, 13, '2017-06-20 20:52:52'),
(902, 13, '2017-06-20 23:58:26'),
(903, 10, '2017-06-21 09:03:50'),
(904, 10, '2017-06-21 10:15:23'),
(905, 10, '2017-06-21 10:15:23'),
(906, 15, '2017-06-21 10:25:28'),
(907, 9, '2017-06-21 10:27:33'),
(908, 5, '2017-06-21 10:46:50'),
(909, 10, '2017-06-21 11:08:49'),
(910, 15, '2017-06-21 11:11:36'),
(911, 5, '2017-06-21 11:32:15'),
(912, 10, '2017-06-21 11:49:14'),
(913, 15, '2017-06-21 11:49:49'),
(914, 4, '2017-06-21 11:57:03'),
(915, 9, '2017-06-21 12:11:37'),
(916, 15, '2017-06-21 12:32:32'),
(917, 12, '2017-06-21 12:58:14'),
(918, 12, '2017-06-21 12:59:17'),
(919, 12, '2017-06-21 13:27:37'),
(920, 4, '2017-06-21 14:16:23'),
(921, 5, '2017-06-21 14:41:51'),
(922, 10, '2017-06-21 14:43:06'),
(923, 12, '2017-06-21 14:58:31'),
(924, 13, '2017-06-21 15:00:17'),
(925, 15, '2017-06-21 15:36:07'),
(926, 5, '2017-06-21 15:41:03'),
(927, 10, '2017-06-21 15:41:16'),
(928, 9, '2017-06-21 15:45:16'),
(929, 4, '2017-06-21 16:14:06'),
(930, 4, '2017-06-21 16:14:19'),
(931, 4, '2017-06-21 16:15:52'),
(932, 13, '2017-06-21 16:19:33'),
(933, 9, '2017-06-21 16:37:09'),
(934, 15, '2017-06-21 17:24:32'),
(935, 10, '2017-06-21 17:51:58'),
(936, 10, '2017-06-21 18:01:35'),
(937, 5, '2017-06-21 18:11:37'),
(938, 4, '2017-06-21 18:20:17'),
(939, 4, '2017-06-21 18:44:54'),
(940, 10, '2017-06-21 20:19:14'),
(941, 10, '2017-06-21 20:28:51'),
(942, 9, '2017-06-22 10:09:15'),
(943, 15, '2017-06-22 10:20:45'),
(944, 4, '2017-06-22 10:35:22'),
(945, 13, '2017-06-22 10:53:27'),
(946, 16, '2017-06-22 11:07:16'),
(947, 5, '2017-06-22 11:31:50'),
(948, 13, '2017-06-22 11:54:32'),
(949, 5, '2017-06-22 11:58:40'),
(950, 15, '2017-06-22 12:21:54'),
(951, 9, '2017-06-22 12:28:45'),
(952, 5, '2017-06-22 12:37:35'),
(953, 13, '2017-06-22 12:42:12'),
(954, 4, '2017-06-22 12:57:46'),
(955, 15, '2017-06-22 12:58:17'),
(956, 12, '2017-06-22 12:58:35'),
(957, 15, '2017-06-22 13:31:14'),
(958, 16, '2017-06-22 13:34:40'),
(959, 16, '2017-06-22 13:35:36'),
(960, 2, '2017-06-22 13:44:40'),
(961, 12, '2017-06-22 13:50:37'),
(962, 13, '2017-06-22 14:02:15'),
(963, 9, '2017-06-22 14:06:23'),
(964, 5, '2017-06-22 14:09:44'),
(965, 4, '2017-06-22 14:29:09'),
(966, 4, '2017-06-22 14:32:36'),
(967, 16, '2017-06-22 15:15:56'),
(968, 15, '2017-06-22 15:16:58'),
(969, 5, '2017-06-22 15:40:21'),
(970, 5, '2017-06-22 16:47:19'),
(971, 15, '2017-06-22 16:52:37'),
(972, 15, '2017-06-22 17:39:18'),
(973, 5, '2017-06-22 17:57:22'),
(974, 4, '2017-06-22 18:08:50'),
(975, 4, '2017-06-22 18:08:55'),
(976, 4, '2017-06-22 18:09:38'),
(977, 2, '2017-06-22 18:22:22'),
(978, 15, '2017-06-22 18:49:54'),
(979, 5, '2017-06-22 18:58:06'),
(980, 15, '2017-06-23 10:11:07'),
(981, 4, '2017-06-23 10:23:21'),
(982, 16, '2017-06-23 10:31:59'),
(983, 12, '2017-06-23 10:34:21'),
(984, 16, '2017-06-23 10:39:11'),
(985, 5, '2017-06-23 10:47:03'),
(986, 13, '2017-06-23 10:59:51'),
(987, 2, '2017-06-23 11:43:47'),
(988, 13, '2017-06-23 11:52:42'),
(989, 16, '2017-06-23 12:14:11'),
(990, 12, '2017-06-23 12:19:54'),
(991, 2, '2017-06-23 12:36:48'),
(992, 15, '2017-06-23 12:38:57'),
(993, 16, '2017-06-23 12:52:04'),
(994, 4, '2017-06-23 13:04:48'),
(995, 5, '2017-06-23 13:19:09'),
(996, 15, '2017-06-23 13:53:01'),
(997, 12, '2017-06-23 14:40:55'),
(998, 9, '2017-06-23 14:46:03'),
(999, 5, '2017-06-23 15:14:43'),
(1000, 12, '2017-06-23 15:46:28'),
(1001, 13, '2017-06-23 16:08:31'),
(1002, 12, '2017-06-23 16:59:57'),
(1003, 15, '2017-06-23 17:09:07'),
(1004, 4, '2017-06-23 17:15:19'),
(1005, 5, '2017-06-23 18:03:08'),
(1006, 2, '2017-06-23 18:03:33'),
(1007, 15, '2017-06-24 09:57:27'),
(1008, 5, '2017-06-24 10:36:12'),
(1009, 5, '2017-06-24 10:39:52'),
(1010, 15, '2017-06-24 10:41:59'),
(1011, 2, '2017-06-24 10:44:17'),
(1012, 15, '2017-06-24 11:10:39'),
(1013, 15, '2017-06-24 11:30:54'),
(1014, 12, '2017-06-24 11:45:06'),
(1015, 13, '2017-06-24 11:50:30'),
(1016, 15, '2017-06-24 12:28:51'),
(1017, 5, '2017-06-24 12:46:38'),
(1018, 15, '2017-06-24 13:07:31'),
(1019, 14, '2017-06-24 13:18:38'),
(1020, 15, '2017-06-24 13:38:07'),
(1021, 14, '2017-06-24 14:17:05'),
(1022, 15, '2017-06-24 15:11:11'),
(1023, 15, '2017-06-24 15:14:22'),
(1024, 14, '2017-06-24 15:14:41'),
(1025, 15, '2017-06-26 10:20:21'),
(1026, 9, '2017-06-26 11:08:30'),
(1027, 13, '2017-06-26 11:32:35'),
(1028, 2, '2017-06-26 11:59:43'),
(1029, 15, '2017-06-26 12:00:00'),
(1030, 5, '2017-06-26 12:10:59'),
(1031, 14, '2017-06-26 12:28:16'),
(1032, 11, '2017-06-26 12:45:17'),
(1033, 4, '2017-06-26 12:47:07'),
(1034, 5, '2017-06-26 12:54:46'),
(1035, 5, '2017-06-26 12:54:55'),
(1036, 15, '2017-06-26 13:58:00'),
(1037, 13, '2017-06-26 14:02:57'),
(1038, 14, '2017-06-26 14:08:14'),
(1039, 2, '2017-06-26 14:12:54'),
(1040, 9, '2017-06-26 14:43:02'),
(1041, 14, '2017-06-26 14:54:18'),
(1042, 5, '2017-06-26 14:54:52'),
(1043, 11, '2017-06-26 15:54:05'),
(1044, 19, '2017-06-26 16:04:37'),
(1045, 15, '2017-06-26 16:05:50'),
(1046, 4, '2017-06-26 16:13:09'),
(1047, 9, '2017-06-26 16:34:08'),
(1048, 9, '2017-06-26 16:45:04'),
(1049, 19, '2017-06-26 16:57:50'),
(1050, 15, '2017-06-26 17:46:36'),
(1051, 13, '2017-06-26 18:09:26'),
(1052, 19, '2017-06-26 18:25:43'),
(1053, 13, '2017-06-27 09:12:55'),
(1054, 15, '2017-06-27 09:49:53'),
(1055, 19, '2017-06-27 10:03:30'),
(1056, 9, '2017-06-27 10:25:47'),
(1057, 19, '2017-06-27 11:20:25'),
(1058, 15, '2017-06-27 11:49:55'),
(1059, 2, '2017-06-27 11:51:37'),
(1060, 9, '2017-06-27 12:04:05'),
(1061, 15, '2017-06-27 12:15:41'),
(1062, 15, '2017-06-27 13:46:36'),
(1063, 15, '2017-06-27 13:47:00'),
(1064, 15, '2017-06-27 13:48:34'),
(1065, 15, '2017-06-27 13:48:43'),
(1066, 15, '2017-06-27 13:49:13'),
(1067, 2, '2017-06-27 13:54:17'),
(1068, 14, '2017-06-27 15:03:42'),
(1069, 9, '2017-06-27 15:15:23'),
(1070, 19, '2017-06-27 15:43:13'),
(1071, 4, '2017-06-27 15:43:25'),
(1072, 15, '2017-06-27 16:35:06'),
(1073, 19, '2017-06-27 16:39:23'),
(1074, 9, '2017-06-27 17:00:41'),
(1075, 15, '2017-06-27 17:22:57'),
(1076, 9, '2017-06-27 18:12:33'),
(1077, 13, '2017-06-28 09:22:32'),
(1078, 9, '2017-06-28 10:08:28'),
(1079, 13, '2017-06-28 10:13:53'),
(1080, 19, '2017-06-28 10:24:13'),
(1081, 15, '2017-06-28 10:39:42'),
(1082, 5, '2017-06-28 10:52:01'),
(1083, 19, '2017-06-28 11:31:51'),
(1084, 2, '2017-06-28 11:38:11'),
(1085, 4, '2017-06-28 11:49:01'),
(1086, 19, '2017-06-28 14:19:57'),
(1087, 4, '2017-06-28 14:57:12'),
(1088, 9, '2017-06-28 15:09:40'),
(1089, 9, '2017-06-28 15:10:01'),
(1090, 19, '2017-06-28 15:15:13'),
(1091, 14, '2017-06-28 15:43:57'),
(1092, 5, '2017-06-28 16:19:41'),
(1093, 19, '2017-06-28 16:32:32'),
(1094, 4, '2017-06-28 16:32:35'),
(1095, 19, '2017-06-28 16:33:19'),
(1096, 19, '2017-06-28 17:55:46'),
(1097, 19, '2017-06-29 10:24:41'),
(1098, 9, '2017-06-29 10:27:43'),
(1099, 10, '2017-06-29 10:31:16'),
(1100, 4, '2017-06-29 11:17:27'),
(1101, 19, '2017-06-29 13:09:55'),
(1102, 9, '2017-06-29 13:14:45'),
(1103, 4, '2017-06-29 13:47:09'),
(1104, 13, '2017-06-29 13:59:12'),
(1105, 5, '2017-06-29 14:12:58'),
(1106, 19, '2017-06-29 14:44:48'),
(1107, 5, '2017-06-29 15:09:34'),
(1108, 2, '2017-06-29 15:28:26'),
(1109, 19, '2017-06-29 15:50:48'),
(1110, 5, '2017-06-29 16:47:14'),
(1111, 19, '2017-06-30 10:15:14'),
(1112, 2, '2017-06-30 10:16:57'),
(1113, 4, '2017-06-30 10:28:50'),
(1114, 16, '2017-06-30 10:47:03'),
(1115, 12, '2017-06-30 10:49:52'),
(1116, 2, '2017-06-30 10:51:26'),
(1117, 4, '2017-06-30 11:15:04'),
(1118, 9, '2017-06-30 11:30:25'),
(1119, 9, '2017-06-30 11:31:16'),
(1120, 19, '2017-06-30 11:52:34'),
(1121, 4, '2017-06-30 11:58:47'),
(1122, 12, '2017-06-30 12:21:59'),
(1123, 9, '2017-06-30 12:29:29'),
(1124, 2, '2017-06-30 12:50:09'),
(1125, 2, '2017-06-30 13:01:45'),
(1126, 5, '2017-06-30 13:31:33'),
(1127, 4, '2017-06-30 13:34:58'),
(1128, 5, '2017-06-30 13:58:39'),
(1129, 12, '2017-06-30 14:03:50'),
(1130, 9, '2017-06-30 14:15:39'),
(1131, 12, '2017-06-30 14:46:14'),
(1132, 2, '2017-06-30 15:07:13'),
(1133, 9, '2017-06-30 15:08:30'),
(1134, 12, '2017-06-30 15:44:01'),
(1135, 19, '2017-06-30 15:44:03'),
(1136, 9, '2017-06-30 16:43:13'),
(1137, 19, '2017-06-30 16:49:39'),
(1138, 9, '2017-06-30 17:43:26'),
(1139, 12, '2017-06-30 18:05:56'),
(1140, 9, '2017-06-30 18:41:09'),
(1141, 9, '2017-07-01 10:41:19'),
(1142, 5, '2017-07-01 10:42:50'),
(1143, 19, '2017-07-01 10:43:02'),
(1144, 10, '2017-07-01 10:56:11'),
(1145, 12, '2017-07-01 11:02:02'),
(1146, 9, '2017-07-01 11:39:01'),
(1147, 5, '2017-07-01 11:40:04'),
(1148, 8, '2017-07-01 11:48:21'),
(1149, 2, '2017-07-01 11:52:38'),
(1150, 12, '2017-07-01 12:12:28'),
(1151, 2, '2017-07-01 12:23:03'),
(1152, 19, '2017-07-01 12:33:35'),
(1153, 9, '2017-07-01 13:03:03'),
(1154, 2, '2017-07-01 13:03:51'),
(1155, 10, '2017-07-01 13:40:59'),
(1156, 9, '2017-07-01 13:50:56'),
(1157, 12, '2017-07-01 13:53:29'),
(1158, 5, '2017-07-01 13:59:22'),
(1159, 4, '2017-07-01 14:41:11'),
(1160, 2, '2017-07-01 15:07:56'),
(1161, 12, '2017-07-01 16:45:28'),
(1162, 10, '2017-07-01 16:50:26'),
(1163, 9, '2017-07-01 16:51:15'),
(1164, 19, '2017-07-01 17:05:53'),
(1165, 8, '2017-07-01 17:08:31'),
(1166, 13, '2017-07-01 17:24:29'),
(1167, 5, '2017-07-01 17:27:02'),
(1168, 5, '2017-07-01 17:55:09'),
(1169, 10, '2017-07-01 18:13:11'),
(1170, 19, '2017-07-02 11:13:36'),
(1171, 19, '2017-07-02 11:19:45'),
(1172, 5, '2017-07-02 11:47:40'),
(1173, 8, '2017-07-02 11:49:34'),
(1174, 10, '2017-07-02 12:17:46'),
(1175, 10, '2017-07-02 12:32:35'),
(1176, 4, '2017-07-02 13:23:15'),
(1177, 13, '2017-07-02 13:26:33'),
(1178, 4, '2017-07-02 13:28:12'),
(1179, 5, '2017-07-02 13:30:02'),
(1180, 8, '2017-07-02 13:52:33'),
(1181, 13, '2017-07-02 14:45:41'),
(1182, 13, '2017-07-02 14:46:03'),
(1183, 4, '2017-07-02 14:46:48'),
(1184, 10, '2017-07-02 14:53:33'),
(1185, 19, '2017-07-02 15:42:16'),
(1186, 10, '2017-07-02 16:15:25'),
(1187, 9, '2017-07-02 21:36:37'),
(1188, 9, '2017-07-03 10:07:11'),
(1189, 2, '2017-07-03 10:19:53'),
(1190, 12, '2017-07-03 10:31:02'),
(1191, 4, '2017-07-03 10:43:54'),
(1192, 12, '2017-07-03 11:13:14'),
(1193, 19, '2017-07-03 11:44:15'),
(1194, 12, '2017-07-03 12:04:30'),
(1195, 10, '2017-07-03 12:58:05'),
(1196, 19, '2017-07-03 13:19:58'),
(1197, 2, '2017-07-03 13:31:14'),
(1198, 19, '2017-07-03 13:55:19'),
(1199, 12, '2017-07-03 13:57:10'),
(1200, 4, '2017-07-03 14:06:40'),
(1201, 12, '2017-07-03 14:11:23'),
(1202, 10, '2017-07-03 14:30:03'),
(1203, 9, '2017-07-03 14:31:38'),
(1204, 2, '2017-07-03 14:38:38'),
(1205, 10, '2017-07-03 15:23:24'),
(1206, 12, '2017-07-03 15:27:40'),
(1207, 19, '2017-07-03 15:28:49'),
(1208, 8, '2017-07-03 15:30:08'),
(1209, 13, '2017-07-03 15:30:49'),
(1210, 4, '2017-07-03 15:42:06'),
(1211, 4, '2017-07-03 16:05:58'),
(1212, 9, '2017-07-03 16:41:03'),
(1213, 8, '2017-07-03 17:35:48'),
(1214, 9, '2017-07-03 17:36:34'),
(1215, 10, '2017-07-03 17:37:14'),
(1216, 8, '2017-07-03 18:00:18'),
(1217, 13, '2017-07-03 18:33:00'),
(1218, 19, '2017-07-03 18:34:16'),
(1219, 12, '2017-07-03 18:36:08'),
(1220, 10, '2017-07-03 19:07:58'),
(1221, 13, '2017-07-03 19:48:52'),
(1222, 10, '2017-07-03 20:27:44'),
(1223, 10, '2017-07-04 09:02:46'),
(1224, 13, '2017-07-04 09:10:20'),
(1225, 8, '2017-07-04 10:01:42'),
(1226, 9, '2017-07-04 10:02:48'),
(1227, 19, '2017-07-04 10:07:26'),
(1228, 12, '2017-07-04 10:18:00'),
(1229, 13, '2017-07-04 10:29:39'),
(1230, 10, '2017-07-04 10:38:30'),
(1231, 9, '2017-07-04 10:41:24'),
(1232, 4, '2017-07-04 10:59:34'),
(1233, 5, '2017-07-04 11:08:56'),
(1234, 19, '2017-07-04 11:09:44'),
(1235, 8, '2017-07-04 11:12:43'),
(1236, 10, '2017-07-04 11:16:58'),
(1237, 9, '2017-07-04 11:18:32'),
(1238, 4, '2017-07-04 11:32:06'),
(1239, 12, '2017-07-04 11:32:16'),
(1240, 13, '2017-07-04 11:58:38'),
(1241, 5, '2017-07-04 12:02:33'),
(1242, 10, '2017-07-04 12:23:38'),
(1243, 15, '2017-07-04 12:32:55'),
(1244, 15, '2017-07-04 12:34:35'),
(1245, 15, '2017-07-04 12:34:37'),
(1246, 15, '2017-07-04 12:35:23'),
(1247, 4, '2017-07-04 12:50:12'),
(1248, 12, '2017-07-04 13:05:48'),
(1249, 13, '2017-07-04 13:11:53'),
(1250, 15, '2017-07-04 13:15:34'),
(1251, 8, '2017-07-04 13:15:38'),
(1252, 9, '2017-07-04 13:30:57'),
(1253, 15, '2017-07-04 13:54:43'),
(1254, 10, '2017-07-04 13:55:32'),
(1255, 12, '2017-07-04 14:00:39'),
(1256, 9, '2017-07-04 14:04:03'),
(1257, 19, '2017-07-04 14:04:26'),
(1258, 13, '2017-07-04 14:06:57'),
(1259, 5, '2017-07-04 14:48:44'),
(1260, 9, '2017-07-04 15:02:00'),
(1261, 12, '2017-07-04 15:11:46'),
(1262, 19, '2017-07-04 15:18:21'),
(1263, 15, '2017-07-04 15:35:55'),
(1264, 5, '2017-07-04 15:44:09'),
(1265, 4, '2017-07-04 15:48:44'),
(1266, 9, '2017-07-04 15:50:37'),
(1267, 4, '2017-07-04 16:07:24'),
(1268, 5, '2017-07-04 16:10:14'),
(1269, 15, '2017-07-04 16:18:15'),
(1270, 4, '2017-07-04 16:49:47'),
(1271, 5, '2017-07-04 16:53:29'),
(1272, 13, '2017-07-04 17:16:20'),
(1273, 12, '2017-07-04 17:26:58'),
(1274, 15, '2017-07-04 17:47:18'),
(1275, 4, '2017-07-04 17:53:22'),
(1276, 12, '2017-07-04 17:59:30'),
(1277, 9, '2017-07-04 18:10:03'),
(1278, 15, '2017-07-04 18:23:04'),
(1279, 12, '2017-07-04 18:32:39'),
(1280, 10, '2017-07-04 18:54:55'),
(1281, 9, '2017-07-04 18:59:21'),
(1282, 10, '2017-07-04 19:27:55'),
(1283, 9, '2017-07-04 19:56:06'),
(1284, 10, '2017-07-04 20:28:06'),
(1285, 13, '2017-07-05 10:08:00'),
(1286, 12, '2017-07-05 10:28:44'),
(1287, 9, '2017-07-05 10:31:05'),
(1288, 2, '2017-07-05 10:31:17'),
(1289, 15, '2017-07-05 10:38:57'),
(1290, 5, '2017-07-05 11:29:26'),
(1291, 12, '2017-07-05 11:30:11'),
(1292, 9, '2017-07-05 11:57:57'),
(1293, 5, '2017-07-05 12:27:03'),
(1294, 15, '2017-07-05 12:27:57'),
(1295, 4, '2017-07-05 12:32:13'),
(1296, 12, '2017-07-05 12:58:15'),
(1297, 5, '2017-07-05 12:58:27'),
(1298, 13, '2017-07-05 13:03:52'),
(1299, 9, '2017-07-05 13:08:22'),
(1300, 5, '2017-07-05 13:30:38'),
(1301, 4, '2017-07-05 13:35:43'),
(1302, 9, '2017-07-05 13:47:50'),
(1303, 2, '2017-07-05 13:53:21'),
(1304, 4, '2017-07-05 13:56:32'),
(1305, 14, '2017-07-05 14:19:16'),
(1306, 9, '2017-07-05 14:33:53'),
(1307, 2, '2017-07-05 14:34:29'),
(1308, 15, '2017-07-05 14:41:12'),
(1309, 13, '2017-07-05 15:03:13'),
(1310, 9, '2017-07-05 15:12:50'),
(1311, 14, '2017-07-05 15:24:59'),
(1312, 19, '2017-07-05 15:25:49'),
(1313, 2, '2017-07-05 15:29:18'),
(1314, 12, '2017-07-05 15:45:17'),
(1315, 5, '2017-07-05 16:01:57'),
(1316, 15, '2017-07-05 16:02:17'),
(1317, 8, '2017-07-05 16:05:59'),
(1318, 12, '2017-07-05 16:37:12'),
(1319, 13, '2017-07-05 16:38:29'),
(1320, 13, '2017-07-05 16:38:47'),
(1321, 9, '2017-07-05 16:46:40'),
(1322, 19, '2017-07-05 16:55:19'),
(1323, 10, '2017-07-05 17:22:31'),
(1324, 9, '2017-07-05 17:23:25'),
(1325, 14, '2017-07-05 17:44:22'),
(1326, 19, '2017-07-05 17:59:13'),
(1327, 12, '2017-07-05 18:31:56'),
(1328, 5, '2017-07-05 18:33:04'),
(1329, 15, '2017-07-05 18:35:41'),
(1330, 13, '2017-07-05 18:41:29'),
(1331, 2, '2017-07-05 18:47:34'),
(1332, 2, '2017-07-06 09:02:59'),
(1333, 15, '2017-07-06 10:12:13'),
(1334, 9, '2017-07-06 10:32:34'),
(1335, 8, '2017-07-06 10:36:18'),
(1336, 15, '2017-07-06 11:27:37'),
(1337, 4, '2017-07-06 11:35:01'),
(1338, 13, '2017-07-06 12:25:56'),
(1339, 13, '2017-07-06 12:26:00'),
(1340, 13, '2017-07-06 12:26:20'),
(1341, 2, '2017-07-06 12:54:53'),
(1342, 15, '2017-07-06 13:19:54'),
(1343, 2, '2017-07-06 13:49:39'),
(1344, 9, '2017-07-06 13:53:43'),
(1345, 19, '2017-07-06 14:01:31'),
(1346, 13, '2017-07-06 14:02:36'),
(1347, 14, '2017-07-06 14:07:26'),
(1348, 15, '2017-07-06 14:16:14'),
(1349, 8, '2017-07-06 14:36:54'),
(1350, 13, '2017-07-06 14:39:10'),
(1351, 5, '2017-07-06 14:42:29'),
(1352, 9, '2017-07-06 15:03:04'),
(1353, 2, '2017-07-06 15:29:17'),
(1354, 4, '2017-07-06 15:31:45'),
(1355, 8, '2017-07-06 15:33:57'),
(1356, 19, '2017-07-06 15:58:10'),
(1357, 5, '2017-07-06 16:06:49'),
(1358, 5, '2017-07-06 16:31:15'),
(1359, 19, '2017-07-06 16:43:07'),
(1360, 15, '2017-07-06 16:44:31'),
(1361, 4, '2017-07-06 17:15:55'),
(1362, 9, '2017-07-06 17:19:52'),
(1363, 5, '2017-07-06 17:22:36'),
(1364, 2, '2017-07-06 17:36:49'),
(1365, 8, '2017-07-06 17:59:21'),
(1366, 9, '2017-07-06 18:09:16'),
(1367, 5, '2017-07-06 18:12:06'),
(1368, 13, '2017-07-06 18:22:20'),
(1369, 15, '2017-07-06 18:27:08'),
(1370, 4, '2017-07-06 18:38:55'),
(1371, 19, '2017-07-06 18:55:51'),
(1372, 10, '2017-07-06 18:59:51'),
(1373, 19, '2017-07-07 10:18:40'),
(1374, 15, '2017-07-07 10:22:48'),
(1375, 13, '2017-07-07 10:35:02'),
(1376, 9, '2017-07-07 10:54:43'),
(1377, 15, '2017-07-07 10:55:08'),
(1378, 19, '2017-07-07 10:57:08'),
(1379, 4, '2017-07-07 11:04:52'),
(1380, 12, '2017-07-07 11:06:29'),
(1381, 19, '2017-07-07 11:14:45'),
(1382, 12, '2017-07-07 11:22:04'),
(1383, 15, '2017-07-07 11:30:43'),
(1384, 5, '2017-07-07 11:39:14'),
(1385, 19, '2017-07-07 11:43:15'),
(1386, 10, '2017-07-07 11:50:27'),
(1387, 12, '2017-07-07 11:50:42'),
(1388, 12, '2017-07-07 11:54:52'),
(1389, 2, '2017-07-07 12:00:40'),
(1390, 13, '2017-07-07 12:10:14'),
(1391, 9, '2017-07-07 12:25:26'),
(1392, 10, '2017-07-07 12:52:04'),
(1393, 14, '2017-07-07 12:54:16'),
(1394, 15, '2017-07-07 13:00:28'),
(1395, 19, '2017-07-07 13:15:46'),
(1396, 12, '2017-07-07 13:22:12'),
(1397, 10, '2017-07-07 13:26:12'),
(1398, 5, '2017-07-07 13:28:38'),
(1399, 4, '2017-07-07 13:35:53'),
(1400, 14, '2017-07-07 13:46:45'),
(1401, 2, '2017-07-07 13:50:35'),
(1402, 15, '2017-07-07 13:53:27'),
(1403, 9, '2017-07-07 13:56:48'),
(1404, 5, '2017-07-07 14:02:07'),
(1405, 13, '2017-07-07 14:34:02'),
(1406, 19, '2017-07-07 14:40:22'),
(1407, 10, '2017-07-07 14:43:32'),
(1408, 12, '2017-07-07 14:46:54'),
(1409, 2, '2017-07-07 15:00:01'),
(1410, 5, '2017-07-07 15:00:55'),
(1411, 9, '2017-07-07 15:02:11'),
(1412, 15, '2017-07-07 15:07:12'),
(1413, 13, '2017-07-07 15:10:56'),
(1414, 19, '2017-07-07 15:18:59'),
(1415, 10, '2017-07-07 15:31:14'),
(1416, 4, '2017-07-07 15:32:10'),
(1417, 4, '2017-07-07 15:32:15'),
(1418, 4, '2017-07-07 15:32:53'),
(1419, 4, '2017-07-07 15:33:11'),
(1420, 4, '2017-07-07 15:34:30'),
(1421, 4, '2017-07-07 15:35:49'),
(1422, 14, '2017-07-07 15:45:52'),
(1423, 15, '2017-07-07 15:54:33'),
(1424, 5, '2017-07-07 16:00:39'),
(1425, 10, '2017-07-07 16:08:56'),
(1426, 15, '2017-07-07 16:29:47'),
(1427, 10, '2017-07-07 16:49:16'),
(1428, 13, '2017-07-07 16:51:31'),
(1429, 4, '2017-07-07 17:00:37'),
(1430, 9, '2017-07-07 17:29:18'),
(1431, 19, '2017-07-07 17:55:44'),
(1432, 2, '2017-07-07 17:56:57'),
(1433, 5, '2017-07-07 18:03:49'),
(1434, 15, '2017-07-07 18:15:18'),
(1435, 9, '2017-07-07 18:29:59'),
(1436, 2, '2017-07-07 18:30:26'),
(1437, 4, '2017-07-07 18:35:34'),
(1438, 12, '2017-07-07 18:37:58'),
(1439, 4, '2017-07-07 18:44:16'),
(1440, 13, '2017-07-07 18:48:20'),
(1441, 12, '2017-07-07 19:08:30'),
(1442, 4, '2017-07-08 09:29:52'),
(1443, 4, '2017-07-08 09:56:40'),
(1444, 12, '2017-07-08 09:58:39'),
(1445, 2, '2017-07-08 10:05:16'),
(1446, 9, '2017-07-08 10:12:47'),
(1447, 19, '2017-07-08 10:18:21'),
(1448, 19, '2017-07-08 10:18:40'),
(1449, 15, '2017-07-08 10:22:15'),
(1450, 19, '2017-07-08 10:42:04'),
(1451, 9, '2017-07-08 10:43:25'),
(1452, 4, '2017-07-08 10:46:25'),
(1453, 4, '2017-07-08 11:09:06'),
(1454, 8, '2017-07-08 11:10:16'),
(1455, 2, '2017-07-08 11:16:00'),
(1456, 14, '2017-07-08 11:20:53'),
(1457, 12, '2017-07-08 11:22:24'),
(1458, 4, '2017-07-08 11:26:55'),
(1459, 9, '2017-07-08 11:31:34'),
(1460, 15, '2017-07-08 11:36:43'),
(1461, 4, '2017-07-08 12:02:56'),
(1462, 12, '2017-07-08 12:05:06'),
(1463, 15, '2017-07-08 12:06:11'),
(1464, 13, '2017-07-08 12:30:52'),
(1465, 12, '2017-07-08 12:37:25'),
(1466, 9, '2017-07-08 12:55:52'),
(1467, 15, '2017-07-08 13:10:15'),
(1468, 12, '2017-07-08 13:10:31'),
(1469, 5, '2017-07-08 13:34:52'),
(1470, 19, '2017-07-08 13:52:15'),
(1471, 14, '2017-07-08 14:32:38'),
(1472, 15, '2017-07-08 14:40:31'),
(1473, 13, '2017-07-08 14:50:41'),
(1474, 13, '2017-07-08 14:51:00'),
(1475, 5, '2017-07-08 15:58:14'),
(1476, 13, '2017-07-08 16:01:58'),
(1477, 15, '2017-07-08 16:03:24'),
(1478, 14, '2017-07-08 16:18:28'),
(1479, 4, '2017-07-08 16:18:50'),
(1480, 5, '2017-07-08 16:32:48'),
(1481, 9, '2017-07-08 17:10:42'),
(1482, 19, '2017-07-08 17:28:32'),
(1483, 19, '2017-07-08 17:29:28'),
(1484, 9, '2017-07-10 09:59:16'),
(1485, 5, '2017-07-10 10:25:45'),
(1486, 15, '2017-07-10 10:36:42'),
(1487, 2, '2017-07-10 10:46:39'),
(1488, 9, '2017-07-10 11:02:01'),
(1489, 12, '2017-07-10 11:11:06'),
(1490, 19, '2017-07-10 11:13:59'),
(1491, 19, '2017-07-10 11:15:41'),
(1492, 19, '2017-07-10 11:21:53'),
(1493, 9, '2017-07-10 11:29:00'),
(1494, 8, '2017-07-10 11:31:25'),
(1495, 4, '2017-07-10 11:47:57'),
(1496, 10, '2017-07-10 11:49:15'),
(1497, 12, '2017-07-10 11:56:04'),
(1498, 5, '2017-07-10 12:05:33'),
(1499, 15, '2017-07-10 12:17:33'),
(1500, 19, '2017-07-10 12:43:39'),
(1501, 12, '2017-07-10 12:56:44'),
(1502, 9, '2017-07-10 12:56:56'),
(1503, 15, '2017-07-10 13:03:21'),
(1504, 10, '2017-07-10 13:17:21'),
(1505, 14, '2017-07-10 13:34:30'),
(1506, 15, '2017-07-10 13:36:13'),
(1507, 9, '2017-07-10 14:00:39'),
(1508, 12, '2017-07-10 14:12:47'),
(1509, 13, '2017-07-10 14:22:43'),
(1510, 10, '2017-07-10 14:33:42'),
(1511, 12, '2017-07-10 15:07:19'),
(1512, 2, '2017-07-10 15:39:13'),
(1513, 10, '2017-07-10 15:42:07'),
(1514, 5, '2017-07-10 15:44:09'),
(1515, 14, '2017-07-10 15:46:19'),
(1516, 9, '2017-07-10 16:07:22'),
(1517, 15, '2017-07-10 16:15:51'),
(1518, 10, '2017-07-10 16:23:00'),
(1519, 10, '2017-07-10 17:00:54'),
(1520, 15, '2017-07-10 17:01:37'),
(1521, 5, '2017-07-10 17:08:31'),
(1522, 19, '2017-07-10 17:25:29'),
(1523, 19, '2017-07-10 17:25:41'),
(1524, 13, '2017-07-10 18:03:38'),
(1525, 4, '2017-07-10 18:12:55'),
(1526, 19, '2017-07-10 18:24:04'),
(1527, 10, '2017-07-10 18:46:38'),
(1528, 2, '2017-07-10 18:54:11'),
(1529, 12, '2017-07-10 18:55:01'),
(1530, 9, '2017-07-10 18:57:57'),
(1531, 13, '2017-07-11 08:46:15'),
(1532, 2, '2017-07-11 09:28:18'),
(1533, 15, '2017-07-11 10:06:59'),
(1534, 9, '2017-07-11 10:22:40'),
(1535, 8, '2017-07-11 10:24:05'),
(1536, 8, '2017-07-11 10:24:26'),
(1537, 15, '2017-07-11 10:26:24'),
(1538, 12, '2017-07-11 10:27:39'),
(1539, 5, '2017-07-11 11:11:25'),
(1540, 12, '2017-07-11 11:21:29'),
(1541, 2, '2017-07-11 11:25:08'),
(1542, 19, '2017-07-11 11:28:54'),
(1543, 10, '2017-07-11 11:36:30'),
(1544, 10, '2017-07-11 11:38:36'),
(1545, 10, '2017-07-11 11:38:36'),
(1546, 15, '2017-07-11 11:44:30'),
(1547, 19, '2017-07-11 11:50:56'),
(1548, 12, '2017-07-11 12:14:39'),
(1549, 2, '2017-07-11 12:16:37'),
(1550, 15, '2017-07-11 12:34:36'),
(1551, 19, '2017-07-11 12:44:48'),
(1552, 15, '2017-07-11 12:49:50'),
(1553, 5, '2017-07-11 12:54:14'),
(1554, 10, '2017-07-11 12:59:14'),
(1555, 13, '2017-07-11 13:13:17'),
(1556, 19, '2017-07-11 13:17:19'),
(1557, 5, '2017-07-11 13:17:21'),
(1558, 12, '2017-07-11 13:23:16'),
(1559, 19, '2017-07-11 13:55:14'),
(1560, 19, '2017-07-11 13:55:40'),
(1561, 12, '2017-07-11 14:36:18'),
(1562, 15, '2017-07-11 14:37:07'),
(1563, 5, '2017-07-11 14:37:25'),
(1564, 10, '2017-07-11 15:07:32'),
(1565, 15, '2017-07-11 15:10:46'),
(1566, 5, '2017-07-11 15:23:01'),
(1567, 12, '2017-07-11 15:40:54'),
(1568, 15, '2017-07-11 15:46:40');
INSERT INTO `user_logs` (`id`, `login_id`, `datetime`) VALUES
(1569, 5, '2017-07-11 15:59:45'),
(1570, 2, '2017-07-11 17:08:46'),
(1571, 2, '2017-07-11 17:09:22'),
(1572, 19, '2017-07-11 18:35:49'),
(1573, 13, '2017-07-11 18:55:44'),
(1574, 8, '2017-07-11 18:57:50'),
(1575, 8, '2017-07-11 19:00:04'),
(1576, 2, '2017-07-12 09:32:50'),
(1577, 15, '2017-07-12 10:11:01'),
(1578, 9, '2017-07-12 10:19:05'),
(1579, 12, '2017-07-12 10:35:19'),
(1580, 15, '2017-07-12 10:43:53'),
(1581, 2, '2017-07-12 10:56:22'),
(1582, 5, '2017-07-12 11:09:24'),
(1583, 4, '2017-07-12 11:24:28'),
(1584, 12, '2017-07-12 12:03:42'),
(1585, 15, '2017-07-12 12:23:48'),
(1586, 5, '2017-07-12 12:27:36'),
(1587, 9, '2017-07-12 12:28:14'),
(1588, 9, '2017-07-12 12:32:52'),
(1589, 12, '2017-07-12 12:47:44'),
(1590, 15, '2017-07-12 13:12:04'),
(1591, 14, '2017-07-12 13:20:53'),
(1592, 5, '2017-07-12 13:23:20'),
(1593, 10, '2017-07-12 13:24:54'),
(1594, 10, '2017-07-12 13:29:02'),
(1595, 12, '2017-07-12 13:46:50'),
(1596, 9, '2017-07-12 13:56:47'),
(1597, 2, '2017-07-12 14:39:47'),
(1598, 10, '2017-07-12 14:40:52'),
(1599, 8, '2017-07-12 14:42:18'),
(1600, 12, '2017-07-12 14:44:16'),
(1601, 5, '2017-07-12 15:00:48'),
(1602, 9, '2017-07-12 15:20:11'),
(1603, 8, '2017-07-12 15:21:03'),
(1604, 4, '2017-07-12 15:28:23'),
(1605, 15, '2017-07-12 15:39:02'),
(1606, 9, '2017-07-12 15:52:39'),
(1607, 19, '2017-07-12 16:13:47'),
(1608, 13, '2017-07-12 16:33:50'),
(1609, 2, '2017-07-12 16:59:04'),
(1610, 2, '2017-07-12 17:41:17'),
(1611, 19, '2017-07-12 17:54:48'),
(1612, 5, '2017-07-12 17:55:17'),
(1613, 9, '2017-07-12 17:59:33'),
(1614, 2, '2017-07-12 18:04:07'),
(1615, 15, '2017-07-12 18:07:15'),
(1616, 5, '2017-07-12 18:29:57'),
(1617, 8, '2017-07-12 18:43:49'),
(1618, 13, '2017-07-12 19:19:32'),
(1619, 2, '2017-07-13 09:28:44'),
(1620, 9, '2017-07-13 09:56:41'),
(1621, 15, '2017-07-13 10:28:16'),
(1622, 15, '2017-07-13 11:37:24'),
(1623, 2, '2017-07-13 12:03:37'),
(1624, 15, '2017-07-13 14:06:29'),
(1625, 12, '2017-07-13 14:33:57'),
(1626, 12, '2017-07-13 15:27:55'),
(1627, 4, '2017-07-13 15:32:15'),
(1628, 15, '2017-07-13 15:46:42'),
(1629, 4, '2017-07-13 16:12:48'),
(1630, 12, '2017-07-13 17:21:50'),
(1631, 9, '2017-07-13 17:38:19'),
(1632, 4, '2017-07-13 18:00:54'),
(1633, 19, '2017-07-14 10:16:05'),
(1634, 15, '2017-07-14 10:21:15'),
(1635, 12, '2017-07-14 10:25:32'),
(1636, 4, '2017-07-14 10:27:13'),
(1637, 5, '2017-07-14 10:34:08'),
(1638, 19, '2017-07-14 11:04:28'),
(1639, 15, '2017-07-14 11:12:59'),
(1640, 5, '2017-07-14 11:31:39'),
(1641, 14, '2017-07-14 13:00:57'),
(1642, 15, '2017-07-14 13:44:29'),
(1643, 19, '2017-07-14 13:48:55'),
(1644, 15, '2017-07-14 14:20:56'),
(1645, 2, '2017-07-14 14:55:56'),
(1646, 14, '2017-07-14 15:02:08'),
(1647, 2, '2017-07-14 15:06:01'),
(1648, 2, '2017-07-14 15:45:24'),
(1649, 2, '2017-07-14 15:49:02'),
(1650, 12, '2017-07-14 15:49:37'),
(1651, 12, '2017-07-14 15:54:22'),
(1652, 15, '2017-07-14 16:20:41'),
(1653, 2, '2017-07-14 16:42:23'),
(1654, 5, '2017-07-14 17:01:40'),
(1655, 15, '2017-07-14 17:17:28'),
(1656, 2, '2017-07-14 17:21:52'),
(1657, 14, '2017-07-14 17:33:22'),
(1658, 2, '2017-07-14 17:37:48'),
(1659, 8, '2017-07-14 17:52:22'),
(1660, 19, '2017-07-15 10:33:16'),
(1661, 12, '2017-07-15 12:46:48'),
(1662, 14, '2017-07-15 12:56:47'),
(1663, 9, '2017-07-15 13:00:57'),
(1664, 9, '2017-07-15 13:01:16'),
(1665, 12, '2017-07-15 13:04:50'),
(1666, 12, '2017-07-15 13:44:35'),
(1667, 15, '2017-07-15 13:54:45'),
(1668, 9, '2017-07-15 13:55:52'),
(1669, 4, '2017-07-15 14:14:12'),
(1670, 15, '2017-07-15 15:32:27'),
(1671, 12, '2017-07-17 10:02:51'),
(1672, 19, '2017-07-17 10:12:48'),
(1673, 15, '2017-07-17 10:16:52'),
(1674, 9, '2017-07-17 10:30:20'),
(1675, 12, '2017-07-17 10:54:13'),
(1676, 19, '2017-07-17 10:55:32'),
(1677, 12, '2017-07-17 12:02:03'),
(1678, 8, '2017-07-17 12:37:52'),
(1679, 8, '2017-07-17 12:42:27'),
(1680, 15, '2017-07-17 12:45:11'),
(1681, 5, '2017-07-17 12:47:41'),
(1682, 12, '2017-07-17 13:03:09'),
(1683, 19, '2017-07-17 14:12:37'),
(1684, 15, '2017-07-17 14:13:02'),
(1685, 5, '2017-07-17 14:20:31'),
(1686, 9, '2017-07-17 14:38:41'),
(1687, 19, '2017-07-17 15:04:20'),
(1688, 8, '2017-07-17 15:04:52'),
(1689, 15, '2017-07-17 15:06:14'),
(1690, 5, '2017-07-17 15:10:15'),
(1691, 15, '2017-07-17 15:38:01'),
(1692, 9, '2017-07-17 15:42:41'),
(1693, 19, '2017-07-17 15:44:01'),
(1694, 12, '2017-07-17 15:47:21'),
(1695, 5, '2017-07-17 15:49:34'),
(1696, 15, '2017-07-17 16:23:09'),
(1697, 19, '2017-07-17 16:28:25'),
(1698, 15, '2017-07-17 16:51:27'),
(1699, 9, '2017-07-17 17:30:26'),
(1700, 12, '2017-07-17 17:30:28'),
(1701, 19, '2017-07-17 17:44:45'),
(1702, 15, '2017-07-17 18:23:48'),
(1703, 13, '2017-07-17 18:52:07'),
(1704, 13, '2017-07-17 19:24:42'),
(1705, 12, '2017-07-17 19:27:59'),
(1706, 12, '2017-07-17 19:29:50'),
(1707, 12, '2017-07-18 09:52:19'),
(1708, 9, '2017-07-18 09:57:12'),
(1709, 4, '2017-07-18 10:27:36'),
(1710, 12, '2017-07-18 10:47:18'),
(1711, 5, '2017-07-18 12:28:50'),
(1712, 9, '2017-07-18 12:31:01'),
(1713, 12, '2017-07-18 12:41:42'),
(1714, 19, '2017-07-18 13:07:31'),
(1715, 19, '2017-07-18 13:08:25'),
(1716, 5, '2017-07-18 14:12:34'),
(1717, 19, '2017-07-18 14:35:04'),
(1718, 10, '2017-07-18 14:38:03'),
(1719, 13, '2017-07-18 14:59:45'),
(1720, 9, '2017-07-18 15:20:49'),
(1721, 4, '2017-07-18 15:23:16'),
(1722, 5, '2017-07-18 15:34:38'),
(1723, 14, '2017-07-18 15:41:44'),
(1724, 14, '2017-07-18 16:09:30'),
(1725, 9, '2017-07-18 16:43:12'),
(1726, 4, '2017-07-18 17:36:39'),
(1727, 10, '2017-07-18 18:28:26'),
(1728, 15, '2017-07-19 10:09:04'),
(1729, 9, '2017-07-19 10:18:27'),
(1730, 5, '2017-07-19 10:21:45'),
(1731, 2, '2017-07-19 10:26:30'),
(1732, 15, '2017-07-19 10:42:48'),
(1733, 15, '2017-07-19 11:34:58'),
(1734, 19, '2017-07-19 11:50:37'),
(1735, 19, '2017-07-19 12:21:24'),
(1736, 14, '2017-07-19 13:37:56'),
(1737, 14, '2017-07-19 13:38:29'),
(1738, 15, '2017-07-19 13:43:31'),
(1739, 9, '2017-07-19 13:46:09'),
(1740, 9, '2017-07-19 13:46:35'),
(1741, 10, '2017-07-19 13:48:10'),
(1742, 19, '2017-07-19 13:50:37'),
(1743, 19, '2017-07-19 13:52:05'),
(1744, 5, '2017-07-19 14:01:19'),
(1745, 15, '2017-07-19 14:16:27'),
(1746, 4, '2017-07-19 14:22:18'),
(1747, 5, '2017-07-19 14:29:04'),
(1748, 19, '2017-07-19 14:41:10'),
(1749, 10, '2017-07-19 15:01:43'),
(1750, 15, '2017-07-19 15:23:51'),
(1751, 2, '2017-07-19 15:35:43'),
(1752, 4, '2017-07-19 15:37:03'),
(1753, 5, '2017-07-19 15:38:40'),
(1754, 10, '2017-07-19 15:38:41'),
(1755, 13, '2017-07-19 15:40:51'),
(1756, 2, '2017-07-19 15:44:07'),
(1757, 4, '2017-07-19 15:58:21'),
(1758, 19, '2017-07-19 17:17:01'),
(1759, 9, '2017-07-19 17:55:09'),
(1760, 19, '2017-07-19 18:22:52'),
(1761, 13, '2017-07-19 18:26:52'),
(1762, 9, '2017-07-19 18:37:18'),
(1763, 19, '2017-07-19 18:56:49'),
(1764, 2, '2017-07-19 18:57:37'),
(1765, 15, '2017-07-19 19:01:22'),
(1766, 19, '2017-07-19 19:03:40'),
(1767, 10, '2017-07-19 19:14:53'),
(1768, 13, '2017-07-19 19:18:46'),
(1769, 10, '2017-07-19 20:57:22'),
(1770, 15, '2017-07-20 10:05:59'),
(1771, 9, '2017-07-20 10:29:49'),
(1772, 4, '2017-07-20 10:30:20'),
(1773, 12, '2017-07-20 10:32:32'),
(1774, 15, '2017-07-20 11:31:22'),
(1775, 8, '2017-07-20 11:33:42'),
(1776, 12, '2017-07-20 11:34:53'),
(1777, 15, '2017-07-20 11:59:05'),
(1778, 19, '2017-07-20 12:04:10'),
(1779, 15, '2017-07-20 12:57:40'),
(1780, 9, '2017-07-20 13:05:05'),
(1781, 19, '2017-07-20 13:32:09'),
(1782, 9, '2017-07-20 13:55:47'),
(1783, 12, '2017-07-20 14:06:44'),
(1784, 8, '2017-07-20 14:23:22'),
(1785, 5, '2017-07-20 14:28:42'),
(1786, 15, '2017-07-20 14:35:42'),
(1787, 10, '2017-07-20 14:49:26'),
(1788, 4, '2017-07-20 14:58:45'),
(1789, 13, '2017-07-20 15:08:54'),
(1790, 5, '2017-07-20 15:18:28'),
(1791, 10, '2017-07-20 15:33:58'),
(1792, 15, '2017-07-20 15:40:37'),
(1793, 5, '2017-07-20 15:43:24'),
(1794, 12, '2017-07-20 15:47:41'),
(1795, 10, '2017-07-20 16:16:19'),
(1796, 5, '2017-07-20 16:36:08'),
(1797, 4, '2017-07-20 17:06:47'),
(1798, 12, '2017-07-20 17:09:23'),
(1799, 19, '2017-07-20 17:27:42'),
(1800, 12, '2017-07-20 17:34:30'),
(1801, 10, '2017-07-20 17:45:36'),
(1802, 4, '2017-07-20 17:47:42'),
(1803, 5, '2017-07-20 17:53:43'),
(1804, 4, '2017-07-20 17:55:40'),
(1805, 8, '2017-07-20 17:57:34'),
(1806, 15, '2017-07-20 18:01:28'),
(1807, 13, '2017-07-20 18:15:17'),
(1808, 12, '2017-07-20 18:37:43'),
(1809, 10, '2017-07-20 18:38:29'),
(1810, 19, '2017-07-20 19:01:06'),
(1811, 4, '2017-07-20 19:04:48'),
(1812, 10, '2017-07-20 19:11:28'),
(1813, 19, '2017-07-20 19:19:21'),
(1814, 12, '2017-07-21 10:42:11'),
(1815, 15, '2017-07-21 12:40:30'),
(1816, 9, '2017-07-21 12:41:24'),
(1817, 2, '2017-07-21 12:45:37'),
(1818, 4, '2017-07-21 12:46:12'),
(1819, 12, '2017-07-21 12:55:55'),
(1820, 9, '2017-07-21 13:14:28'),
(1821, 13, '2017-07-21 13:25:16'),
(1822, 4, '2017-07-21 13:40:14'),
(1823, 15, '2017-07-21 13:49:30'),
(1824, 19, '2017-07-21 13:55:23'),
(1825, 9, '2017-07-21 13:57:31'),
(1826, 8, '2017-07-21 14:16:29'),
(1827, 12, '2017-07-21 14:33:27'),
(1828, 4, '2017-07-21 14:40:25'),
(1829, 13, '2017-07-21 15:04:57'),
(1830, 12, '2017-07-21 15:08:44'),
(1831, 10, '2017-07-21 15:17:47'),
(1832, 5, '2017-07-21 15:29:33'),
(1833, 15, '2017-07-21 15:36:56'),
(1834, 13, '2017-07-21 15:52:09'),
(1835, 5, '2017-07-21 16:03:44'),
(1836, 8, '2017-07-21 16:35:42'),
(1837, 12, '2017-07-21 16:35:54'),
(1838, 19, '2017-07-21 16:45:07'),
(1839, 10, '2017-07-21 16:45:37'),
(1840, 5, '2017-07-21 17:09:04'),
(1841, 15, '2017-07-21 17:10:30'),
(1842, 13, '2017-07-21 17:18:34'),
(1843, 4, '2017-07-21 17:26:32'),
(1844, 8, '2017-07-21 17:37:05'),
(1845, 10, '2017-07-21 18:02:08'),
(1846, 12, '2017-07-21 18:05:09'),
(1847, 2, '2017-07-21 18:14:03'),
(1848, 5, '2017-07-21 18:42:17'),
(1849, 12, '2017-07-21 18:53:41'),
(1850, 4, '2017-07-21 18:59:43'),
(1851, 13, '2017-07-21 19:51:29'),
(1852, 8, '2017-07-22 10:07:19'),
(1853, 9, '2017-07-22 10:20:46'),
(1854, 8, '2017-07-22 11:57:34'),
(1855, 5, '2017-07-22 12:06:34'),
(1856, 4, '2017-07-22 12:31:31'),
(1857, 5, '2017-07-22 12:31:43'),
(1858, 4, '2017-07-22 13:16:48'),
(1859, 4, '2017-07-22 13:17:27'),
(1860, 9, '2017-07-22 13:20:58'),
(1861, 12, '2017-07-22 13:21:58'),
(1862, 15, '2017-07-22 13:23:58'),
(1863, 5, '2017-07-22 13:27:07'),
(1864, 13, '2017-07-22 13:29:29'),
(1865, 14, '2017-07-22 13:47:49'),
(1866, 15, '2017-07-22 13:52:45'),
(1867, 9, '2017-07-22 14:00:08'),
(1868, 8, '2017-07-22 14:05:50'),
(1869, 4, '2017-07-22 14:10:45'),
(1870, 15, '2017-07-22 14:16:21'),
(1871, 2, '2017-07-22 14:24:49'),
(1872, 10, '2017-07-22 14:39:59'),
(1873, 4, '2017-07-22 14:50:17'),
(1874, 8, '2017-07-22 15:01:26'),
(1875, 8, '2017-07-22 15:06:21'),
(1876, 10, '2017-07-22 16:02:31'),
(1877, 13, '2017-07-22 16:10:25'),
(1878, 14, '2017-07-22 16:21:25'),
(1879, 15, '2017-07-24 10:19:50'),
(1880, 5, '2017-07-24 10:21:31'),
(1881, 4, '2017-07-24 10:25:26'),
(1882, 9, '2017-07-24 10:30:36'),
(1883, 8, '2017-07-24 10:40:45'),
(1884, 13, '2017-07-24 10:55:48'),
(1885, 8, '2017-07-24 11:18:29'),
(1886, 9, '2017-07-24 11:29:19'),
(1887, 5, '2017-07-24 11:37:15'),
(1888, 13, '2017-07-24 12:14:29'),
(1889, 8, '2017-07-24 12:15:38'),
(1890, 10, '2017-07-24 12:17:51'),
(1891, 5, '2017-07-24 12:31:23'),
(1892, 4, '2017-07-24 12:35:36'),
(1893, 9, '2017-07-24 12:37:20'),
(1894, 13, '2017-07-24 12:41:19'),
(1895, 15, '2017-07-24 12:58:01'),
(1896, 5, '2017-07-24 13:32:12'),
(1897, 4, '2017-07-24 13:33:22'),
(1898, 15, '2017-07-24 14:11:12'),
(1899, 10, '2017-07-24 14:18:48'),
(1900, 15, '2017-07-24 14:44:34'),
(1901, 9, '2017-07-24 14:52:22'),
(1902, 8, '2017-07-24 15:13:42'),
(1903, 10, '2017-07-24 15:51:23'),
(1904, 4, '2017-07-24 16:01:03'),
(1905, 9, '2017-07-24 16:28:03'),
(1906, 4, '2017-07-24 16:30:37'),
(1907, 9, '2017-07-24 17:08:08'),
(1908, 8, '2017-07-24 17:11:13'),
(1909, 4, '2017-07-24 17:32:43'),
(1910, 15, '2017-07-24 17:39:50'),
(1911, 8, '2017-07-24 17:52:49'),
(1912, 9, '2017-07-25 10:08:51'),
(1913, 15, '2017-07-25 10:09:24'),
(1914, 19, '2017-07-25 10:10:45'),
(1915, 13, '2017-07-25 10:24:15'),
(1916, 9, '2017-07-25 11:42:14'),
(1917, 4, '2017-07-25 11:44:40'),
(1918, 4, '2017-07-25 11:47:25'),
(1919, 13, '2017-07-25 12:05:44'),
(1920, 5, '2017-07-25 12:24:26'),
(1921, 8, '2017-07-25 12:33:02'),
(1922, 15, '2017-07-25 12:34:00'),
(1923, 10, '2017-07-25 12:36:46'),
(1924, 4, '2017-07-25 12:38:45'),
(1925, 10, '2017-07-25 13:14:05'),
(1926, 8, '2017-07-25 13:26:54'),
(1927, 4, '2017-07-25 13:35:02'),
(1928, 15, '2017-07-25 13:44:42'),
(1929, 5, '2017-07-25 14:17:36'),
(1930, 9, '2017-07-25 14:18:58'),
(1931, 19, '2017-07-25 14:36:46'),
(1932, 13, '2017-07-25 14:51:01'),
(1933, 8, '2017-07-25 15:00:40'),
(1934, 10, '2017-07-25 15:07:10'),
(1935, 19, '2017-07-25 15:27:51'),
(1936, 19, '2017-07-25 15:32:28'),
(1937, 13, '2017-07-25 15:48:19'),
(1938, 15, '2017-07-25 15:49:25'),
(1939, 10, '2017-07-25 16:00:59'),
(1940, 9, '2017-07-25 16:03:09'),
(1941, 8, '2017-07-25 16:09:56'),
(1942, 4, '2017-07-25 16:15:42'),
(1943, 10, '2017-07-25 16:22:35'),
(1944, 15, '2017-07-25 16:56:06'),
(1945, 8, '2017-07-25 17:08:44'),
(1946, 13, '2017-07-25 17:10:37'),
(1947, 4, '2017-07-25 17:25:14'),
(1948, 10, '2017-07-25 17:25:22'),
(1949, 13, '2017-07-25 17:56:54'),
(1950, 10, '2017-07-25 17:58:55'),
(1951, 4, '2017-07-25 18:02:35'),
(1952, 5, '2017-07-25 18:19:14'),
(1953, 10, '2017-07-25 18:45:52'),
(1954, 13, '2017-07-25 19:40:25'),
(1955, 9, '2017-07-25 20:00:58'),
(1956, 9, '2017-07-25 20:06:36'),
(1957, 15, '2017-07-26 10:18:36'),
(1958, 19, '2017-07-26 10:20:04'),
(1959, 4, '2017-07-26 10:27:50'),
(1960, 9, '2017-07-26 10:32:54'),
(1961, 9, '2017-07-26 11:09:48'),
(1962, 9, '2017-07-26 11:30:21'),
(1963, 4, '2017-07-26 11:31:02'),
(1964, 19, '2017-07-26 11:52:49'),
(1965, 13, '2017-07-26 12:04:43'),
(1966, 4, '2017-07-26 12:29:59'),
(1967, 4, '2017-07-26 12:42:12'),
(1968, 13, '2017-07-26 13:28:32'),
(1969, 15, '2017-07-26 13:38:14'),
(1970, 4, '2017-07-26 13:52:55'),
(1971, 10, '2017-07-26 13:55:38'),
(1972, 13, '2017-07-26 14:00:22'),
(1973, 5, '2017-07-26 14:03:33'),
(1974, 10, '2017-07-26 14:28:27'),
(1975, 19, '2017-07-26 14:34:15'),
(1976, 15, '2017-07-26 14:38:09'),
(1977, 15, '2017-07-26 15:10:19'),
(1978, 10, '2017-07-26 15:17:51'),
(1979, 9, '2017-07-26 15:28:53'),
(1980, 10, '2017-07-26 15:43:55'),
(1981, 19, '2017-07-26 15:44:27'),
(1982, 19, '2017-07-26 17:06:34'),
(1983, 13, '2017-07-26 17:30:48'),
(1984, 10, '2017-07-26 17:35:21'),
(1985, 15, '2017-07-26 17:36:10'),
(1986, 9, '2017-07-26 17:44:50'),
(1987, 5, '2017-07-26 18:23:08'),
(1988, 13, '2017-07-26 18:28:21'),
(1989, 10, '2017-07-26 18:29:32'),
(1990, 13, '2017-07-26 19:25:53'),
(1991, 13, '2017-07-26 20:00:44'),
(1992, 13, '2017-07-27 09:36:56'),
(1993, 15, '2017-07-27 10:22:45'),
(1994, 5, '2017-07-27 10:41:17'),
(1995, 13, '2017-07-27 10:51:42'),
(1996, 5, '2017-07-27 11:12:44'),
(1997, 4, '2017-07-27 11:56:36'),
(1998, 13, '2017-07-27 12:24:02'),
(1999, 13, '2017-07-27 12:50:48'),
(2000, 4, '2017-07-27 12:57:28'),
(2001, 15, '2017-07-27 13:28:29'),
(2002, 8, '2017-07-27 13:55:10'),
(2003, 19, '2017-07-27 13:56:47'),
(2004, 15, '2017-07-27 14:14:39'),
(2005, 4, '2017-07-27 14:17:47'),
(2006, 19, '2017-07-27 14:33:58'),
(2007, 8, '2017-07-27 15:07:22'),
(2008, 13, '2017-07-27 15:31:38'),
(2009, 10, '2017-07-27 16:20:00'),
(2010, 15, '2017-07-27 16:35:32'),
(2011, 10, '2017-07-27 16:56:37'),
(2012, 15, '2017-07-27 17:02:59'),
(2013, 13, '2017-07-27 17:08:15'),
(2014, 5, '2017-07-27 17:21:51'),
(2015, 10, '2017-07-27 17:27:13'),
(2016, 4, '2017-07-27 18:20:09'),
(2017, 4, '2017-07-27 18:45:47'),
(2018, 8, '2017-07-27 18:48:07'),
(2019, 13, '2017-07-28 10:15:01'),
(2020, 5, '2017-07-28 10:29:05'),
(2021, 9, '2017-07-28 10:32:43'),
(2022, 4, '2017-07-28 10:38:44'),
(2023, 13, '2017-07-28 10:55:33'),
(2024, 9, '2017-07-28 11:19:59'),
(2025, 15, '2017-07-28 11:21:30'),
(2026, 4, '2017-07-28 11:30:18'),
(2027, 8, '2017-07-28 11:33:29'),
(2028, 9, '2017-07-28 11:56:15'),
(2029, 5, '2017-07-28 11:58:35'),
(2030, 4, '2017-07-28 12:06:50'),
(2031, 8, '2017-07-28 12:32:44'),
(2032, 19, '2017-07-28 12:37:26'),
(2033, 15, '2017-07-28 12:37:40'),
(2034, 13, '2017-07-28 13:02:40'),
(2035, 4, '2017-07-28 13:02:56'),
(2036, 5, '2017-07-28 13:20:54'),
(2037, 15, '2017-07-28 13:36:39'),
(2038, 15, '2017-07-28 13:39:37'),
(2039, 13, '2017-07-28 13:51:21'),
(2040, 15, '2017-07-28 13:55:47'),
(2041, 9, '2017-07-28 14:09:16'),
(2042, 10, '2017-07-28 14:26:34'),
(2043, 13, '2017-07-28 14:29:50'),
(2044, 4, '2017-07-28 14:35:11'),
(2045, 8, '2017-07-28 14:36:23'),
(2046, 5, '2017-07-28 14:56:02'),
(2047, 9, '2017-07-28 15:12:51'),
(2048, 10, '2017-07-28 15:21:09'),
(2049, 19, '2017-07-28 15:51:14'),
(2050, 19, '2017-07-28 15:51:33'),
(2051, 4, '2017-07-28 15:55:27'),
(2052, 10, '2017-07-28 16:11:19'),
(2053, 15, '2017-07-28 16:15:54'),
(2054, 5, '2017-07-28 16:20:28'),
(2055, 13, '2017-07-28 16:48:01'),
(2056, 15, '2017-07-28 16:52:01'),
(2057, 10, '2017-07-28 17:04:21'),
(2058, 5, '2017-07-28 17:06:45'),
(2059, 4, '2017-07-28 17:11:27'),
(2060, 15, '2017-07-28 17:21:08'),
(2061, 19, '2017-07-28 17:41:44'),
(2062, 4, '2017-07-28 17:48:13'),
(2063, 19, '2017-07-28 18:13:57'),
(2064, 19, '2017-07-28 18:27:50'),
(2065, 19, '2017-07-28 18:32:06'),
(2066, 5, '2017-07-28 18:37:04'),
(2067, 13, '2017-07-29 08:39:07'),
(2068, 13, '2017-07-29 09:25:55'),
(2069, 8, '2017-07-29 10:01:14'),
(2070, 15, '2017-07-29 10:09:01'),
(2071, 12, '2017-07-29 10:11:54'),
(2072, 9, '2017-07-29 10:17:21'),
(2073, 19, '2017-07-29 10:22:17'),
(2074, 19, '2017-07-29 10:23:53'),
(2075, 10, '2017-07-29 10:40:21'),
(2076, 9, '2017-07-29 11:02:36'),
(2077, 15, '2017-07-29 11:11:48'),
(2078, 4, '2017-07-29 11:13:52'),
(2079, 19, '2017-07-29 11:21:50'),
(2080, 10, '2017-07-29 11:42:29'),
(2081, 13, '2017-07-29 12:27:48'),
(2082, 5, '2017-07-29 12:33:01'),
(2083, 4, '2017-07-29 12:45:13'),
(2084, 12, '2017-07-29 12:46:20'),
(2085, 10, '2017-07-29 13:00:09'),
(2086, 15, '2017-07-29 13:09:46'),
(2087, 9, '2017-07-29 13:11:31'),
(2088, 4, '2017-07-29 13:12:08'),
(2089, 5, '2017-07-29 13:22:18'),
(2090, 15, '2017-07-29 13:22:45'),
(2091, 15, '2017-07-29 13:38:34'),
(2092, 10, '2017-07-29 13:45:53'),
(2093, 13, '2017-07-29 13:51:34'),
(2094, 9, '2017-07-29 13:52:48'),
(2095, 12, '2017-07-29 14:07:33'),
(2096, 19, '2017-07-29 14:08:03'),
(2097, 12, '2017-07-29 14:19:13'),
(2098, 5, '2017-07-29 14:30:46'),
(2099, 4, '2017-07-29 15:01:26'),
(2100, 19, '2017-07-29 15:03:20'),
(2101, 12, '2017-07-29 15:17:01'),
(2102, 10, '2017-07-29 15:19:22'),
(2103, 4, '2017-07-29 15:20:11'),
(2104, 15, '2017-07-29 15:23:17'),
(2105, 13, '2017-07-29 16:00:16'),
(2106, 8, '2017-07-29 16:07:19'),
(2107, 13, '2017-07-29 16:37:37'),
(2108, 10, '2017-07-29 16:45:45'),
(2109, 12, '2017-07-29 16:47:20'),
(2110, 10, '2017-07-29 17:37:05'),
(2111, 13, '2017-07-31 10:01:40'),
(2112, 15, '2017-07-31 10:12:04'),
(2113, 19, '2017-07-31 10:25:11'),
(2114, 12, '2017-07-31 10:39:24'),
(2115, 13, '2017-07-31 10:39:27'),
(2116, 15, '2017-07-31 10:49:17'),
(2117, 19, '2017-07-31 11:05:17'),
(2118, 15, '2017-07-31 11:09:07'),
(2119, 15, '2017-07-31 11:15:15'),
(2120, 15, '2017-07-31 11:17:23'),
(2121, 9, '2017-07-31 11:21:08'),
(2122, 5, '2017-07-31 11:25:57'),
(2123, 5, '2017-07-31 11:57:58'),
(2124, 10, '2017-07-31 12:36:28'),
(2125, 12, '2017-07-31 12:55:05'),
(2126, 9, '2017-07-31 13:08:10'),
(2127, 10, '2017-07-31 13:14:37'),
(2128, 13, '2017-07-31 13:21:35'),
(2129, 8, '2017-07-31 13:25:57'),
(2130, 12, '2017-07-31 14:25:37'),
(2131, 19, '2017-07-31 14:49:28'),
(2132, 12, '2017-07-31 15:03:18'),
(2133, 15, '2017-07-31 15:12:22'),
(2134, 8, '2017-07-31 15:44:11'),
(2135, 9, '2017-07-31 15:50:56'),
(2136, 15, '2017-07-31 15:54:08'),
(2137, 12, '2017-07-31 15:57:23'),
(2138, 5, '2017-07-31 16:14:54'),
(2139, 10, '2017-07-31 16:27:18'),
(2140, 15, '2017-07-31 16:30:35'),
(2141, 8, '2017-07-31 16:44:11'),
(2142, 19, '2017-07-31 16:48:20'),
(2143, 13, '2017-07-31 16:57:42'),
(2144, 5, '2017-07-31 17:16:02'),
(2145, 12, '2017-07-31 17:23:55'),
(2146, 15, '2017-07-31 17:28:28'),
(2147, 19, '2017-07-31 17:33:42'),
(2148, 5, '2017-07-31 18:33:49'),
(2149, 12, '2017-07-31 19:13:06'),
(2150, 9, '2017-07-31 19:16:11'),
(2151, 13, '2017-08-01 09:56:06'),
(2152, 15, '2017-08-01 10:06:16'),
(2153, 4, '2017-08-01 10:36:51'),
(2154, 5, '2017-08-01 10:44:40'),
(2155, 4, '2017-08-01 10:48:48'),
(2156, 8, '2017-08-01 11:10:08'),
(2157, 5, '2017-08-01 11:25:28'),
(2158, 9, '2017-08-01 11:25:59'),
(2159, 12, '2017-08-01 11:41:47'),
(2160, 10, '2017-08-01 11:46:24'),
(2161, 15, '2017-08-01 11:59:36'),
(2162, 5, '2017-08-01 12:03:33'),
(2163, 8, '2017-08-01 12:11:21'),
(2164, 15, '2017-08-01 12:29:31'),
(2165, 9, '2017-08-01 12:39:44'),
(2166, 5, '2017-08-01 12:50:41'),
(2167, 12, '2017-08-01 13:01:16'),
(2168, 13, '2017-08-01 13:16:52'),
(2169, 19, '2017-08-01 13:27:53'),
(2170, 15, '2017-08-01 13:37:14'),
(2171, 4, '2017-08-01 13:46:18'),
(2172, 10, '2017-08-01 13:47:28'),
(2173, 5, '2017-08-01 13:51:58'),
(2174, 12, '2017-08-01 14:00:22'),
(2175, 9, '2017-08-01 14:03:58'),
(2176, 5, '2017-08-01 14:13:05'),
(2177, 12, '2017-08-01 14:22:57'),
(2178, 4, '2017-08-01 14:31:49'),
(2179, 14, '2017-08-01 14:41:42'),
(2180, 15, '2017-08-01 15:33:18'),
(2181, 12, '2017-08-01 16:11:04'),
(2182, 19, '2017-08-01 16:16:53'),
(2183, 5, '2017-08-01 16:32:50'),
(2184, 13, '2017-08-01 16:40:18'),
(2185, 10, '2017-08-01 16:45:15'),
(2186, 12, '2017-08-01 16:52:31'),
(2187, 12, '2017-08-01 16:52:32'),
(2188, 8, '2017-08-01 16:53:18'),
(2189, 4, '2017-08-01 16:55:39'),
(2190, 19, '2017-08-01 17:05:31'),
(2191, 5, '2017-08-01 17:08:09'),
(2192, 10, '2017-08-01 17:15:52'),
(2193, 4, '2017-08-01 17:17:38'),
(2194, 8, '2017-08-01 17:28:13'),
(2195, 8, '2017-08-01 17:29:15'),
(2196, 12, '2017-08-01 17:35:38'),
(2197, 13, '2017-08-01 17:46:23'),
(2198, 10, '2017-08-01 17:49:31'),
(2199, 4, '2017-08-01 18:14:37'),
(2200, 10, '2017-08-01 18:21:32'),
(2201, 15, '2017-08-01 18:36:15'),
(2202, 5, '2017-08-01 19:14:23'),
(2203, 13, '2017-08-01 19:31:36'),
(2204, 10, '2017-08-01 19:36:11'),
(2205, 13, '2017-08-02 09:55:34'),
(2206, 15, '2017-08-02 10:16:47'),
(2207, 9, '2017-08-02 10:24:05'),
(2208, 5, '2017-08-02 10:32:47'),
(2209, 4, '2017-08-02 11:14:22'),
(2210, 5, '2017-08-02 11:53:12'),
(2211, 8, '2017-08-02 12:05:12'),
(2212, 15, '2017-08-02 12:21:40'),
(2213, 4, '2017-08-02 12:32:59'),
(2214, 13, '2017-08-02 12:56:29'),
(2215, 15, '2017-08-02 13:01:06'),
(2216, 9, '2017-08-02 13:06:46'),
(2217, 19, '2017-08-02 13:21:33'),
(2218, 15, '2017-08-02 13:44:29'),
(2219, 9, '2017-08-02 13:56:57'),
(2220, 19, '2017-08-02 14:32:10'),
(2221, 4, '2017-08-02 14:37:37'),
(2222, 9, '2017-08-02 14:42:27'),
(2223, 10, '2017-08-02 14:58:15'),
(2224, 5, '2017-08-02 15:08:53'),
(2225, 12, '2017-08-02 15:22:47'),
(2226, 15, '2017-08-02 15:35:12'),
(2227, 4, '2017-08-02 15:35:55'),
(2228, 5, '2017-08-02 15:38:11'),
(2229, 10, '2017-08-02 16:54:12'),
(2230, 10, '2017-08-02 17:27:48'),
(2231, 12, '2017-08-02 17:32:36'),
(2232, 15, '2017-08-02 17:43:38'),
(2233, 5, '2017-08-02 17:52:38'),
(2234, 4, '2017-08-02 17:53:11'),
(2235, 8, '2017-08-02 18:19:00'),
(2236, 4, '2017-08-03 10:11:42'),
(2237, 9, '2017-08-03 10:24:18'),
(2238, 12, '2017-08-03 10:26:15'),
(2239, 12, '2017-08-03 10:28:13'),
(2240, 15, '2017-08-03 10:35:54'),
(2241, 5, '2017-08-03 10:37:18'),
(2242, 15, '2017-08-03 10:43:50'),
(2243, 8, '2017-08-03 10:48:12'),
(2244, 13, '2017-08-03 10:53:56'),
(2245, 19, '2017-08-03 10:56:45'),
(2246, 9, '2017-08-03 11:13:40'),
(2247, 12, '2017-08-03 11:25:48'),
(2248, 15, '2017-08-03 11:26:54'),
(2249, 8, '2017-08-03 11:47:14'),
(2250, 15, '2017-08-03 11:59:18'),
(2251, 5, '2017-08-03 12:08:56'),
(2252, 8, '2017-08-03 12:10:59'),
(2253, 8, '2017-08-03 12:19:28'),
(2254, 4, '2017-08-03 12:23:31'),
(2255, 12, '2017-08-03 12:33:14'),
(2256, 4, '2017-08-03 12:42:31'),
(2257, 19, '2017-08-03 12:47:03'),
(2258, 13, '2017-08-03 12:57:07'),
(2259, 15, '2017-08-03 12:59:05'),
(2260, 9, '2017-08-03 12:59:55'),
(2261, 8, '2017-08-03 13:21:05'),
(2262, 12, '2017-08-03 13:22:39'),
(2263, 5, '2017-08-03 13:50:52'),
(2264, 13, '2017-08-03 14:00:51'),
(2265, 15, '2017-08-03 14:05:03'),
(2266, 19, '2017-08-03 14:22:52'),
(2267, 9, '2017-08-03 15:00:04'),
(2268, 13, '2017-08-03 15:03:21'),
(2269, 15, '2017-08-03 15:11:19'),
(2270, 13, '2017-08-03 15:54:55'),
(2271, 10, '2017-08-03 15:55:48'),
(2272, 12, '2017-08-03 16:01:21'),
(2273, 14, '2017-08-03 16:10:10'),
(2274, 15, '2017-08-03 16:20:53'),
(2275, 4, '2017-08-03 16:23:20'),
(2276, 15, '2017-08-03 16:51:15'),
(2277, 15, '2017-08-03 17:00:20'),
(2278, 13, '2017-08-03 17:05:43'),
(2279, 19, '2017-08-03 17:27:59'),
(2280, 8, '2017-08-03 17:45:03'),
(2281, 9, '2017-08-03 17:45:15'),
(2282, 8, '2017-08-03 18:04:15'),
(2283, 13, '2017-08-03 18:04:54'),
(2284, 15, '2017-08-03 18:11:05'),
(2285, 9, '2017-08-03 18:18:20'),
(2286, 4, '2017-08-03 18:20:50'),
(2287, 12, '2017-08-03 18:21:48'),
(2288, 13, '2017-08-03 18:54:42'),
(2289, 9, '2017-08-03 18:56:00'),
(2290, 5, '2017-08-03 18:59:24'),
(2291, 13, '2017-08-04 09:03:33'),
(2292, 13, '2017-08-04 09:31:12'),
(2293, 19, '2017-08-04 10:08:31'),
(2294, 15, '2017-08-04 10:16:17'),
(2295, 15, '2017-08-04 10:22:38'),
(2296, 9, '2017-08-04 10:22:54'),
(2297, 12, '2017-08-04 10:38:23'),
(2298, 8, '2017-08-04 11:04:10'),
(2299, 4, '2017-08-04 12:08:50'),
(2300, 9, '2017-08-04 12:10:22'),
(2301, 15, '2017-08-04 12:10:54'),
(2302, 12, '2017-08-04 12:27:34'),
(2303, 10, '2017-08-04 12:43:31'),
(2304, 9, '2017-08-04 12:53:19'),
(2305, 4, '2017-08-04 13:02:57'),
(2306, 9, '2017-08-04 13:20:13'),
(2307, 8, '2017-08-04 13:25:33'),
(2308, 8, '2017-08-04 13:28:58'),
(2309, 10, '2017-08-04 13:29:09'),
(2310, 4, '2017-08-04 13:40:11'),
(2311, 15, '2017-08-04 13:41:30'),
(2312, 14, '2017-08-04 13:53:39'),
(2313, 9, '2017-08-04 14:08:47'),
(2314, 13, '2017-08-04 14:08:52'),
(2315, 13, '2017-08-04 14:30:26'),
(2316, 8, '2017-08-04 14:33:46'),
(2317, 15, '2017-08-04 14:37:12'),
(2318, 19, '2017-08-04 14:51:29'),
(2319, 4, '2017-08-04 14:57:53'),
(2320, 8, '2017-08-04 15:08:30'),
(2321, 10, '2017-08-04 15:14:34'),
(2322, 12, '2017-08-04 15:16:59'),
(2323, 13, '2017-08-04 15:30:49'),
(2324, 15, '2017-08-04 15:34:00'),
(2325, 9, '2017-08-04 15:56:04'),
(2326, 19, '2017-08-04 16:18:22'),
(2327, 15, '2017-08-04 16:40:34'),
(2328, 12, '2017-08-04 16:48:53'),
(2329, 15, '2017-08-04 17:18:25'),
(2330, 4, '2017-08-04 18:06:45'),
(2331, 13, '2017-08-04 18:16:06'),
(2332, 19, '2017-08-04 18:37:58'),
(2333, 13, '2017-08-05 09:34:24'),
(2334, 14, '2017-08-05 09:51:11'),
(2335, 19, '2017-08-05 10:06:41'),
(2336, 15, '2017-08-05 10:07:21'),
(2337, 12, '2017-08-05 10:24:37'),
(2338, 9, '2017-08-05 10:28:22'),
(2339, 19, '2017-08-05 10:42:56'),
(2340, 15, '2017-08-05 10:55:49'),
(2341, 4, '2017-08-05 10:56:59'),
(2342, 5, '2017-08-05 11:01:52'),
(2343, 15, '2017-08-05 11:46:36'),
(2344, 13, '2017-08-05 12:02:51'),
(2345, 15, '2017-08-05 12:04:54'),
(2346, 4, '2017-08-05 12:06:37'),
(2347, 5, '2017-08-05 12:28:46'),
(2348, 10, '2017-08-05 12:32:02'),
(2349, 4, '2017-08-05 13:02:59'),
(2350, 13, '2017-08-05 13:03:55'),
(2351, 15, '2017-08-05 13:18:23'),
(2352, 13, '2017-08-05 13:37:46'),
(2353, 19, '2017-08-05 13:46:34'),
(2354, 12, '2017-08-05 14:03:55'),
(2355, 9, '2017-08-05 14:04:38'),
(2356, 19, '2017-08-05 14:11:34'),
(2357, 14, '2017-08-05 14:11:41'),
(2358, 12, '2017-08-05 14:55:28'),
(2359, 13, '2017-08-05 14:55:45'),
(2360, 5, '2017-08-05 15:03:01'),
(2361, 19, '2017-08-05 15:03:25'),
(2362, 15, '2017-08-05 15:24:20'),
(2363, 14, '2017-08-05 16:27:15'),
(2364, 15, '2017-08-05 16:28:13'),
(2365, 13, '2017-08-05 16:58:34'),
(2366, 13, '2017-08-05 18:27:24'),
(2367, 13, '2017-08-08 09:52:49'),
(2368, 9, '2017-08-08 10:32:22'),
(2369, 19, '2017-08-08 11:11:57'),
(2370, 4, '2017-08-08 11:13:13'),
(2371, 13, '2017-08-08 11:38:45'),
(2372, 4, '2017-08-08 12:12:24'),
(2373, 4, '2017-08-08 12:45:51'),
(2374, 9, '2017-08-08 13:10:52'),
(2375, 13, '2017-08-08 13:56:50'),
(2376, 10, '2017-08-08 14:36:51'),
(2377, 9, '2017-08-08 14:42:41'),
(2378, 4, '2017-08-08 14:48:15'),
(2379, 13, '2017-08-08 15:16:52'),
(2380, 10, '2017-08-08 16:33:17'),
(2381, 13, '2017-08-08 16:47:43'),
(2382, 4, '2017-08-08 17:29:46'),
(2383, 19, '2017-08-08 17:55:35'),
(2384, 9, '2017-08-08 18:38:36'),
(2385, 19, '2017-08-09 10:16:32'),
(2386, 13, '2017-08-09 10:22:37'),
(2387, 9, '2017-08-09 10:29:02'),
(2388, 4, '2017-08-09 10:41:11'),
(2389, 9, '2017-08-09 11:32:19'),
(2390, 13, '2017-08-09 11:41:59'),
(2391, 5, '2017-08-09 11:49:50'),
(2392, 19, '2017-08-09 12:00:28'),
(2393, 5, '2017-08-09 12:33:44'),
(2394, 8, '2017-08-09 12:53:24'),
(2395, 9, '2017-08-09 14:05:56'),
(2396, 13, '2017-08-09 14:08:07'),
(2397, 4, '2017-08-09 14:17:54'),
(2398, 8, '2017-08-09 14:19:18'),
(2399, 5, '2017-08-09 14:37:21'),
(2400, 13, '2017-08-09 14:39:16'),
(2401, 5, '2017-08-09 14:52:33'),
(2402, 8, '2017-08-09 15:16:14'),
(2403, 4, '2017-08-09 15:18:08'),
(2404, 9, '2017-08-09 15:20:31'),
(2405, 12, '2017-08-09 15:36:18'),
(2406, 5, '2017-08-09 15:37:01'),
(2407, 9, '2017-08-09 15:46:01'),
(2408, 4, '2017-08-09 15:49:58'),
(2409, 19, '2017-08-09 16:02:07'),
(2410, 12, '2017-08-09 16:26:06'),
(2411, 9, '2017-08-09 16:32:21'),
(2412, 8, '2017-08-09 16:35:25'),
(2413, 13, '2017-08-09 16:42:37'),
(2414, 4, '2017-08-09 16:51:09'),
(2415, 12, '2017-08-09 16:59:26'),
(2416, 19, '2017-08-09 17:08:14'),
(2417, 13, '2017-08-09 17:32:06'),
(2418, 5, '2017-08-09 17:38:09'),
(2419, 4, '2017-08-09 17:45:38'),
(2420, 9, '2017-08-09 17:46:54'),
(2421, 9, '2017-08-09 18:41:18'),
(2422, 5, '2017-08-09 18:45:26'),
(2423, 13, '2017-08-09 19:07:36'),
(2424, 9, '2017-08-10 10:19:41'),
(2425, 4, '2017-08-10 10:28:30'),
(2426, 13, '2017-08-10 10:33:07'),
(2427, 4, '2017-08-10 10:52:15'),
(2428, 9, '2017-08-10 10:55:28'),
(2429, 12, '2017-08-10 11:01:30'),
(2430, 19, '2017-08-10 11:10:18'),
(2431, 15, '2017-08-10 11:36:27'),
(2432, 19, '2017-08-10 11:39:53'),
(2433, 12, '2017-08-10 11:40:41'),
(2434, 5, '2017-08-10 11:41:55'),
(2435, 15, '2017-08-10 11:53:11'),
(2436, 9, '2017-08-10 12:05:57'),
(2437, 13, '2017-08-10 12:17:36'),
(2438, 15, '2017-08-10 12:29:15'),
(2439, 4, '2017-08-10 12:29:24'),
(2440, 19, '2017-08-10 12:40:17'),
(2441, 5, '2017-08-10 12:50:45'),
(2442, 9, '2017-08-10 12:53:37'),
(2443, 8, '2017-08-10 12:56:44'),
(2444, 8, '2017-08-10 13:13:41'),
(2445, 8, '2017-08-10 13:55:49'),
(2446, 5, '2017-08-10 13:57:56'),
(2447, 12, '2017-08-10 13:59:02'),
(2448, 9, '2017-08-10 14:01:15'),
(2449, 4, '2017-08-10 14:09:38'),
(2450, 13, '2017-08-10 14:23:36'),
(2451, 5, '2017-08-10 14:43:02'),
(2452, 5, '2017-08-10 14:43:07'),
(2453, 5, '2017-08-10 14:43:08'),
(2454, 5, '2017-08-10 14:43:09'),
(2455, 9, '2017-08-10 15:16:22'),
(2456, 19, '2017-08-10 15:18:51'),
(2457, 12, '2017-08-10 15:19:39'),
(2458, 15, '2017-08-10 15:45:14'),
(2459, 13, '2017-08-10 15:56:28'),
(2460, 8, '2017-08-10 16:05:27'),
(2461, 19, '2017-08-10 16:10:38'),
(2462, 13, '2017-08-10 16:34:27'),
(2463, 12, '2017-08-10 16:46:36'),
(2464, 5, '2017-08-10 16:52:44'),
(2465, 13, '2017-08-10 17:03:54'),
(2466, 4, '2017-08-10 17:07:10'),
(2467, 8, '2017-08-10 17:25:07'),
(2468, 19, '2017-08-10 17:36:59'),
(2469, 9, '2017-08-10 18:27:54'),
(2470, 5, '2017-08-10 18:32:34'),
(2471, 12, '2017-08-10 18:43:56'),
(2472, 13, '2017-08-10 18:50:52'),
(2473, 13, '2017-08-10 19:27:42'),
(2474, 15, '2017-08-11 10:07:26'),
(2475, 8, '2017-08-11 10:12:41'),
(2476, 4, '2017-08-11 10:19:06'),
(2477, 9, '2017-08-11 10:28:53'),
(2478, 19, '2017-08-11 10:36:18'),
(2479, 4, '2017-08-11 10:37:41'),
(2480, 12, '2017-08-11 10:43:18'),
(2481, 12, '2017-08-11 11:23:10'),
(2482, 4, '2017-08-11 11:23:56'),
(2483, 9, '2017-08-11 11:29:12'),
(2484, 5, '2017-08-11 11:29:30'),
(2485, 8, '2017-08-11 11:34:15'),
(2486, 13, '2017-08-11 12:02:29'),
(2487, 12, '2017-08-11 12:08:48'),
(2488, 12, '2017-08-11 12:38:14'),
(2489, 19, '2017-08-11 12:42:03'),
(2490, 19, '2017-08-11 12:42:15'),
(2491, 9, '2017-08-11 12:50:03'),
(2492, 8, '2017-08-11 12:53:45'),
(2493, 13, '2017-08-11 13:02:54'),
(2494, 4, '2017-08-11 13:33:24'),
(2495, 13, '2017-08-11 13:39:42'),
(2496, 13, '2017-08-11 14:09:35'),
(2497, 9, '2017-08-11 14:36:41'),
(2498, 15, '2017-08-11 14:37:25'),
(2499, 13, '2017-08-11 15:13:23'),
(2500, 15, '2017-08-11 15:25:11'),
(2501, 9, '2017-08-11 16:33:28'),
(2502, 13, '2017-08-11 16:46:47'),
(2503, 19, '2017-08-11 17:00:15'),
(2504, 15, '2017-08-11 17:26:33'),
(2505, 12, '2017-08-11 17:27:09'),
(2506, 5, '2017-08-11 17:33:07'),
(2507, 4, '2017-08-11 17:33:49'),
(2508, 9, '2017-08-11 18:17:39'),
(2509, 5, '2017-08-11 18:26:28'),
(2510, 13, '2017-08-11 18:51:34'),
(2511, 13, '2017-08-11 19:17:31'),
(2512, 13, '2017-08-12 08:23:12'),
(2513, 8, '2017-08-12 09:30:29'),
(2514, 15, '2017-08-12 10:09:00'),
(2515, 5, '2017-08-12 10:20:07'),
(2516, 4, '2017-08-12 10:24:24'),
(2517, 9, '2017-08-12 10:25:24'),
(2518, 13, '2017-08-12 10:27:28'),
(2519, 12, '2017-08-12 10:38:11'),
(2520, 13, '2017-08-12 11:25:58'),
(2521, 12, '2017-08-12 11:53:10'),
(2522, 5, '2017-08-12 11:58:52'),
(2523, 15, '2017-08-12 12:13:25'),
(2524, 15, '2017-08-12 12:22:41'),
(2525, 13, '2017-08-12 12:42:19'),
(2526, 9, '2017-08-12 12:53:08'),
(2527, 15, '2017-08-12 13:23:55'),
(2528, 8, '2017-08-12 13:40:33'),
(2529, 4, '2017-08-12 14:05:59'),
(2530, 19, '2017-08-12 14:32:40'),
(2531, 9, '2017-08-12 14:51:33'),
(2532, 19, '2017-08-13 12:45:25'),
(2533, 13, '2017-08-13 14:37:08'),
(2534, 19, '2017-08-13 15:20:56'),
(2535, 19, '2017-08-13 17:57:48'),
(2536, 19, '2017-08-13 18:08:31'),
(2537, 15, '2017-08-14 10:05:18'),
(2538, 9, '2017-08-14 10:16:30'),
(2539, 14, '2017-08-14 10:17:25'),
(2540, 19, '2017-08-14 10:18:28'),
(2541, 13, '2017-08-14 10:34:46'),
(2542, 12, '2017-08-14 10:42:08'),
(2543, 14, '2017-08-14 10:43:11'),
(2544, 15, '2017-08-14 10:50:34'),
(2545, 19, '2017-08-14 10:50:44'),
(2546, 9, '2017-08-14 10:51:01'),
(2547, 19, '2017-08-14 10:53:01'),
(2548, 8, '2017-08-14 11:11:40'),
(2549, 14, '2017-08-14 11:17:01'),
(2550, 15, '2017-08-14 11:22:00'),
(2551, 13, '2017-08-14 11:30:31'),
(2552, 10, '2017-08-14 12:06:23'),
(2553, 8, '2017-08-14 12:18:46'),
(2554, 15, '2017-08-14 12:18:50'),
(2555, 12, '2017-08-14 12:51:43'),
(2556, 19, '2017-08-14 12:56:16'),
(2557, 15, '2017-08-14 13:38:07'),
(2558, 10, '2017-08-14 14:05:51'),
(2559, 15, '2017-08-14 14:12:02'),
(2560, 13, '2017-08-14 14:39:28'),
(2561, 9, '2017-08-14 14:50:27'),
(2562, 19, '2017-08-14 14:59:49'),
(2563, 10, '2017-08-14 15:25:02'),
(2564, 13, '2017-08-14 15:25:23'),
(2565, 12, '2017-08-14 15:32:42'),
(2566, 15, '2017-08-14 15:35:04'),
(2567, 19, '2017-08-14 15:48:03'),
(2568, 13, '2017-08-14 16:00:50'),
(2569, 8, '2017-08-14 16:09:14'),
(2570, 15, '2017-08-14 16:11:42'),
(2571, 12, '2017-08-14 16:21:49'),
(2572, 19, '2017-08-14 16:58:55'),
(2573, 8, '2017-08-14 17:14:15'),
(2574, 13, '2017-08-14 17:18:33'),
(2575, 12, '2017-08-14 17:19:43'),
(2576, 19, '2017-08-14 17:33:06'),
(2577, 15, '2017-08-14 18:04:52'),
(2578, 9, '2017-08-14 18:17:24'),
(2579, 19, '2017-08-14 18:25:20'),
(2580, 13, '2017-08-14 18:31:19'),
(2581, 13, '2017-08-14 20:39:07'),
(2582, 19, '2017-08-14 21:20:37'),
(2583, 19, '2017-08-16 10:16:20'),
(2584, 19, '2017-08-16 10:40:36'),
(2585, 12, '2017-08-16 10:47:53'),
(2586, 4, '2017-08-16 10:50:26'),
(2587, 15, '2017-08-16 11:17:13'),
(2588, 19, '2017-08-16 11:19:25'),
(2589, 4, '2017-08-16 11:41:23'),
(2590, 12, '2017-08-16 11:57:43'),
(2591, 19, '2017-08-16 12:02:34'),
(2592, 15, '2017-08-16 12:16:59'),
(2593, 15, '2017-08-16 12:17:21'),
(2594, 15, '2017-08-16 12:17:39'),
(2595, 15, '2017-08-16 12:29:17'),
(2596, 12, '2017-08-16 12:30:03'),
(2597, 9, '2017-08-16 12:41:07'),
(2598, 5, '2017-08-16 12:49:43'),
(2599, 5, '2017-08-16 13:25:27'),
(2600, 15, '2017-08-16 13:30:40'),
(2601, 13, '2017-08-16 13:51:47'),
(2602, 9, '2017-08-16 13:59:34'),
(2603, 8, '2017-08-16 14:09:48'),
(2604, 4, '2017-08-16 14:26:52'),
(2605, 12, '2017-08-16 14:27:51'),
(2606, 12, '2017-08-16 14:59:51'),
(2607, 19, '2017-08-16 15:04:33'),
(2608, 13, '2017-08-16 15:05:40'),
(2609, 15, '2017-08-16 15:05:47'),
(2610, 5, '2017-08-16 15:29:43'),
(2611, 10, '2017-08-16 15:47:50'),
(2612, 8, '2017-08-16 15:50:56'),
(2613, 4, '2017-08-16 15:55:41'),
(2614, 14, '2017-08-16 15:56:38'),
(2615, 5, '2017-08-16 16:04:53'),
(2616, 19, '2017-08-16 16:24:37'),
(2617, 12, '2017-08-16 16:45:20'),
(2618, 4, '2017-08-16 16:55:58'),
(2619, 19, '2017-08-16 17:13:13'),
(2620, 9, '2017-08-16 17:35:34'),
(2621, 15, '2017-08-16 17:42:48'),
(2622, 5, '2017-08-16 17:48:04'),
(2623, 12, '2017-08-16 18:17:00'),
(2624, 13, '2017-08-16 18:49:25'),
(2625, 9, '2017-08-16 18:52:12'),
(2626, 13, '2017-08-16 19:41:58'),
(2627, 10, '2017-08-17 09:51:09'),
(2628, 9, '2017-08-17 10:15:37'),
(2629, 15, '2017-08-17 10:16:17'),
(2630, 4, '2017-08-17 10:21:26'),
(2631, 19, '2017-08-17 10:24:08'),
(2632, 12, '2017-08-17 10:24:27'),
(2633, 15, '2017-08-17 10:43:55'),
(2634, 9, '2017-08-17 11:07:45'),
(2635, 15, '2017-08-17 11:19:28'),
(2636, 12, '2017-08-17 11:31:27'),
(2637, 4, '2017-08-17 11:33:31'),
(2638, 19, '2017-08-17 12:03:02'),
(2639, 9, '2017-08-17 12:07:18'),
(2640, 13, '2017-08-17 12:16:08'),
(2641, 19, '2017-08-17 12:25:35'),
(2642, 19, '2017-08-17 12:32:07'),
(2643, 12, '2017-08-17 12:33:45'),
(2644, 9, '2017-08-17 13:09:33'),
(2645, 9, '2017-08-17 13:37:29'),
(2646, 13, '2017-08-17 13:44:21'),
(2647, 19, '2017-08-17 14:00:13'),
(2648, 9, '2017-08-17 14:28:38'),
(2649, 12, '2017-08-17 14:37:39'),
(2650, 13, '2017-08-17 14:47:10'),
(2651, 19, '2017-08-17 14:52:59'),
(2652, 15, '2017-08-17 15:01:36'),
(2653, 14, '2017-08-17 15:09:56'),
(2654, 9, '2017-08-17 15:28:38'),
(2655, 5, '2017-08-17 15:33:02'),
(2656, 9, '2017-08-17 15:40:51'),
(2657, 14, '2017-08-17 15:56:16'),
(2658, 12, '2017-08-17 16:01:15'),
(2659, 10, '2017-08-17 16:21:15'),
(2660, 12, '2017-08-17 16:46:34'),
(2661, 4, '2017-08-17 16:53:27'),
(2662, 8, '2017-08-17 17:00:44'),
(2663, 13, '2017-08-17 17:17:35'),
(2664, 19, '2017-08-17 17:34:40'),
(2665, 12, '2017-08-17 17:53:10'),
(2666, 5, '2017-08-17 18:21:01'),
(2667, 19, '2017-08-17 18:40:18'),
(2668, 13, '2017-08-18 09:42:36'),
(2669, 5, '2017-08-18 10:27:00'),
(2670, 13, '2017-08-18 10:27:20'),
(2671, 9, '2017-08-18 10:29:20'),
(2672, 12, '2017-08-18 10:36:45'),
(2673, 15, '2017-08-18 10:37:00'),
(2674, 4, '2017-08-18 11:19:24'),
(2675, 4, '2017-08-18 11:36:35'),
(2676, 5, '2017-08-18 11:50:45'),
(2677, 13, '2017-08-18 12:29:57'),
(2678, 9, '2017-08-18 12:47:30'),
(2679, 15, '2017-08-18 12:59:54'),
(2680, 15, '2017-08-18 13:25:42'),
(2681, 4, '2017-08-18 13:30:33'),
(2682, 15, '2017-08-18 13:36:53'),
(2683, 10, '2017-08-18 13:46:11'),
(2684, 5, '2017-08-18 14:11:57'),
(2685, 13, '2017-08-18 14:14:53'),
(2686, 4, '2017-08-18 14:16:43'),
(2687, 15, '2017-08-18 14:24:03'),
(2688, 9, '2017-08-18 14:42:37'),
(2689, 12, '2017-08-18 14:54:17'),
(2690, 15, '2017-08-18 15:05:28'),
(2691, 5, '2017-08-18 15:09:50'),
(2692, 13, '2017-08-18 15:18:15'),
(2693, 19, '2017-08-18 15:21:55'),
(2694, 4, '2017-08-18 15:27:25'),
(2695, 19, '2017-08-18 16:20:49'),
(2696, 5, '2017-08-18 17:14:26'),
(2697, 8, '2017-08-18 17:21:01'),
(2698, 10, '2017-08-18 17:25:54'),
(2699, 4, '2017-08-18 17:26:40'),
(2700, 19, '2017-08-18 17:29:43'),
(2701, 8, '2017-08-18 18:09:55'),
(2702, 4, '2017-08-18 18:14:38'),
(2703, 9, '2017-08-18 18:23:02'),
(2704, 4, '2017-08-18 18:51:32'),
(2705, 13, '2017-08-18 19:04:56'),
(2706, 4, '2017-08-18 19:05:37'),
(2707, 15, '2017-08-19 10:21:20'),
(2708, 9, '2017-08-19 10:25:15'),
(2709, 12, '2017-08-19 10:32:02'),
(2710, 4, '2017-08-19 10:55:44'),
(2711, 4, '2017-08-19 10:57:09'),
(2712, 9, '2017-08-19 10:58:00'),
(2713, 15, '2017-08-19 11:22:02'),
(2714, 19, '2017-08-19 11:31:13'),
(2715, 4, '2017-08-19 11:45:45'),
(2716, 12, '2017-08-19 11:54:04'),
(2717, 5, '2017-08-19 12:01:24'),
(2718, 14, '2017-08-19 12:20:14'),
(2719, 19, '2017-08-19 12:54:45'),
(2720, 12, '2017-08-19 13:09:19'),
(2721, 5, '2017-08-19 13:26:05'),
(2722, 4, '2017-08-19 13:49:22'),
(2723, 12, '2017-08-19 14:01:24'),
(2724, 9, '2017-08-19 14:02:45'),
(2725, 10, '2017-08-19 14:07:00'),
(2726, 15, '2017-08-19 14:41:32'),
(2727, 15, '2017-08-19 14:48:26'),
(2728, 15, '2017-08-21 10:18:22'),
(2729, 19, '2017-08-21 10:21:54'),
(2730, 5, '2017-08-21 10:28:08'),
(2731, 19, '2017-08-21 10:35:57'),
(2732, 15, '2017-08-21 10:50:05'),
(2733, 15, '2017-08-21 11:46:43'),
(2734, 19, '2017-08-21 11:54:22'),
(2735, 4, '2017-08-21 12:04:32'),
(2736, 15, '2017-08-21 12:22:08'),
(2737, 13, '2017-08-21 12:24:14'),
(2738, 5, '2017-08-21 12:31:41'),
(2739, 15, '2017-08-21 12:33:58'),
(2740, 12, '2017-08-21 12:35:05'),
(2741, 19, '2017-08-21 13:08:07'),
(2742, 8, '2017-08-21 13:24:04'),
(2743, 4, '2017-08-21 13:35:28'),
(2744, 12, '2017-08-21 13:50:49'),
(2745, 15, '2017-08-21 14:01:06'),
(2746, 5, '2017-08-21 15:06:36'),
(2747, 10, '2017-08-21 15:13:36'),
(2748, 12, '2017-08-21 15:25:08'),
(2749, 19, '2017-08-21 15:27:42'),
(2750, 12, '2017-08-21 15:39:45'),
(2751, 15, '2017-08-21 16:04:55'),
(2752, 13, '2017-08-21 16:07:07'),
(2753, 19, '2017-08-21 16:15:31'),
(2754, 4, '2017-08-21 16:24:26'),
(2755, 12, '2017-08-21 16:48:45'),
(2756, 10, '2017-08-21 16:50:45'),
(2757, 8, '2017-08-21 16:51:47'),
(2758, 4, '2017-08-21 17:09:10'),
(2759, 15, '2017-08-21 17:13:37'),
(2760, 5, '2017-08-21 17:19:36'),
(2761, 4, '2017-08-21 18:08:28'),
(2762, 4, '2017-08-21 18:25:53'),
(2763, 19, '2017-08-22 10:23:40'),
(2764, 12, '2017-08-22 10:30:35'),
(2765, 4, '2017-08-22 10:31:09'),
(2766, 5, '2017-08-22 10:31:14'),
(2767, 13, '2017-08-22 11:03:52'),
(2768, 8, '2017-08-22 11:15:04'),
(2769, 19, '2017-08-22 11:26:51'),
(2770, 15, '2017-08-22 11:46:48'),
(2771, 10, '2017-08-22 12:17:58'),
(2772, 4, '2017-08-22 12:18:08'),
(2773, 13, '2017-08-22 12:33:55'),
(2774, 10, '2017-08-22 13:14:52'),
(2775, 14, '2017-08-22 13:24:03'),
(2776, 5, '2017-08-22 13:41:58'),
(2777, 13, '2017-08-22 13:50:57'),
(2778, 19, '2017-08-22 14:33:11'),
(2779, 19, '2017-08-22 14:33:50'),
(2780, 4, '2017-08-22 14:58:54'),
(2781, 13, '2017-08-22 15:19:04'),
(2782, 15, '2017-08-22 15:48:28'),
(2783, 11, '2017-08-22 15:49:32'),
(2784, 15, '2017-08-22 16:04:18'),
(2785, 4, '2017-08-22 16:17:09'),
(2786, 8, '2017-08-22 16:18:58'),
(2787, 10, '2017-08-22 16:27:49'),
(2788, 12, '2017-08-22 16:47:46'),
(2789, 19, '2017-08-22 16:56:25'),
(2790, 4, '2017-08-22 17:04:56'),
(2791, 12, '2017-08-22 17:37:06'),
(2792, 13, '2017-08-22 17:50:00'),
(2793, 15, '2017-08-22 18:10:11'),
(2794, 19, '2017-08-22 18:12:54'),
(2795, 5, '2017-08-22 18:19:21'),
(2796, 13, '2017-08-22 18:40:45'),
(2797, 4, '2017-08-22 18:52:25'),
(2798, 13, '2017-08-23 09:36:13'),
(2799, 19, '2017-08-23 10:11:49'),
(2800, 13, '2017-08-23 10:12:22'),
(2801, 15, '2017-08-23 10:19:33'),
(2802, 5, '2017-08-23 10:29:29'),
(2803, 12, '2017-08-23 10:39:17'),
(2804, 5, '2017-08-23 11:20:24'),
(2805, 13, '2017-08-23 11:32:02'),
(2806, 12, '2017-08-23 12:17:13'),
(2807, 19, '2017-08-23 12:26:50'),
(2808, 13, '2017-08-23 13:18:13'),
(2809, 12, '2017-08-23 14:01:25'),
(2810, 4, '2017-08-23 14:11:56'),
(2811, 13, '2017-08-23 14:19:03'),
(2812, 5, '2017-08-23 14:51:53'),
(2813, 15, '2017-08-23 14:54:24'),
(2814, 4, '2017-08-23 15:18:42'),
(2815, 5, '2017-08-23 15:31:21'),
(2816, 4, '2017-08-23 15:32:53'),
(2817, 4, '2017-08-23 15:32:56'),
(2818, 5, '2017-08-23 16:16:18'),
(2819, 12, '2017-08-23 16:16:22'),
(2820, 15, '2017-08-23 16:31:51'),
(2821, 4, '2017-08-23 17:07:38'),
(2822, 19, '2017-08-23 17:13:12'),
(2823, 19, '2017-08-23 18:24:09'),
(2824, 5, '2017-08-23 18:52:36'),
(2825, 13, '2017-08-24 09:02:49'),
(2826, 19, '2017-08-24 10:05:57'),
(2827, 15, '2017-08-24 10:21:42'),
(2828, 8, '2017-08-24 10:31:57'),
(2829, 13, '2017-08-24 10:44:14'),
(2830, 5, '2017-08-24 10:58:14'),
(2831, 12, '2017-08-24 11:00:03'),
(2832, 15, '2017-08-24 11:09:06'),
(2833, 5, '2017-08-24 11:44:45'),
(2834, 19, '2017-08-24 11:53:31'),
(2835, 19, '2017-08-24 11:55:05'),
(2836, 13, '2017-08-24 12:06:49'),
(2837, 4, '2017-08-24 12:18:28'),
(2838, 8, '2017-08-24 12:36:52'),
(2839, 4, '2017-08-24 12:45:07'),
(2840, 19, '2017-08-24 12:45:52'),
(2841, 5, '2017-08-24 13:17:10'),
(2842, 15, '2017-08-24 13:23:08'),
(2843, 10, '2017-08-24 13:24:43'),
(2844, 4, '2017-08-24 13:32:22'),
(2845, 10, '2017-08-24 13:35:34'),
(2846, 19, '2017-08-24 14:11:05'),
(2847, 15, '2017-08-24 14:13:14'),
(2848, 4, '2017-08-24 15:48:51'),
(2849, 19, '2017-08-24 16:04:14'),
(2850, 15, '2017-08-24 16:41:16'),
(2851, 19, '2017-08-24 16:43:58'),
(2852, 13, '2017-08-24 16:46:46'),
(2853, 4, '2017-08-24 17:10:41'),
(2854, 12, '2017-08-24 18:04:31'),
(2855, 19, '2017-08-24 18:29:11'),
(2856, 4, '2017-08-25 10:33:24'),
(2857, 15, '2017-08-25 10:38:45'),
(2858, 4, '2017-08-25 10:42:39'),
(2859, 12, '2017-08-25 10:51:26'),
(2860, 5, '2017-08-25 10:56:54'),
(2861, 5, '2017-08-25 11:00:38'),
(2862, 12, '2017-08-25 11:01:21'),
(2863, 15, '2017-08-25 11:36:54'),
(2864, 5, '2017-08-25 11:50:26'),
(2865, 15, '2017-08-25 12:21:30'),
(2866, 19, '2017-08-25 12:22:37'),
(2867, 10, '2017-08-25 13:21:49'),
(2868, 4, '2017-08-25 13:25:23'),
(2869, 13, '2017-08-25 13:58:36'),
(2870, 4, '2017-08-25 14:03:14'),
(2871, 15, '2017-08-25 14:08:19'),
(2872, 12, '2017-08-25 14:08:53'),
(2873, 10, '2017-08-25 14:46:10'),
(2874, 19, '2017-08-25 15:12:56'),
(2875, 5, '2017-08-25 15:32:00'),
(2876, 13, '2017-08-25 15:33:59'),
(2877, 4, '2017-08-25 15:34:49'),
(2878, 19, '2017-08-25 16:04:31'),
(2879, 19, '2017-08-25 16:07:52'),
(2880, 12, '2017-08-25 16:18:09'),
(2881, 13, '2017-08-25 17:04:31'),
(2882, 10, '2017-08-25 17:12:15'),
(2883, 13, '2017-08-25 17:53:17'),
(2884, 10, '2017-08-25 18:21:13'),
(2885, 4, '2017-08-25 18:21:22'),
(2886, 19, '2017-08-25 18:41:13'),
(2887, 12, '2017-08-25 18:44:13'),
(2888, 8, '2017-08-25 18:57:35'),
(2889, 13, '2017-08-25 19:15:27'),
(2890, 19, '2017-08-28 10:18:11'),
(2891, 8, '2017-08-28 10:18:14'),
(2892, 15, '2017-08-28 10:26:51'),
(2893, 5, '2017-08-28 10:38:49'),
(2894, 19, '2017-08-28 11:12:45'),
(2895, 5, '2017-08-28 11:23:10'),
(2896, 19, '2017-08-28 11:25:35'),
(2897, 9, '2017-08-28 11:27:11'),
(2898, 12, '2017-08-28 12:03:20'),
(2899, 8, '2017-08-28 12:11:59'),
(2900, 12, '2017-08-28 12:14:50'),
(2901, 19, '2017-08-28 12:41:57'),
(2902, 15, '2017-08-28 12:47:50'),
(2903, 9, '2017-08-28 12:55:23'),
(2904, 12, '2017-08-28 13:10:19'),
(2905, 19, '2017-08-28 13:30:19'),
(2906, 12, '2017-08-28 13:57:12'),
(2907, 12, '2017-08-28 13:57:12'),
(2908, 19, '2017-08-28 14:13:02'),
(2909, 14, '2017-08-28 14:13:22'),
(2910, 5, '2017-08-28 14:29:37'),
(2911, 8, '2017-08-28 15:15:04'),
(2912, 19, '2017-08-28 15:29:18'),
(2913, 8, '2017-08-28 15:48:21'),
(2914, 19, '2017-08-28 15:55:30'),
(2915, 9, '2017-08-28 16:00:21'),
(2916, 8, '2017-08-28 16:00:36'),
(2917, 12, '2017-08-28 16:06:34'),
(2918, 15, '2017-08-28 16:10:02'),
(2919, 19, '2017-08-28 16:41:30'),
(2920, 5, '2017-08-28 16:46:02'),
(2921, 12, '2017-08-28 17:00:00'),
(2922, 13, '2017-08-28 17:20:09'),
(2923, 15, '2017-08-28 17:20:46'),
(2924, 19, '2017-08-28 17:50:35'),
(2925, 12, '2017-08-28 17:52:13'),
(2926, 19, '2017-08-28 17:56:13'),
(2927, 5, '2017-08-28 18:00:28'),
(2928, 9, '2017-08-28 18:05:04'),
(2929, 12, '2017-08-28 18:40:09'),
(2930, 9, '2017-08-28 18:43:46'),
(2931, 13, '2017-08-28 19:09:51'),
(2932, 13, '2017-08-28 19:54:31'),
(2933, 10, '2017-08-29 10:29:34'),
(2934, 19, '2017-08-29 10:32:38'),
(2935, 10, '2017-08-29 10:33:23'),
(2936, 15, '2017-08-29 10:41:22'),
(2937, 5, '2017-08-29 11:03:13'),
(2938, 10, '2017-08-29 11:12:32'),
(2939, 19, '2017-08-29 11:19:16'),
(2940, 10, '2017-08-29 11:54:53'),
(2941, 19, '2017-08-29 12:32:13'),
(2942, 15, '2017-08-29 12:35:28'),
(2943, 15, '2017-08-29 13:48:11'),
(2944, 15, '2017-08-29 13:49:02'),
(2945, 15, '2017-08-29 14:43:50'),
(2946, 5, '2017-08-29 14:56:09'),
(2947, 19, '2017-08-29 15:05:47'),
(2948, 15, '2017-08-29 15:52:08'),
(2949, 13, '2017-08-29 16:05:00'),
(2950, 13, '2017-08-29 16:29:56'),
(2951, 19, '2017-08-29 16:32:17'),
(2952, 13, '2017-08-29 16:56:44'),
(2953, 10, '2017-08-29 17:32:42'),
(2954, 13, '2017-08-30 09:19:24'),
(2955, 15, '2017-08-30 10:02:46'),
(2956, 8, '2017-08-30 10:15:18'),
(2957, 9, '2017-08-30 10:19:53'),
(2958, 10, '2017-08-30 10:43:37'),
(2959, 19, '2017-08-30 10:45:20'),
(2960, 15, '2017-08-30 10:50:41'),
(2961, 5, '2017-08-30 10:50:47'),
(2962, 8, '2017-08-30 11:26:43'),
(2963, 19, '2017-08-30 12:40:13'),
(2964, 15, '2017-08-30 12:50:11'),
(2965, 14, '2017-08-30 13:06:32'),
(2966, 5, '2017-08-30 13:33:42'),
(2967, 15, '2017-08-30 13:50:40'),
(2968, 5, '2017-08-30 14:10:08'),
(2969, 13, '2017-08-30 14:41:24'),
(2970, 8, '2017-08-30 15:20:06'),
(2971, 10, '2017-08-30 15:21:04'),
(2972, 8, '2017-08-30 16:35:14'),
(2973, 15, '2017-08-30 17:46:43'),
(2974, 10, '2017-08-30 18:06:10'),
(2975, 8, '2017-08-30 18:46:50'),
(2976, 9, '2017-08-30 18:48:04'),
(2977, 13, '2017-08-31 09:31:22'),
(2978, 15, '2017-08-31 10:20:02'),
(2979, 9, '2017-08-31 10:29:31'),
(2980, 5, '2017-08-31 10:33:16'),
(2981, 19, '2017-08-31 10:33:40'),
(2982, 8, '2017-08-31 10:59:31'),
(2983, 5, '2017-08-31 11:11:36'),
(2984, 8, '2017-08-31 11:26:37'),
(2985, 9, '2017-08-31 11:27:38'),
(2986, 4, '2017-08-31 11:43:09'),
(2987, 15, '2017-08-31 11:47:14'),
(2988, 4, '2017-08-31 11:47:50'),
(2989, 10, '2017-08-31 12:04:56'),
(2990, 15, '2017-08-31 12:05:02'),
(2991, 19, '2017-08-31 13:50:09'),
(2992, 9, '2017-08-31 14:05:33'),
(2993, 4, '2017-08-31 14:25:25'),
(2994, 15, '2017-08-31 14:43:01'),
(2995, 13, '2017-08-31 14:49:27'),
(2996, 4, '2017-08-31 16:55:55'),
(2997, 19, '2017-08-31 17:18:36'),
(2998, 15, '2017-08-31 18:38:26'),
(2999, 4, '2017-08-31 18:44:20'),
(3000, 10, '2017-08-31 18:50:27'),
(3001, 13, '2017-09-01 08:33:05'),
(3002, 9, '2017-09-01 10:06:07'),
(3003, 15, '2017-09-01 10:13:37'),
(3004, 5, '2017-09-01 10:16:29'),
(3005, 9, '2017-09-01 10:27:02'),
(3006, 4, '2017-09-01 10:52:46'),
(3007, 19, '2017-09-01 11:05:26'),
(3008, 9, '2017-09-01 11:46:50'),
(3009, 15, '2017-09-01 12:19:01'),
(3010, 4, '2017-09-01 12:50:44'),
(3011, 4, '2017-09-01 13:17:26'),
(3012, 9, '2017-09-01 13:32:00'),
(3013, 5, '2017-09-01 13:35:18'),
(3014, 5, '2017-09-01 13:41:32'),
(3015, 15, '2017-09-01 13:44:07'),
(3016, 10, '2017-09-01 13:44:28'),
(3017, 10, '2017-09-01 14:39:40'),
(3018, 4, '2017-09-01 14:55:17'),
(3019, 4, '2017-09-01 15:10:14'),
(3020, 5, '2017-09-01 15:16:10'),
(3021, 9, '2017-09-01 15:16:31'),
(3022, 19, '2017-09-01 15:33:43'),
(3023, 10, '2017-09-01 15:42:59'),
(3024, 15, '2017-09-01 15:45:48'),
(3025, 4, '2017-09-01 15:48:39'),
(3026, 8, '2017-09-01 16:02:04'),
(3027, 9, '2017-09-01 16:07:50'),
(3028, 19, '2017-09-01 16:09:49'),
(3029, 13, '2017-09-01 16:10:05'),
(3030, 15, '2017-09-01 16:34:08'),
(3031, 5, '2017-09-01 16:59:42'),
(3032, 5, '2017-09-01 17:21:52'),
(3033, 10, '2017-09-01 18:03:06'),
(3034, 4, '2017-09-01 18:17:39'),
(3035, 9, '2017-09-02 09:51:49'),
(3036, 4, '2017-09-02 10:26:52'),
(3037, 15, '2017-09-02 10:30:17'),
(3038, 5, '2017-09-02 10:50:58'),
(3039, 19, '2017-09-02 10:57:05'),
(3040, 4, '2017-09-02 11:00:23'),
(3041, 4, '2017-09-02 12:16:18'),
(3042, 15, '2017-09-02 12:44:10'),
(3043, 19, '2017-09-02 13:18:38'),
(3044, 4, '2017-09-02 13:30:02'),
(3045, 8, '2017-09-02 13:55:51'),
(3046, 5, '2017-09-02 14:03:07'),
(3047, 10, '2017-09-02 14:05:12'),
(3048, 4, '2017-09-02 14:18:00'),
(3049, 5, '2017-09-02 15:41:44'),
(3050, 12, '2017-09-03 19:24:25'),
(3051, 12, '2017-09-03 22:33:32'),
(3052, 12, '2017-09-03 22:33:56'),
(3053, 15, '2017-09-04 10:21:56'),
(3054, 5, '2017-09-04 10:50:03'),
(3055, 4, '2017-09-04 11:07:29'),
(3056, 13, '2017-09-04 11:10:32'),
(3057, 19, '2017-09-04 11:50:38'),
(3058, 13, '2017-09-04 11:56:45'),
(3059, 4, '2017-09-04 12:09:59'),
(3060, 15, '2017-09-04 13:06:29'),
(3061, 4, '2017-09-04 13:42:26'),
(3062, 14, '2017-09-04 14:02:42'),
(3063, 13, '2017-09-04 14:10:46'),
(3064, 19, '2017-09-04 14:25:57'),
(3065, 4, '2017-09-04 14:26:50'),
(3066, 15, '2017-09-04 14:29:22'),
(3067, 5, '2017-09-04 14:30:07'),
(3068, 10, '2017-09-04 14:30:59'),
(3069, 9, '2017-09-04 14:55:31'),
(3070, 15, '2017-09-04 16:17:11'),
(3071, 13, '2017-09-04 17:01:43'),
(3072, 9, '2017-09-04 17:12:38'),
(3073, 15, '2017-09-04 17:23:22'),
(3074, 5, '2017-09-04 17:43:51'),
(3075, 15, '2017-09-04 17:45:00'),
(3076, 4, '2017-09-04 17:45:40'),
(3077, 5, '2017-09-04 18:14:51'),
(3078, 9, '2017-09-04 18:17:36'),
(3079, 4, '2017-09-04 18:39:43'),
(3080, 13, '2017-09-05 08:26:09'),
(3081, 13, '2017-09-05 09:09:50'),
(3082, 9, '2017-09-05 09:50:25'),
(3083, 15, '2017-09-05 10:32:32'),
(3084, 4, '2017-09-05 10:34:42'),
(3085, 15, '2017-09-05 10:43:38'),
(3086, 4, '2017-09-05 10:45:19'),
(3087, 9, '2017-09-05 10:46:20'),
(3088, 5, '2017-09-05 10:51:51'),
(3089, 19, '2017-09-05 10:53:55'),
(3090, 8, '2017-09-05 11:42:10'),
(3091, 5, '2017-09-05 11:43:51'),
(3092, 13, '2017-09-05 11:48:25'),
(3093, 4, '2017-09-05 11:52:34'),
(3094, 9, '2017-09-05 12:05:43'),
(3095, 4, '2017-09-05 12:10:47'),
(3096, 10, '2017-09-05 12:40:39'),
(3097, 9, '2017-09-05 12:42:34'),
(3098, 15, '2017-09-05 12:43:29'),
(3099, 19, '2017-09-05 13:22:04'),
(3100, 5, '2017-09-05 13:26:46');
INSERT INTO `user_logs` (`id`, `login_id`, `datetime`) VALUES
(3101, 9, '2017-09-05 13:40:38'),
(3102, 15, '2017-09-05 13:41:48'),
(3103, 13, '2017-09-05 13:50:52'),
(3104, 4, '2017-09-05 14:42:34'),
(3105, 9, '2017-09-05 14:43:45'),
(3106, 8, '2017-09-05 14:53:30'),
(3107, 8, '2017-09-05 15:24:37'),
(3108, 10, '2017-09-05 15:28:18'),
(3109, 19, '2017-09-05 15:56:57'),
(3110, 15, '2017-09-05 16:05:51'),
(3111, 4, '2017-09-05 16:15:36'),
(3112, 8, '2017-09-05 16:38:31'),
(3113, 8, '2017-09-05 17:00:42'),
(3114, 4, '2017-09-05 17:18:52'),
(3115, 8, '2017-09-05 17:21:59'),
(3116, 5, '2017-09-05 17:32:50'),
(3117, 9, '2017-09-05 17:44:50'),
(3118, 8, '2017-09-05 18:18:16'),
(3119, 5, '2017-09-05 18:42:10'),
(3120, 9, '2017-09-06 10:11:56'),
(3121, 12, '2017-09-06 10:17:33'),
(3122, 8, '2017-09-06 10:24:08'),
(3123, 19, '2017-09-06 10:36:50'),
(3124, 4, '2017-09-06 10:39:56'),
(3125, 10, '2017-09-06 11:04:02'),
(3126, 15, '2017-09-06 11:12:12'),
(3127, 4, '2017-09-06 11:39:19'),
(3128, 13, '2017-09-06 11:40:36'),
(3129, 15, '2017-09-06 12:11:41'),
(3130, 8, '2017-09-06 12:15:58'),
(3131, 14, '2017-09-06 12:25:02'),
(3132, 4, '2017-09-06 12:30:12'),
(3133, 4, '2017-09-06 12:32:15'),
(3134, 19, '2017-09-06 12:55:07'),
(3135, 15, '2017-09-06 13:10:49'),
(3136, 4, '2017-09-06 14:06:12'),
(3137, 15, '2017-09-06 14:25:52'),
(3138, 19, '2017-09-06 14:28:11'),
(3139, 19, '2017-09-06 14:28:41'),
(3140, 12, '2017-09-06 14:29:06'),
(3141, 4, '2017-09-06 14:38:33'),
(3142, 13, '2017-09-06 15:08:23'),
(3143, 4, '2017-09-06 15:10:18'),
(3144, 19, '2017-09-06 15:21:45'),
(3145, 14, '2017-09-06 15:22:11'),
(3146, 9, '2017-09-06 15:31:18'),
(3147, 14, '2017-09-06 15:47:21'),
(3148, 8, '2017-09-06 16:09:52'),
(3149, 8, '2017-09-06 16:14:05'),
(3150, 9, '2017-09-06 16:22:02'),
(3151, 19, '2017-09-06 16:32:14'),
(3152, 15, '2017-09-06 16:32:20'),
(3153, 12, '2017-09-06 17:01:21'),
(3154, 4, '2017-09-06 17:15:40'),
(3155, 9, '2017-09-06 17:55:58'),
(3156, 10, '2017-09-06 17:56:06'),
(3157, 15, '2017-09-06 18:38:26'),
(3158, 12, '2017-09-06 18:43:48'),
(3159, 10, '2017-09-06 19:25:54'),
(3160, 13, '2017-09-07 09:46:52'),
(3161, 15, '2017-09-07 09:58:59'),
(3162, 9, '2017-09-07 10:23:06'),
(3163, 10, '2017-09-07 10:24:41'),
(3164, 15, '2017-09-07 10:24:54'),
(3165, 5, '2017-09-07 10:31:31'),
(3166, 4, '2017-09-07 10:33:05'),
(3167, 8, '2017-09-07 10:33:18'),
(3168, 19, '2017-09-07 10:38:12'),
(3169, 8, '2017-09-07 10:41:04'),
(3170, 12, '2017-09-07 11:05:56'),
(3171, 13, '2017-09-07 11:44:24'),
(3172, 4, '2017-09-07 11:56:20'),
(3173, 8, '2017-09-07 12:30:23'),
(3174, 4, '2017-09-07 12:42:09'),
(3175, 12, '2017-09-07 12:46:32'),
(3176, 13, '2017-09-07 12:58:24'),
(3177, 10, '2017-09-07 12:59:58'),
(3178, 12, '2017-09-07 13:29:27'),
(3179, 12, '2017-09-07 13:33:24'),
(3180, 15, '2017-09-07 13:45:39'),
(3181, 10, '2017-09-07 13:50:03'),
(3182, 14, '2017-09-07 13:53:56'),
(3183, 19, '2017-09-07 14:05:27'),
(3184, 4, '2017-09-07 14:11:32'),
(3185, 10, '2017-09-07 15:12:57'),
(3186, 14, '2017-09-07 15:36:52'),
(3187, 19, '2017-09-07 15:41:27'),
(3188, 5, '2017-09-07 15:43:11'),
(3189, 5, '2017-09-07 16:13:30'),
(3190, 13, '2017-09-07 16:27:13'),
(3191, 9, '2017-09-07 16:27:58'),
(3192, 4, '2017-09-07 16:37:59'),
(3193, 12, '2017-09-07 16:50:47'),
(3194, 5, '2017-09-07 17:29:39'),
(3195, 5, '2017-09-07 17:29:45'),
(3196, 5, '2017-09-07 17:30:00'),
(3197, 9, '2017-09-07 18:05:23'),
(3198, 12, '2017-09-07 18:15:29'),
(3199, 5, '2017-09-07 18:52:52'),
(3200, 9, '2017-09-08 10:11:29'),
(3201, 15, '2017-09-08 10:11:32'),
(3202, 8, '2017-09-08 10:17:06'),
(3203, 5, '2017-09-08 10:19:13'),
(3204, 10, '2017-09-08 10:25:07'),
(3205, 10, '2017-09-08 10:26:51'),
(3206, 12, '2017-09-08 11:07:16'),
(3207, 8, '2017-09-08 11:48:31'),
(3208, 19, '2017-09-08 12:17:25'),
(3209, 12, '2017-09-08 12:21:41'),
(3210, 4, '2017-09-08 12:27:07'),
(3211, 15, '2017-09-08 12:51:37'),
(3212, 5, '2017-09-08 13:00:19'),
(3213, 14, '2017-09-08 13:07:17'),
(3214, 9, '2017-09-08 13:13:07'),
(3215, 10, '2017-09-08 13:22:51'),
(3216, 15, '2017-09-08 13:47:49'),
(3217, 9, '2017-09-08 14:20:12'),
(3218, 12, '2017-09-08 15:16:05'),
(3219, 10, '2017-09-08 15:21:36'),
(3220, 4, '2017-09-08 15:26:12'),
(3221, 14, '2017-09-08 15:59:00'),
(3222, 13, '2017-09-08 16:02:09'),
(3223, 19, '2017-09-08 16:43:12'),
(3224, 4, '2017-09-08 16:51:23'),
(3225, 10, '2017-09-08 17:50:41'),
(3226, 5, '2017-09-08 17:53:24'),
(3227, 9, '2017-09-08 18:13:03'),
(3228, 9, '2017-09-08 18:47:54'),
(3229, 12, '2017-09-08 18:52:39'),
(3230, 13, '2017-09-08 19:41:14'),
(3231, 13, '2017-09-08 20:15:53'),
(3232, 13, '2017-09-08 21:29:46'),
(3233, 9, '2017-09-09 10:16:17'),
(3234, 12, '2017-09-09 10:25:16'),
(3235, 15, '2017-09-09 10:33:01'),
(3236, 5, '2017-09-09 10:43:30'),
(3237, 15, '2017-09-09 11:44:26'),
(3238, 15, '2017-09-09 11:44:40'),
(3239, 15, '2017-09-09 11:45:20'),
(3240, 15, '2017-09-09 12:32:54'),
(3241, 12, '2017-09-09 12:42:08'),
(3242, 15, '2017-09-09 12:48:18'),
(3243, 12, '2017-09-09 13:09:14'),
(3244, 9, '2017-09-09 14:06:44'),
(3245, 8, '2017-09-09 14:39:13'),
(3246, 19, '2017-09-09 15:47:08'),
(3247, 19, '2017-09-09 19:36:19'),
(3248, 13, '2017-09-09 19:48:56'),
(3249, 15, '2017-09-11 10:18:43'),
(3250, 10, '2017-09-11 10:54:14'),
(3251, 12, '2017-09-11 10:59:01'),
(3252, 5, '2017-09-11 11:02:46'),
(3253, 19, '2017-09-11 11:09:32'),
(3254, 8, '2017-09-11 11:35:16'),
(3255, 10, '2017-09-11 11:40:03'),
(3256, 12, '2017-09-11 12:10:29'),
(3257, 5, '2017-09-11 12:20:10'),
(3258, 13, '2017-09-11 12:26:39'),
(3259, 12, '2017-09-11 13:02:09'),
(3260, 12, '2017-09-11 13:02:11'),
(3261, 15, '2017-09-11 13:48:09'),
(3262, 12, '2017-09-11 14:02:20'),
(3263, 12, '2017-09-11 14:09:12'),
(3264, 12, '2017-09-11 14:09:23'),
(3265, 5, '2017-09-11 14:14:13'),
(3266, 10, '2017-09-11 14:20:17'),
(3267, 8, '2017-09-11 14:25:29'),
(3268, 19, '2017-09-11 14:34:21'),
(3269, 8, '2017-09-11 14:41:13'),
(3270, 13, '2017-09-11 14:57:58'),
(3271, 8, '2017-09-11 15:44:20'),
(3272, 13, '2017-09-11 15:54:11'),
(3273, 15, '2017-09-11 16:18:42'),
(3274, 13, '2017-09-11 16:47:13'),
(3275, 5, '2017-09-11 17:18:48'),
(3276, 5, '2017-09-11 18:12:47'),
(3277, 13, '2017-09-11 18:27:08'),
(3278, 10, '2017-09-11 18:31:56'),
(3279, 19, '2017-09-11 19:01:02'),
(3280, 13, '2017-09-12 08:30:01'),
(3281, 13, '2017-09-12 09:26:25'),
(3282, 5, '2017-09-12 10:49:37'),
(3283, 9, '2017-09-12 10:50:22'),
(3284, 13, '2017-09-27 08:43:09'),
(3285, 12, '2017-09-27 10:01:24'),
(3286, 9, '2017-09-27 10:15:24'),
(3287, 15, '2017-09-27 10:16:40'),
(3288, 10, '2017-09-27 10:55:55'),
(3289, 11, '2017-09-27 11:13:17'),
(3290, 8, '2017-09-27 11:27:10'),
(3291, 8, '2017-09-27 12:08:12'),
(3292, 12, '2017-09-27 13:02:49'),
(3293, 15, '2017-09-27 13:40:12'),
(3294, 10, '2017-09-27 13:56:08'),
(3295, 21, '2017-09-27 14:00:24'),
(3296, 21, '2017-09-27 14:14:01'),
(3297, 20, '2017-09-27 14:15:44'),
(3298, 15, '2017-09-27 14:31:25'),
(3299, 8, '2017-09-27 15:23:37'),
(3300, 12, '2017-09-27 17:00:03'),
(3301, 20, '2017-09-27 17:08:29'),
(3302, 15, '2017-09-28 10:20:26'),
(3303, 21, '2017-09-28 10:22:40'),
(3304, 12, '2017-09-28 10:32:41'),
(3305, 9, '2017-09-28 10:36:59'),
(3306, 15, '2017-09-28 10:50:45'),
(3307, 13, '2017-09-28 10:53:11'),
(3308, 5, '2017-09-28 11:06:51'),
(3309, 5, '2017-09-28 11:25:36'),
(3310, 9, '2017-09-28 11:32:07'),
(3311, 9, '2017-09-28 12:14:35'),
(3312, 9, '2017-09-28 12:29:21'),
(3313, 21, '2017-09-28 12:42:41'),
(3314, 20, '2017-09-28 12:50:43'),
(3315, 15, '2017-09-28 14:23:39'),
(3316, 12, '2017-09-28 16:18:05'),
(3317, 15, '2017-09-28 16:57:09'),
(3318, 5, '2017-09-28 18:02:11'),
(3319, 12, '2017-09-28 18:43:52'),
(3320, 12, '2017-09-28 19:05:41'),
(3321, 12, '2017-09-29 10:11:51'),
(3322, 15, '2017-09-29 10:15:24'),
(3323, 21, '2017-09-29 10:20:43'),
(3324, 12, '2017-09-29 10:28:54'),
(3325, 9, '2017-09-29 10:33:35'),
(3326, 13, '2017-09-29 10:46:39'),
(3327, 10, '2017-09-29 10:48:49'),
(3328, 10, '2017-09-29 11:01:12'),
(3329, 15, '2017-09-29 11:04:06'),
(3330, 10, '2017-09-29 11:34:07'),
(3331, 12, '2017-09-29 11:49:27'),
(3332, 10, '2017-09-29 14:03:08'),
(3333, 20, '2017-09-29 14:48:50'),
(3334, 12, '2017-09-29 14:50:32'),
(3335, 8, '2017-09-29 15:13:41'),
(3336, 8, '2017-09-29 15:28:35'),
(3337, 8, '2017-09-29 15:28:43'),
(3338, 9, '2017-09-29 15:38:05'),
(3339, 13, '2017-09-29 16:03:30'),
(3340, 12, '2017-09-29 16:47:43'),
(3341, 12, '2017-09-29 19:03:28'),
(3342, 12, '2017-09-30 09:44:38'),
(3343, 13, '2017-09-30 10:17:12'),
(3344, 21, '2017-09-30 10:25:30'),
(3345, 15, '2017-09-30 10:34:59'),
(3346, 10, '2017-09-30 10:49:55'),
(3347, 10, '2017-09-30 10:57:50'),
(3348, 5, '2017-09-30 11:18:24'),
(3349, 10, '2017-09-30 11:59:27'),
(3350, 9, '2017-09-30 12:21:18'),
(3351, 8, '2017-09-30 12:35:32'),
(3352, 21, '2017-09-30 14:10:14'),
(3353, 13, '2017-09-30 14:25:46'),
(3354, 12, '2017-09-30 14:30:15'),
(3355, 5, '2017-09-30 14:42:28'),
(3356, 8, '2017-09-30 14:47:18'),
(3357, 13, '2017-10-02 12:25:23'),
(3358, 12, '2017-10-03 09:49:38'),
(3359, 15, '2017-10-03 10:15:46'),
(3360, 9, '2017-10-03 10:18:41'),
(3361, 20, '2017-10-03 10:24:58'),
(3362, 8, '2017-10-03 10:32:09'),
(3363, 5, '2017-10-03 10:38:31'),
(3364, 13, '2017-10-03 10:43:16'),
(3365, 8, '2017-10-03 11:03:27'),
(3366, 15, '2017-10-03 11:34:57'),
(3367, 15, '2017-10-03 12:57:34'),
(3368, 10, '2017-10-03 13:07:29'),
(3369, 10, '2017-10-03 13:10:06'),
(3370, 14, '2017-10-03 13:26:03'),
(3371, 15, '2017-10-03 14:21:19'),
(3372, 15, '2017-10-03 14:22:39'),
(3373, 5, '2017-10-03 14:54:00'),
(3374, 14, '2017-10-03 15:19:39'),
(3375, 12, '2017-10-03 15:51:49'),
(3376, 21, '2017-10-03 16:17:24'),
(3377, 20, '2017-10-03 16:19:50'),
(3378, 9, '2017-10-03 17:02:53'),
(3379, 8, '2017-10-03 17:05:17'),
(3380, 20, '2017-10-03 17:40:11'),
(3381, 15, '2017-10-03 17:47:44'),
(3382, 21, '2017-10-03 18:17:34'),
(3383, 5, '2017-10-03 18:27:20'),
(3384, 12, '2017-10-03 18:40:17'),
(3385, 12, '2017-10-03 18:50:35'),
(3386, 21, '2017-10-04 10:14:42'),
(3387, 20, '2017-10-04 10:24:53'),
(3388, 9, '2017-10-04 10:30:02'),
(3389, 15, '2017-10-04 10:42:41'),
(3390, 10, '2017-10-04 11:29:27'),
(3391, 12, '2017-10-04 11:47:06'),
(3392, 5, '2017-10-04 11:47:35'),
(3393, 9, '2017-10-04 12:29:23'),
(3394, 5, '2017-10-04 12:49:54'),
(3395, 13, '2017-10-04 14:05:46'),
(3396, 5, '2017-10-04 14:19:49'),
(3397, 10, '2017-10-04 14:53:13'),
(3398, 15, '2017-10-04 15:17:34'),
(3399, 14, '2017-10-04 15:59:16'),
(3400, 5, '2017-10-04 17:27:07'),
(3401, 5, '2017-10-04 17:40:30'),
(3402, 9, '2017-10-04 17:55:13'),
(3403, 21, '2017-10-04 18:01:38'),
(3404, 9, '2017-10-05 10:06:20'),
(3405, 21, '2017-10-05 10:19:37'),
(3406, 21, '2017-10-05 10:19:38'),
(3407, 20, '2017-10-05 10:33:54'),
(3408, 9, '2017-10-05 10:46:56'),
(3409, 9, '2017-10-05 10:47:46'),
(3410, 5, '2017-10-05 10:53:27'),
(3411, 12, '2017-10-05 10:54:21'),
(3412, 15, '2017-10-05 10:54:44'),
(3413, 8, '2017-10-05 11:03:52'),
(3414, 15, '2017-10-05 11:32:07'),
(3415, 15, '2017-10-05 11:43:34'),
(3416, 21, '2017-10-05 11:51:04'),
(3417, 21, '2017-10-05 11:51:04'),
(3418, 10, '2017-10-05 11:56:49'),
(3419, 21, '2017-10-05 12:36:49'),
(3420, 21, '2017-10-05 12:36:49'),
(3421, 5, '2017-10-05 12:39:34'),
(3422, 10, '2017-10-05 13:39:54'),
(3423, 5, '2017-10-05 13:42:27'),
(3424, 12, '2017-10-05 14:41:45'),
(3425, 15, '2017-10-05 15:12:27'),
(3426, 8, '2017-10-05 16:05:35'),
(3427, 8, '2017-10-05 16:10:03'),
(3428, 8, '2017-10-05 16:10:03'),
(3429, 13, '2017-10-05 16:15:40'),
(3430, 8, '2017-10-05 17:05:32'),
(3431, 12, '2017-10-05 17:12:16'),
(3432, 8, '2017-10-05 17:28:47'),
(3433, 15, '2017-10-05 17:40:25'),
(3434, 15, '2017-10-05 17:48:02'),
(3435, 12, '2017-10-05 17:49:00'),
(3436, 15, '2017-10-05 17:49:43'),
(3437, 21, '2017-10-05 18:58:09'),
(3438, 21, '2017-10-05 18:58:09'),
(3439, 21, '2017-10-06 10:03:54'),
(3440, 21, '2017-10-06 10:20:35'),
(3441, 20, '2017-10-06 10:25:02'),
(3442, 13, '2017-10-06 10:53:09'),
(3443, 5, '2017-10-06 10:54:35'),
(3444, 9, '2017-10-06 10:58:36'),
(3445, 8, '2017-10-06 11:03:31'),
(3446, 21, '2017-10-06 11:06:18'),
(3447, 21, '2017-10-06 11:10:01'),
(3448, 15, '2017-10-06 11:24:29'),
(3449, 15, '2017-10-06 11:37:19'),
(3450, 12, '2017-10-06 12:55:03'),
(3451, 21, '2017-10-06 13:00:51'),
(3452, 12, '2017-10-06 14:36:04'),
(3453, 10, '2017-10-06 14:43:09'),
(3454, 9, '2017-10-06 14:50:08'),
(3455, 14, '2017-10-06 15:56:01'),
(3456, 15, '2017-10-06 16:02:05'),
(3457, 14, '2017-10-06 16:05:24'),
(3458, 21, '2017-10-06 16:16:33'),
(3459, 21, '2017-10-06 16:30:20'),
(3460, 20, '2017-10-06 16:47:30'),
(3461, 5, '2017-10-06 18:05:48'),
(3462, 9, '2017-10-07 10:10:01'),
(3463, 21, '2017-10-07 10:15:15'),
(3464, 12, '2017-10-07 10:15:49'),
(3465, 20, '2017-10-07 10:22:59'),
(3466, 13, '2017-10-07 10:46:52'),
(3467, 15, '2017-10-07 10:48:21'),
(3468, 5, '2017-10-07 10:50:46'),
(3469, 15, '2017-10-07 11:21:17'),
(3470, 21, '2017-10-07 11:54:21'),
(3471, 10, '2017-10-07 13:28:50'),
(3472, 15, '2017-10-07 14:08:44'),
(3473, 21, '2017-10-07 14:19:23'),
(3474, 10, '2017-10-07 14:37:53'),
(3475, 14, '2017-10-07 16:49:35'),
(3476, 13, '2017-10-09 10:18:27'),
(3477, 12, '2017-10-09 10:23:27'),
(3478, 8, '2017-10-09 10:36:26'),
(3479, 8, '2017-10-09 10:39:09'),
(3480, 8, '2017-10-09 10:40:45'),
(3481, 5, '2017-10-09 10:44:53'),
(3482, 20, '2017-10-09 10:50:13'),
(3483, 15, '2017-10-09 12:09:41'),
(3484, 5, '2017-10-09 12:20:38'),
(3485, 21, '2017-10-09 12:20:46'),
(3486, 13, '2017-10-09 12:22:49'),
(3487, 10, '2017-10-09 13:02:17'),
(3488, 21, '2017-10-09 13:52:34'),
(3489, 15, '2017-10-09 14:04:11'),
(3490, 15, '2017-10-09 14:08:07'),
(3491, 20, '2017-10-09 14:40:29'),
(3492, 8, '2017-10-09 15:09:04'),
(3493, 21, '2017-10-09 15:18:11'),
(3494, 8, '2017-10-09 15:46:38'),
(3495, 21, '2017-10-09 15:49:03'),
(3496, 14, '2017-10-09 16:13:13'),
(3497, 5, '2017-10-09 18:58:05'),
(3498, 12, '2017-10-10 10:15:18'),
(3499, 13, '2017-10-10 10:46:39'),
(3500, 8, '2017-10-10 11:42:58'),
(3501, 21, '2017-10-10 12:05:15'),
(3502, 15, '2017-10-10 12:07:12'),
(3503, 21, '2017-10-10 12:25:20'),
(3504, 21, '2017-10-10 12:42:07'),
(3505, 10, '2017-10-10 13:59:45'),
(3506, 8, '2017-10-10 14:53:33'),
(3507, 15, '2017-10-10 15:21:44'),
(3508, 10, '2017-10-10 15:26:57'),
(3509, 15, '2017-10-10 15:49:09'),
(3510, 21, '2017-10-10 16:27:49'),
(3511, 21, '2017-10-10 16:33:05'),
(3512, 15, '2017-10-10 16:36:14'),
(3513, 15, '2017-10-10 17:14:00'),
(3514, 21, '2017-10-10 17:14:30'),
(3515, 21, '2017-10-10 17:28:06'),
(3516, 12, '2017-10-11 10:16:21'),
(3517, 21, '2017-10-11 10:23:16'),
(3518, 21, '2017-10-11 10:23:17'),
(3519, 5, '2017-10-11 10:46:54'),
(3520, 20, '2017-10-11 12:10:17'),
(3521, 5, '2017-10-11 12:14:05'),
(3522, 20, '2017-10-11 12:37:24'),
(3523, 13, '2017-10-11 13:07:43'),
(3524, 21, '2017-10-11 14:08:38'),
(3525, 20, '2017-10-11 15:07:15'),
(3526, 21, '2017-10-11 15:42:14'),
(3527, 8, '2017-10-11 15:45:10'),
(3528, 5, '2017-10-11 15:56:31'),
(3529, 8, '2017-10-11 16:04:31'),
(3530, 21, '2017-10-11 16:11:18'),
(3531, 20, '2017-10-11 17:22:58'),
(3532, 21, '2017-10-11 17:36:30'),
(3533, 8, '2017-10-11 18:58:03'),
(3534, 13, '2017-10-12 09:29:38'),
(3535, 13, '2017-10-12 10:20:16'),
(3536, 21, '2017-10-12 10:21:31'),
(3537, 12, '2017-10-12 10:37:07'),
(3538, 21, '2017-10-12 10:40:06'),
(3539, 20, '2017-10-12 10:51:18'),
(3540, 21, '2017-10-12 11:05:42'),
(3541, 15, '2017-10-12 11:06:27'),
(3542, 5, '2017-10-12 11:14:08'),
(3543, 21, '2017-10-12 11:16:32'),
(3544, 8, '2017-10-12 12:20:27'),
(3545, 13, '2017-10-12 12:37:07'),
(3546, 5, '2017-10-12 12:42:48'),
(3547, 8, '2017-10-12 12:58:02'),
(3548, 5, '2017-10-12 14:09:58'),
(3549, 8, '2017-10-12 14:15:03'),
(3550, 8, '2017-10-12 14:15:19'),
(3551, 20, '2017-10-12 14:31:55'),
(3552, 12, '2017-10-12 14:51:31'),
(3553, 20, '2017-10-12 15:14:36'),
(3554, 8, '2017-10-12 16:24:36'),
(3555, 21, '2017-10-12 17:19:40'),
(3556, 15, '2017-10-12 17:23:09'),
(3557, 15, '2017-10-12 17:45:24'),
(3558, 13, '2017-10-13 08:46:17'),
(3559, 12, '2017-10-13 10:49:05'),
(3560, 10, '2017-10-13 11:00:46'),
(3561, 20, '2017-10-13 11:04:25'),
(3562, 8, '2017-10-13 12:12:30'),
(3563, 10, '2017-10-13 13:20:57'),
(3564, 8, '2017-10-13 13:41:30'),
(3565, 21, '2017-10-13 15:31:25'),
(3566, 8, '2017-10-13 15:36:55'),
(3567, 10, '2017-10-13 15:53:25'),
(3568, 5, '2017-10-13 16:07:39'),
(3569, 10, '2017-10-13 16:11:06'),
(3570, 10, '2017-10-13 16:43:24'),
(3571, 12, '2017-10-13 16:54:12'),
(3572, 21, '2017-10-13 16:55:35'),
(3573, 15, '2017-10-13 17:01:38'),
(3574, 5, '2017-10-13 17:03:55'),
(3575, 21, '2017-10-13 17:12:41'),
(3576, 15, '2017-10-13 17:16:51'),
(3577, 21, '2017-10-13 17:48:18'),
(3578, 20, '2017-10-13 18:17:34'),
(3579, 20, '2017-10-14 10:44:28'),
(3580, 8, '2017-10-14 10:45:27'),
(3581, 21, '2017-10-14 10:47:02'),
(3582, 21, '2017-10-14 11:09:26'),
(3583, 5, '2017-10-14 11:18:27'),
(3584, 10, '2017-10-14 11:33:21'),
(3585, 20, '2017-10-14 11:45:55'),
(3586, 9, '2017-10-14 11:46:09'),
(3587, 21, '2017-10-14 11:54:27'),
(3588, 5, '2017-10-14 12:06:24'),
(3589, 12, '2017-10-14 12:38:24'),
(3590, 10, '2017-10-14 12:41:10'),
(3591, 12, '2017-10-14 13:16:46'),
(3592, 12, '2017-10-14 13:51:48'),
(3593, 21, '2017-10-14 14:02:35'),
(3594, 10, '2017-10-14 14:11:22'),
(3595, 9, '2017-10-14 14:11:36'),
(3596, 21, '2017-10-14 14:13:44'),
(3597, 8, '2017-10-14 14:18:28'),
(3598, 20, '2017-10-14 14:37:36'),
(3599, 13, '2017-10-14 14:53:09'),
(3600, 5, '2017-10-14 15:03:27'),
(3601, 8, '2017-10-14 15:15:36'),
(3602, 12, '2017-10-14 15:42:37'),
(3603, 20, '2017-10-14 15:56:06'),
(3604, 21, '2017-10-16 10:16:22'),
(3605, 13, '2017-10-16 10:24:55'),
(3606, 13, '2017-10-16 10:25:06'),
(3607, 12, '2017-10-16 10:37:32'),
(3608, 5, '2017-10-16 10:46:04'),
(3609, 8, '2017-10-16 10:48:35'),
(3610, 10, '2017-10-16 11:16:36'),
(3611, 15, '2017-10-16 11:26:35'),
(3612, 9, '2017-10-16 11:36:08'),
(3613, 12, '2017-10-16 11:38:52'),
(3614, 20, '2017-10-16 13:26:02'),
(3615, 10, '2017-10-16 14:26:45'),
(3616, 10, '2017-10-16 16:02:53'),
(3617, 20, '2017-10-16 16:42:07'),
(3618, 10, '2017-10-16 16:45:59'),
(3619, 9, '2017-10-16 16:49:45'),
(3620, 12, '2017-10-16 17:46:49'),
(3621, 8, '2017-10-17 09:39:18'),
(3622, 20, '2017-10-17 10:16:49'),
(3623, 9, '2017-10-17 10:29:03'),
(3624, 15, '2017-10-17 10:30:46'),
(3625, 12, '2017-10-17 11:14:00'),
(3626, 13, '2017-10-17 11:18:33'),
(3627, 8, '2017-10-17 11:31:27'),
(3628, 21, '2017-10-17 11:43:45'),
(3629, 5, '2017-10-17 11:47:39'),
(3630, 13, '2017-10-17 16:26:43'),
(3631, 15, '2017-10-18 10:11:15'),
(3632, 12, '2017-10-18 10:19:06'),
(3633, 9, '2017-10-18 10:19:17'),
(3634, 20, '2017-10-18 10:25:17'),
(3635, 5, '2017-10-18 10:47:10'),
(3636, 8, '2017-10-18 11:32:40'),
(3637, 5, '2017-10-18 11:33:43'),
(3638, 20, '2017-10-18 12:22:22'),
(3639, 13, '2017-10-18 13:00:03'),
(3640, 10, '2017-10-18 14:26:32'),
(3641, 9, '2017-10-18 14:29:14'),
(3642, 8, '2017-10-18 15:02:19'),
(3643, 12, '2017-10-18 15:46:06'),
(3644, 8, '2017-10-18 15:51:16'),
(3645, 9, '2017-10-18 16:45:17'),
(3646, 5, '2017-10-18 17:10:54'),
(3647, 8, '2017-10-18 17:19:10'),
(3648, 15, '2017-10-18 18:07:59'),
(3649, 12, '2017-10-21 10:13:15'),
(3650, 15, '2017-10-21 10:16:42'),
(3651, 20, '2017-10-21 10:27:58'),
(3652, 9, '2017-10-21 10:51:07'),
(3653, 13, '2017-10-21 11:25:00'),
(3654, 15, '2017-10-21 12:06:19'),
(3655, 15, '2017-10-21 13:58:58'),
(3656, 14, '2017-10-21 16:21:32'),
(3657, 12, '2017-10-23 10:22:56'),
(3658, 20, '2017-10-23 10:30:31'),
(3659, 8, '2017-10-23 10:44:45'),
(3660, 5, '2017-10-23 10:45:05'),
(3661, 15, '2017-10-23 10:49:19'),
(3662, 13, '2017-10-23 10:54:50'),
(3663, 8, '2017-10-23 11:20:47'),
(3664, 8, '2017-10-23 11:20:48'),
(3665, 12, '2017-10-23 12:42:37'),
(3666, 15, '2017-10-23 12:45:33'),
(3667, 10, '2017-10-23 13:10:23'),
(3668, 5, '2017-10-23 13:41:05'),
(3669, 15, '2017-10-23 13:42:47'),
(3670, 8, '2017-10-23 14:27:09'),
(3671, 9, '2017-10-23 14:59:02'),
(3672, 8, '2017-10-23 15:28:55'),
(3673, 10, '2017-10-23 15:43:49'),
(3674, 8, '2017-10-23 15:50:51'),
(3675, 14, '2017-10-23 15:57:36');

-- --------------------------------------------------------

--
-- Table structure for table `user_rights`
--

CREATE TABLE `user_rights` (
  `id` int(10) NOT NULL,
  `login_id` int(10) NOT NULL,
  `page_id` int(10) NOT NULL
) ENGINE=InnoDB DEFAULT CHARSET=latin1;

--
-- Dumping data for table `user_rights`
--

INSERT INTO `user_rights` (`id`, `login_id`, `page_id`) VALUES
(103, 6, 1),
(104, 6, 2),
(105, 6, 3),
(106, 6, 4),
(107, 6, 5),
(108, 6, 6),
(447, 7, 1),
(448, 7, 2),
(449, 7, 3),
(450, 7, 4),
(451, 7, 5),
(452, 7, 6),
(453, 7, 7),
(454, 7, 8),
(455, 7, 9),
(456, 7, 10),
(457, 7, 11),
(458, 7, 12),
(459, 7, 13),
(460, 7, 14),
(461, 7, 15),
(462, 7, 16),
(463, 7, 17),
(464, 7, 18),
(465, 7, 19),
(466, 7, 20),
(5331, 14, 1),
(5332, 14, 2),
(5333, 14, 21),
(5334, 14, 30),
(5335, 14, 3),
(5336, 14, 4),
(5337, 14, 22),
(5338, 14, 151),
(5339, 14, 5),
(5340, 14, 6),
(5341, 14, 24),
(5342, 14, 34),
(5343, 14, 11),
(5344, 14, 12),
(5345, 14, 28),
(5346, 14, 7),
(5347, 14, 8),
(5348, 14, 23),
(5349, 14, 33),
(5350, 14, 13),
(5351, 14, 14),
(5352, 14, 31),
(5353, 14, 9),
(5354, 14, 10),
(5355, 14, 15),
(5356, 14, 16),
(5357, 14, 35),
(5358, 14, 17),
(5359, 14, 18),
(5360, 14, 123),
(5361, 14, 124),
(5362, 14, 125),
(5363, 14, 120),
(5364, 14, 133),
(5365, 14, 134),
(5366, 14, 135),
(5367, 14, 136),
(5368, 14, 129),
(5369, 14, 130),
(5370, 14, 131),
(5371, 14, 132),
(5372, 14, 137),
(5373, 14, 139),
(5374, 14, 138),
(5375, 14, 140),
(5376, 14, 19),
(5377, 14, 20),
(5378, 14, 36),
(5379, 14, 37),
(5380, 14, 38),
(5381, 14, 39),
(5382, 14, 150),
(5383, 14, 40),
(5384, 14, 41),
(5385, 14, 128),
(5386, 14, 141),
(5387, 14, 149),
(5388, 14, 126),
(5389, 14, 127),
(5390, 14, 42),
(5391, 14, 43),
(5392, 14, 44),
(5393, 14, 45),
(5394, 14, 46),
(5395, 14, 47),
(5396, 14, 48),
(5397, 14, 49),
(5398, 14, 50),
(5399, 14, 51),
(5400, 14, 52),
(5401, 14, 53),
(5402, 14, 54),
(5403, 14, 55),
(5404, 14, 56),
(5405, 14, 57),
(5406, 14, 58),
(5407, 14, 59),
(5408, 14, 60),
(5409, 14, 61),
(5410, 14, 62),
(5411, 14, 63),
(5412, 14, 64),
(5413, 14, 65),
(5414, 14, 66),
(5415, 14, 67),
(5416, 14, 68),
(5417, 14, 70),
(5418, 14, 71),
(5419, 14, 72),
(5420, 14, 73),
(5421, 14, 74),
(5422, 14, 76),
(5423, 14, 78),
(5424, 14, 80),
(5425, 14, 82),
(5426, 14, 84),
(5427, 14, 86),
(5428, 14, 88),
(5429, 14, 118),
(5430, 14, 119),
(5431, 14, 90),
(5432, 14, 91),
(5433, 14, 92),
(5434, 14, 93),
(5435, 14, 94),
(5436, 14, 95),
(5437, 14, 96),
(5438, 14, 97),
(5439, 14, 98),
(5440, 14, 99),
(5441, 14, 100),
(5442, 14, 101),
(5443, 14, 102),
(5444, 14, 103),
(5445, 14, 104),
(5446, 14, 105),
(5447, 14, 106),
(5448, 14, 107),
(5449, 14, 108),
(5450, 14, 109),
(5451, 14, 110),
(5452, 14, 111),
(5453, 14, 112),
(5454, 14, 113),
(5455, 14, 114),
(5456, 14, 115),
(5457, 14, 116),
(5458, 14, 117),
(5459, 14, 25),
(5460, 14, 26),
(5461, 14, 27),
(5462, 14, 29),
(5463, 14, 32),
(5464, 14, 69),
(5465, 14, 75),
(5466, 14, 77),
(5467, 14, 79),
(5468, 14, 81),
(5469, 14, 83),
(5470, 14, 85),
(5471, 14, 142),
(5472, 14, 145),
(5473, 14, 146),
(5474, 14, 143),
(5475, 14, 144),
(5476, 14, 147),
(5477, 14, 148),
(5478, 14, 87),
(5680, 16, 40),
(6361, 12, 1),
(6362, 12, 2),
(6363, 12, 21),
(6364, 12, 30),
(6365, 12, 4),
(6366, 12, 22),
(6367, 12, 149),
(6368, 12, 5),
(6369, 12, 6),
(6370, 12, 24),
(6371, 12, 34),
(6372, 12, 23),
(6373, 12, 36),
(6374, 12, 150),
(6375, 12, 40),
(6376, 12, 42),
(6377, 12, 43),
(6378, 12, 44),
(6379, 12, 45),
(6380, 12, 50),
(6381, 12, 51),
(6382, 12, 52),
(6383, 12, 53),
(6384, 12, 65),
(6385, 12, 68),
(6386, 12, 71),
(6387, 12, 150),
(6388, 12, 25),
(6389, 12, 26),
(6390, 12, 27),
(6391, 12, 69),
(6411, 11, 46),
(6412, 11, 47),
(6413, 11, 48),
(6414, 11, 49),
(6415, 11, 51),
(6416, 11, 52),
(6417, 11, 53),
(6562, 13, 1),
(6563, 13, 2),
(6564, 13, 21),
(6565, 13, 30),
(6566, 13, 4),
(6567, 13, 22),
(6568, 13, 149),
(6569, 13, 5),
(6570, 13, 6),
(6571, 13, 24),
(6572, 13, 34),
(6573, 13, 11),
(6574, 13, 12),
(6575, 13, 28),
(6576, 13, 7),
(6577, 13, 8),
(6578, 13, 23),
(6579, 13, 33),
(6580, 13, 13),
(6581, 13, 14),
(6582, 13, 31),
(6583, 13, 9),
(6584, 13, 10),
(6585, 13, 15),
(6586, 13, 16),
(6587, 13, 35),
(6588, 13, 17),
(6589, 13, 18),
(6590, 13, 123),
(6591, 13, 124),
(6592, 13, 125),
(6593, 13, 120),
(6594, 13, 133),
(6595, 13, 134),
(6596, 13, 135),
(6597, 13, 136),
(6598, 13, 129),
(6599, 13, 130),
(6600, 13, 131),
(6601, 13, 132),
(6602, 13, 137),
(6603, 13, 139),
(6604, 13, 138),
(6605, 13, 140),
(6606, 13, 19),
(6607, 13, 20),
(6608, 13, 36),
(6609, 13, 37),
(6610, 13, 38),
(6611, 13, 39),
(6612, 13, 150),
(6613, 13, 40),
(6614, 13, 41),
(6615, 13, 128),
(6616, 13, 141),
(6617, 13, 151),
(6618, 13, 126),
(6619, 13, 127),
(6620, 13, 42),
(6621, 13, 43),
(6622, 13, 44),
(6623, 13, 45),
(6624, 13, 46),
(6625, 13, 47),
(6626, 13, 48),
(6627, 13, 49),
(6628, 13, 50),
(6629, 13, 51),
(6630, 13, 52),
(6631, 13, 53),
(6632, 13, 54),
(6633, 13, 55),
(6634, 13, 56),
(6635, 13, 57),
(6636, 13, 58),
(6637, 13, 59),
(6638, 13, 60),
(6639, 13, 61),
(6640, 13, 62),
(6641, 13, 63),
(6642, 13, 64),
(6643, 13, 65),
(6644, 13, 66),
(6645, 13, 67),
(6646, 13, 68),
(6647, 13, 70),
(6648, 13, 71),
(6649, 13, 72),
(6650, 13, 73),
(6651, 13, 74),
(6652, 13, 76),
(6653, 13, 78),
(6654, 13, 80),
(6655, 13, 82),
(6656, 13, 84),
(6657, 13, 86),
(6658, 13, 88),
(6659, 13, 121),
(6660, 13, 122),
(6661, 13, 118),
(6662, 13, 119),
(6663, 13, 90),
(6664, 13, 91),
(6665, 13, 92),
(6666, 13, 93),
(6667, 13, 94),
(6668, 13, 95),
(6669, 13, 96),
(6670, 13, 97),
(6671, 13, 98),
(6672, 13, 99),
(6673, 13, 100),
(6674, 13, 101),
(6675, 13, 102),
(6676, 13, 103),
(6677, 13, 104),
(6678, 13, 105),
(6679, 13, 106),
(6680, 13, 107),
(6681, 13, 108),
(6682, 13, 109),
(6683, 13, 110),
(6684, 13, 111),
(6685, 13, 112),
(6686, 13, 113),
(6687, 13, 114),
(6688, 13, 115),
(6689, 13, 116),
(6690, 13, 117),
(6691, 13, 150),
(6692, 13, 124),
(6693, 13, 25),
(6694, 13, 26),
(6695, 13, 27),
(6696, 13, 29),
(6697, 13, 32),
(6698, 13, 69),
(6699, 13, 75),
(6700, 13, 77),
(6701, 13, 79),
(6702, 13, 81),
(6703, 13, 83),
(6704, 13, 85),
(6705, 13, 142),
(6706, 13, 145),
(6707, 13, 146),
(6708, 13, 143),
(6709, 13, 144),
(6710, 13, 147),
(6711, 13, 148),
(6712, 13, 87),
(6742, 9, 1),
(6743, 9, 2),
(6744, 9, 21),
(6745, 9, 30),
(6746, 9, 4),
(6747, 9, 22),
(6748, 9, 149),
(6749, 9, 5),
(6750, 9, 6),
(6751, 9, 24),
(6752, 9, 34),
(6753, 9, 9),
(6754, 9, 10),
(6755, 9, 36),
(6756, 9, 150),
(6757, 9, 50),
(6758, 9, 51),
(6759, 9, 52),
(6760, 9, 53),
(6761, 9, 61),
(6762, 9, 62),
(6763, 9, 63),
(6764, 9, 80),
(6765, 9, 150),
(6766, 9, 25),
(6767, 9, 26),
(6768, 9, 81),
(6799, 10, 5),
(6800, 10, 6),
(6801, 10, 24),
(6802, 10, 23),
(6803, 10, 9),
(6804, 10, 10),
(6805, 10, 15),
(6806, 10, 16),
(6807, 10, 35),
(6808, 10, 137),
(6809, 10, 139),
(6810, 10, 138),
(6811, 10, 140),
(6812, 10, 36),
(6813, 10, 50),
(6814, 10, 51),
(6815, 10, 52),
(6816, 10, 53),
(6817, 10, 27),
(6818, 10, 145),
(6819, 10, 146),
(6820, 10, 143),
(6821, 10, 144),
(6822, 10, 147),
(6823, 10, 148),
(6824, 8, 1),
(6825, 8, 2),
(6826, 8, 21),
(6827, 8, 30),
(6828, 8, 4),
(6829, 8, 22),
(6830, 8, 149),
(6831, 8, 5),
(6832, 8, 6),
(6833, 8, 24),
(6834, 8, 34),
(6835, 8, 7),
(6836, 8, 8),
(6837, 8, 23),
(6838, 8, 36),
(6839, 8, 150),
(6840, 8, 40),
(6841, 8, 42),
(6842, 8, 43),
(6843, 8, 44),
(6844, 8, 45),
(6845, 8, 50),
(6846, 8, 51),
(6847, 8, 52),
(6848, 8, 53),
(6849, 8, 68),
(6850, 8, 71),
(6851, 8, 82),
(6852, 8, 150),
(6853, 8, 25),
(6854, 8, 26),
(6855, 8, 27),
(6856, 8, 69),
(6857, 8, 83),
(6858, 15, 23),
(6859, 15, 31),
(6860, 15, 17),
(6861, 15, 18),
(6862, 15, 123),
(6863, 15, 40),
(6864, 15, 141),
(6865, 15, 126),
(6866, 15, 127),
(6867, 15, 90),
(6868, 15, 91),
(6869, 15, 92),
(6870, 15, 93),
(6871, 15, 94),
(6872, 15, 95),
(6873, 15, 96),
(6874, 15, 97),
(6875, 15, 98),
(6876, 15, 99),
(6877, 15, 100),
(6878, 15, 101),
(6879, 15, 102),
(6880, 15, 103),
(6881, 15, 104),
(6882, 15, 105),
(6883, 15, 114),
(6884, 15, 115),
(6885, 15, 116),
(6886, 15, 117),
(6887, 15, 27),
(6888, 15, 32),
(6889, 15, 142),
(6924, 20, 23),
(6925, 20, 123),
(6926, 20, 136),
(6927, 20, 132),
(6928, 20, 36),
(6929, 20, 40),
(6930, 20, 128),
(6931, 20, 141),
(6932, 20, 126),
(6933, 20, 127),
(6934, 20, 90),
(6935, 20, 91),
(6936, 20, 92),
(6937, 20, 93),
(6938, 20, 94),
(6939, 20, 95),
(6940, 20, 96),
(6941, 20, 97),
(6942, 20, 98),
(6943, 20, 99),
(6944, 20, 100),
(6945, 20, 101),
(6946, 20, 102),
(6947, 20, 103),
(6948, 20, 104),
(6949, 20, 105),
(6950, 20, 114),
(6951, 20, 115),
(6952, 20, 116),
(6953, 20, 117),
(6954, 20, 27),
(6955, 20, 142),
(6979, 5, 22),
(6980, 5, 7),
(6981, 5, 8),
(6982, 5, 23),
(6983, 5, 33),
(6984, 5, 13),
(6985, 5, 14),
(6986, 5, 31),
(6987, 5, 15),
(6988, 5, 16),
(6989, 5, 124),
(6990, 5, 125),
(6991, 5, 120),
(6992, 5, 36),
(6993, 5, 39),
(6994, 5, 54),
(6995, 5, 55),
(6996, 5, 56),
(6997, 5, 57),
(6998, 5, 124),
(6999, 5, 26),
(7000, 5, 27),
(7001, 5, 32),
(7156, 18, 1),
(7157, 18, 2),
(7158, 18, 21),
(7159, 18, 30),
(7160, 18, 3),
(7161, 18, 4),
(7162, 18, 22),
(7163, 18, 149),
(7164, 18, 5),
(7165, 18, 6),
(7166, 18, 24),
(7167, 18, 34),
(7168, 18, 11),
(7169, 18, 12),
(7170, 18, 28),
(7171, 18, 7),
(7172, 18, 8),
(7173, 18, 23),
(7174, 18, 33),
(7175, 18, 13),
(7176, 18, 14),
(7177, 18, 31),
(7178, 18, 9),
(7179, 18, 10),
(7180, 18, 15),
(7181, 18, 16),
(7182, 18, 35),
(7183, 18, 17),
(7184, 18, 18),
(7185, 18, 123),
(7186, 18, 124),
(7187, 18, 125),
(7188, 18, 120),
(7189, 18, 133),
(7190, 18, 134),
(7191, 18, 135),
(7192, 18, 136),
(7193, 18, 129),
(7194, 18, 130),
(7195, 18, 131),
(7196, 18, 132),
(7197, 18, 137),
(7198, 18, 139),
(7199, 18, 138),
(7200, 18, 140),
(7201, 18, 19),
(7202, 18, 20),
(7203, 18, 36),
(7204, 18, 37),
(7205, 18, 38),
(7206, 18, 39),
(7207, 18, 150),
(7208, 18, 40),
(7209, 18, 41),
(7210, 18, 128),
(7211, 18, 141),
(7212, 18, 151),
(7213, 18, 126),
(7214, 18, 127),
(7215, 18, 42),
(7216, 18, 43),
(7217, 18, 44),
(7218, 18, 45),
(7219, 18, 46),
(7220, 18, 47),
(7221, 18, 48),
(7222, 18, 49),
(7223, 18, 50),
(7224, 18, 51),
(7225, 18, 52),
(7226, 18, 53),
(7227, 18, 54),
(7228, 18, 55),
(7229, 18, 56),
(7230, 18, 57),
(7231, 18, 58),
(7232, 18, 59),
(7233, 18, 60),
(7234, 18, 61),
(7235, 18, 62),
(7236, 18, 63),
(7237, 18, 64),
(7238, 18, 65),
(7239, 18, 66),
(7240, 18, 67),
(7241, 18, 68),
(7242, 18, 70),
(7243, 18, 71),
(7244, 18, 72),
(7245, 18, 73),
(7246, 18, 74),
(7247, 18, 76),
(7248, 18, 78),
(7249, 18, 80),
(7250, 18, 82),
(7251, 18, 84),
(7252, 18, 86),
(7253, 18, 88),
(7254, 18, 121),
(7255, 18, 122),
(7256, 18, 118),
(7257, 18, 119),
(7258, 18, 90),
(7259, 18, 91),
(7260, 18, 92),
(7261, 18, 93),
(7262, 18, 94),
(7263, 18, 95),
(7264, 18, 96),
(7265, 18, 97),
(7266, 18, 98),
(7267, 18, 99),
(7268, 18, 100),
(7269, 18, 101),
(7270, 18, 102),
(7271, 18, 103),
(7272, 18, 104),
(7273, 18, 105),
(7274, 18, 106),
(7275, 18, 107),
(7276, 18, 108),
(7277, 18, 109),
(7278, 18, 110),
(7279, 18, 111),
(7280, 18, 112),
(7281, 18, 113),
(7282, 18, 114),
(7283, 18, 115),
(7284, 18, 116),
(7285, 18, 117),
(7286, 18, 150),
(7287, 18, 124),
(7288, 18, 25),
(7289, 18, 26),
(7290, 18, 27),
(7291, 18, 29),
(7292, 18, 32),
(7293, 18, 69),
(7294, 18, 75),
(7295, 18, 77),
(7296, 18, 79),
(7297, 18, 81),
(7298, 18, 83),
(7299, 18, 85),
(7300, 18, 142),
(7301, 18, 145),
(7302, 18, 146),
(7303, 18, 143),
(7304, 18, 144),
(7305, 18, 147),
(7306, 18, 148),
(7307, 18, 87),
(7308, 21, 36),
(7309, 21, 126),
(7310, 21, 127),
(7311, 21, 94),
(7312, 21, 95),
(7313, 21, 96),
(7314, 21, 97);

-- --------------------------------------------------------

--
-- Table structure for table `vendors`
--

CREATE TABLE `vendors` (
  `id` int(10) NOT NULL,
  `company_name` varchar(100) NOT NULL,
  `address` text NOT NULL,
  `district_id` int(11) NOT NULL,
  `tin_no` varchar(100) NOT NULL,
  `gst_no` varchar(100) NOT NULL,
  `ecc_no` varchar(100) NOT NULL,
  `pan_no` varchar(100) NOT NULL,
  `payment_terms` int(2) NOT NULL,
  `mode_of_payment` varchar(20) NOT NULL,
  `item_group_id` int(10) NOT NULL,
  `account_category_id` int(11) NOT NULL,
  `account_group_id` int(11) NOT NULL,
  `account_first_subgroup_id` int(11) NOT NULL,
  `account_second_subgroup_id` int(11) NOT NULL
) ENGINE=InnoDB DEFAULT CHARSET=latin1;

--
-- Dumping data for table `vendors`
--

INSERT INTO `vendors` (`id`, `company_name`, `address`, `district_id`, `tin_no`, `gst_no`, `ecc_no`, `pan_no`, `payment_terms`, `mode_of_payment`, `item_group_id`, `account_category_id`, `account_group_id`, `account_first_subgroup_id`, `account_second_subgroup_id`) VALUES
(1, 'SPX Flow Technology Pvt. Ltd.', 'Survey No. 275, Odhav\r\nAhmedabad - 382415\r\nGujrat - India ', 0, '24575101244', '24AAACS7234B1ZU', 'AAACS 7234B/XM/001', 'AAACS7234B', 60, 'NEFT', 1, 2, 6, 2, 4),
(2, 'Mechneers India', '27-A,  Ashwini Marg,\r\n Udaipur  - 313 001  ', 1, '08273902326', '', 'AAVPJ3530BXD001', 'AAVPJ3530B', 21, 'NEFT', 7, 2, 6, 2, 4),
(3, 'Allweiler India Pvt. Ltd. ', '(Formerly Tushaco Pumps Pvt Ltd.)\r\nPlot No. 1,22,23, Sr. No. 653/1, \r\nSomnath Co-op, Ind. Society Ltd., \r\nKachigam Road, Dabhel,  \r\nNani Daman- 396210 ', 0, '25000003930', '25AABCT7703K2Z8', 'AABCT7703KXM001', 'AABCT7703K', 30, 'Cheque', 2, 2, 6, 2, 4),
(5, 'Anticorrosive Equipment Private Limited', '119-122 GIDC -ll, Gundlav, \r\nValsad, Gujarat 396035', 0, '24750201713', '24AAFCA7145J1ZO', 'AAFCA7145JXM001', 'AAFCA7145', 7, 'NEFT', 5, 2, 6, 2, 4),
(6, 'Positive Metering Pumps Pvt. Ltd. ', 'M- 8, MIDC,\r\nAmbad, NashiK, ', 0, '27960057814C', '27AACCP0388D1ZK', 'AACCP0388DXM001', 'AACCP0388D', 7, 'NEFT', 3, 2, 6, 2, 4),
(7, 'Darling Pumps Pvt. Ltd. ', 'K-No. 340/2 Tigaria Badshah,\r\nNear agarbatti complex, Industrial Estate,\r\nSanwer road, Indore - 452015', 0, '23761100643', '23AACD1664L1ZS', 'AAACD1664LEM002', 'AAACD1664L', 30, 'NEFT', 4, 2, 6, 2, 4),
(8, 'Remi Elektrotechnik Limited', 'Building A, Survey No. 65/1,\r\nNaikpada, Waliv, Vasai (E), \r\nDist. Palghar - 401 208\r\n Maharashtra ', 0, '27470254557', '27AAACR2578P1ZR', 'AAACR2578PXM002', 'AAACR2578P', 60, 'NEFT', 8, 2, 6, 2, 4),
(9, 'Liqtech Industries', '802, Eastern Majesty \r\nTata Colony, Mulund East \r\nMumbai - 400081 ', 43, '27340701168', '27AABCL5646H1ZE ', '-', 'AADFL2020n', 60, 'NEFT', 30, 2, 6, 2, 4),
(10, 'Tranter India Pvt. Ltd. ', 'Gat no.127/128, Dingrajwadi, \r\nTal. Shirur, Pune, \r\nMaharashtra 412208 India \r\n', 0, '27410514065', '', 'AAFCA4598PXM003', 'AAFCA4598P', 15, 'NEFT', 33, 2, 6, 2, 4),
(11, 'Filter Concept Pvt. Ltd. ', '302, Aalin, Opp. Gujarat Vidhyapith, \r\nB/H Jet Airways office, Ashram Road,\r\n Ahmedabad, Gujarat, \r\nIndia, 380014', 0, '24573302855', '24AABCF5606M1ZN', 'AABCF5606MEM002', 'AABCF5606M', 7, 'NEFT', 30, 2, 6, 2, 4),
(12, 'Remi Sales And Engg. Ltd.', '18A/19A, M R Estate, \r\nKanchan Pharma ni Gali.\r\nNr. Aslali Bypass, Aslali-382427\r\nDist. Ahmedabad, Gujarat\r\nPh: 02718-261578\r\n', 0, '24572900001', '24AAACR0421M1ZP', '-', '-', 7, 'NEFT', 21, 2, 6, 2, 4),
(13, 'Atul Enterprises', 'Near Swapnalok Cinema,\r\nOutside Hathipole\r\nUdaipur ( Raj ) -313001', 0, '08983901596', '-', '-', '-', 7, 'NEFT', 30, 2, 6, 2, 4),
(19, 'Matrix India', 'Delhi Gate, Ashwini Marg, \r\nBehind Ganesh Automobiles,\r\nUdaipur - 313 001\r\nPh. 2413190, 2422877', 0, '08263907424', '1', 'ACZPJ2064LED001', 'ACZPJ2064L', 15, 'NEFT', 7, 2, 6, 2, 4),
(20, 'Alloy Steel Traders ', 'Behind Reliance Chemotex Ind. \r\nRoad No. 5 M.I.A. , Madri \r\nUdaipur ', 0, '08644005767', '-', '-', '-', 7, 'NEFT', 20, 2, 6, 2, 4),
(21, 'Uni Trade India ', '52, Dand Pole, New Ashwini Marg,\r\nUdaipur - 313 001 ', 1, '08613902333', '08AAAFU2457M1ZU', '-', '-', 30, 'NEFT', 20, 2, 6, 2, 4),
(22, 'Sethia Iron  And Steel Co. ', '105- out side Hathipole ,\r\nLoha Bazar ,Udaipur - 313 001 \r\n ', 0, '08403900266', '-', '-', '-', 7, 'NEFT', 20, 2, 6, 2, 4),
(23, 'Vacunair Engineering Co. Pvt. Ltd.', 'Near Gujarat Bottling, \r\nRakhial, Ahmedabad\r\n 380023', 0, '-', '-', '-', '-', 5, 'NEFT', 38, 2, 6, 2, 4),
(27, 'Blue Star Steel And Fittings', '6 SFP Estate , Opp. Bal Krishna Estate,\r\nGujarat Bottling Road, Rakhial,\r\nAhmedabad - ', 0, '24572204008', '-', '-', '-', 7, 'NEFT', 30, 2, 6, 2, 4),
(28, 'Hind Machinery And Hardware Mart ', 'Chamanpura - Udaipur - 313001', 0, '08213900516', '-', '-', '-', 15, 'Cash', 30, 2, 6, 2, 4),
(29, 'Rajdhani Traders ', 'NH 8, Main Road, Bhuwana ,\r\nUdaipur ', 0, '08053954536', '08ACPPS9546L1ZI', 'ACPPS9546LXD001', '-', 7, 'NEFT', 35, 2, 6, 2, 4),
(30, 'Gaylord Enterprise', 'A/5, Shree Ghantakarna Mahavir Comm. Market,\r\nNr. New Cloth Market,Sarangpur,\r\nAhmedabad.-Gujarat--India.\r\n', 0, '-', '-', '-', '-', 7, 'NEFT', 30, 2, 6, 2, 4),
(31, 'Industrial Rubber Spares ', '68, New Ashwini Marg, \r\nBehind ICICI Bank, \r\nUdaipur ', 0, '08823903333', '-', '-', '-', 7, 'NEFT', 30, 2, 6, 2, 4),
(32, 'K.M. Bandook Wala ', '186, Loha Bazar,\r\nChamanpura, Udaipur , \r\n313 001 (Raj.)', 0, '08653906870', '-', '-', '-', 7, 'NEFT', 30, 2, 6, 2, 4),
(33, 'Artee Flow Controls Pvt. Ltd.', 'C-1/B, 1312, Near Somani Chowkdi\r\nGIDC Estate, Ankleshwar  393002\r\nGujarat, India', 0, '-', '24AAECA0744N1ZQ', '-', '-', 7, 'NEFT', 1, 2, 6, 2, 4),
(34, 'Bombay Hardware Store ', '171, Chamanpura, Loha Bazar, \r\nUdaipur - 313 001 ', 0, '08333900256', '-', '-', '-', 7, 'NEFT', 30, 2, 6, 2, 4),
(35, 'Prakash Brother ', 'Hathipole ,Udaipur - 313001 ', 0, '08673910060', '08ARCPA5467C1Z5', '-', '-', 7, 'NEFT', 29, 2, 6, 2, 4),
(36, 'Padmansha Technologies Private Ltd.', 'Rice Mill Compound,\r\nPhase II, MIDC, Dombivli (East),\r\nDist : Thane\r\n', 0, '27830789217C', '27AACCG4271A1Z1', 'AACCG4271AEM002', 'AACCG4271A', 7, 'NEFT', 30, 2, 6, 2, 4),
(37, 'Vimal Motors ', '22-A, Taran Baori, City Station Road ,\r\nUdaipur -313001 (Raj.)', 0, '08423951471', '-', '-', '-', 7, 'NEFT', 30, 2, 6, 2, 4),
(38, 'Acquitech Engineers Pvt. Ltd.', 'A-407 , Premium House,  \r\nNr. Gandhigram  Rly. Station,\r\n Navrangpura, Ahmedabad-380 009\r\n', 0, '-', '-', '-', '-', 7, 'NEFT', 16, 2, 6, 2, 4),
(39, ' Aryan Vidyut Yantralaya ', '\"Gaurav Sadan \" 1st \"A\"  Road,\r\nSardarpura , Jodhpur - 342003', 0, '08612600302', '-', '-', '-', 5, 'NEFT', 35, 2, 6, 2, 4),
(40, 'Tempsens Instruments I Pvt. Ltd. ', 'B-188 A, Road No. -5,\r\nMewar Industrial Area, \r\nUdaipur , (Raj.) 313003 , ', 1, '08363951116', '-', 'AAACT5482CXM001', 'AAACT5482C', 30, 'NEFT', 30, 2, 6, 2, 4),
(41, 'Rolon Seals ', 'B 102, Shashwat Greens,\r\nOpp. Geri Compound, Behind yash \r\nComplex, gotri link road, \r\nVadodara - 390021 ', 8, '-', '36AAEFR0879C1Z9', '-', '-', 30, 'NEFT', 20, 2, 6, 2, 4),
(42, ' Bahubali Rubber Industries ', '1/2, Meera Chamber , 2nd Floor, \r\nKadiakui, Relief road,\r\n Ahmedabad - 380001', 0, '-', '-', '-', '-', 7, 'NEFT', 30, 2, 6, 2, 4),
(43, 'Shilpa Trade Link Pvt. Ltd. ', '.\"A-SQUARE\", 3rd Floor, \r\n1 - Shobhagpura, 100 Feet Road, \r\nUDAIPUR - 313011, Rajasthan ', 1, '08743900079', '08AACCS0229A1ZZ', '-', 'AACCSO229A', 90, 'NEFT', 20, 2, 6, 2, 4),
(44, 'Fluid Management And Solutions LLP ', '.\"A-SQUARE\", 3rd Floor, \r\n1 - Shobhagpura, \r\n100 Feet Road,  UDAIPUR\r\n - 313011, Rajasthan', 1, '08453967799', '08AAEFF0911B1Z5', '-', '-', 90, 'NEFT', 30, 2, 6, 2, 4),
(45, 'Arun Hydraulics ', '23 & 24 GANGOTRI ESTATE, \r\nNEAR RAMOL OVERBRIDGE, \r\nNEAR RAMOL CROSS ROAD, \r\nVATVA, AHMEDABAD  382445, \r\nGUJARAT, INDIA. \r\n', 0, '-', '24AAMFA5605P1Z6', '-', 'AAMFA5605P', 15, 'NEFT', 20, 2, 6, 2, 4),
(46, 'Bhatnagar Engineers ', '171, Bhupalpura \r\nUdaipur , 313001 ', 0, '-', '08AAYPB9420H1ZE', '-', '-', 7, 'NEFT', 20, 2, 6, 2, 4),
(47, 'Kamini Insulation Centre ', 'Udaipur ', 0, '-', '08AAEFK8095P1ZG', '-', 'AAEFK8095P', 7, 'NEFT', 20, 2, 6, 2, 4),
(48, 'Shilpa Mechtrad Ltd', 'A Square, 1 Shobhagpura\r\n100 Ft Road, ', 0, '08203900570', '', '', 'AAGCS4913H', 13, 'NEFT', 20, 2, 6, 2, 37),
(49, 'Taha Insulation And Machineries', 'Udaipur ', 1, '-', '08AACFT0146N1Z1', '-', '-', 15, 'NEFT', 20, 2, 6, 2, 4),
(50, 'HRS Process Systems Ltd.', '201/202, Karan Salane,\r\n851, Bhandrakar Institue Road,\r\nPune 411004', 0, '-', '-', '-', '-', 7, 'NEFT', 30, 2, 6, 2, 4),
(51, 'Hardik Engineers', 'OFFICE: PLOT NO:1102/D,PHASE:III,\r\nNEAR WATER TANK, GIDC VATVA,\r\nAHMEDABAD-382 445\r\n', 8, '-  ', '24AADFM8124A1ZU', '-', '-', 7, 'NEFT', 32, 2, 6, 2, 4),
(52, 'Pearl Radiance Furnitures ', 'Paneri Upvan, Road No. 2,\r\nBedla Road ,Udaipur  \r\n313001 ', 1, '-', '-', '-', '-', 7, 'NEFT', 30, 2, 6, 2, 4),
(53, 'ATE Enterprises Pvt Ltd', '124/3 and 124/5, Mistry Chambers. \r\nKhanpr, Ahmedabad - 380001 \r\n', 8, '-', '27AADCA6166D1ZU', '-', '-', 7, 'NEFT', 30, 2, 6, 2, 4),
(54, 'Mewar Steel ', 'E-76 A Mewar Industrial Area  \r\nRoad No 2 near nissan showroom \r\nMadri Udaipur  ', 1, '-', '08AOIPM7387L1Z3', '-', '-', 7, 'NEFT', 30, 2, 6, 2, 4),
(55, 'Lubgraf Products ', '2610,G.I.D.C. Phase IV,\r\nVatva ,Ahmedabad - 382445', 8, '-', '24AABFL3679F1ZD', '-', '-', 7, 'NEFT', 30, 2, 6, 2, 4),
(56, 'Rajasthan Iron Store ', '51,Loha Bazar ,\r\nChamanpura , udaipur \r\n313001 (Raj.) ', 1, '-', '08AHUPK9789M1ZW', '-', '-', 7, 'NEFT', 30, 2, 6, 2, 4),
(57, 'Machbow Products ', '1878, Lodhika G.I.D.C ,\r\nNr. Gujarat Gas, \r\nMetoda (Rajkot)  ', 8, '-', '24AABPB2101J1ZM', '-', '-', 7, 'NEFT', 6, 2, 6, 2, 4),
(58, 'Vijay Steel Tube Co. ', '11-14 Mewar Motors \r\nlink Road , Udaipur -313001 ', 1, '-', '08AASPJ5477E1Z9', '-', '-', 30, 'NEFT', 30, 2, 6, 2, 4),
(59, 'Ocleg Controls ', '93/94 Amar Estate Near \r\nLubi electric Ltd,\r\nmemco Naroda road\r\nAhmedabad. 380025 ', 8, '-', '24ABRPP7000M1ZC', '-', '-', 7, 'NEFT', 30, 2, 6, 2, 4);

-- --------------------------------------------------------

--
-- Table structure for table `vendor_companies`
--

CREATE TABLE `vendor_companies` (
  `vendor_id` int(10) NOT NULL,
  `company_id` int(10) NOT NULL
) ENGINE=InnoDB DEFAULT CHARSET=latin1;

--
-- Dumping data for table `vendor_companies`
--

INSERT INTO `vendor_companies` (`vendor_id`, `company_id`) VALUES
(39, 25);

-- --------------------------------------------------------

--
-- Table structure for table `vendor_contact_persons`
--

CREATE TABLE `vendor_contact_persons` (
  `id` int(11) NOT NULL,
  `vendor_id` int(11) NOT NULL,
  `name` varchar(50) NOT NULL,
  `email` varchar(100) NOT NULL,
  `mobile` varchar(10) NOT NULL,
  `default_person` int(1) NOT NULL,
  `account_category_id` int(10) NOT NULL,
  `account_group_id` int(10) NOT NULL,
  `account_first_subgroup_id` int(10) NOT NULL,
  `account_second_subgroup_id` int(10) NOT NULL
) ENGINE=InnoDB DEFAULT CHARSET=latin1;

--
-- Dumping data for table `vendor_contact_persons`
--

INSERT INTO `vendor_contact_persons` (`id`, `vendor_id`, `name`, `email`, `mobile`, `default_person`, `account_category_id`, `account_group_id`, `account_first_subgroup_id`, `account_second_subgroup_id`) VALUES
(38, 10, ' Vivek Choube', 'Vivek.Choube@tranter.com', '7774059449', 1, 0, 0, 0, 0),
(56, 16, 'sdfsd', 'sdf@wrwe.eret', '3453453453', 1, 0, 0, 0, 0),
(70, 19, 'Prashant Jain', 'ansh@gmail.com', '9414161727', 1, 0, 0, 0, 0),
(71, 23, 'Manan Vadher ', 'info@vacunair.com', '9904048822', 1, 0, 0, 0, 0),
(72, 24, 'Manan Vadher ', 'info@vacunair.com', '9904048822', 1, 0, 0, 0, 0),
(73, 25, 'Manan Vadher ', 'info@vacunair.com', '9904048822', 1, 0, 0, 0, 0),
(74, 26, 'Manan Vadher ', 'info@vacunair.com', '9904048822', 1, 0, 0, 0, 0),
(82, 13, 'Yogesh Solanki ', 'north3.rtpl@rathigroup.com', '9829127329', 1, 0, 0, 0, 0),
(86, 30, 'jagish shah ', 'gaylordmesh@gmail.com', '9825767343', 1, 0, 0, 0, 0),
(87, 31, 'Industrial Rubber ', 'industrialrubberspares@gmail.com', '9414166704', 1, 0, 0, 0, 0),
(88, 32, 'K.M.', 'km.bandookwala@yahoo.in', '9414168818', 1, 0, 0, 0, 0),
(97, 38, 'Hansa Chavda', 'sales@acquitech.com', '9824055027', 1, 0, 0, 0, 0),
(98, 39, 'Aryan', 'aryan@yahoo.com', '9829021066', 1, 0, 0, 0, 0),
(100, 20, 'Hatim Ali ', 'alloysteeltraders@gmail.com', '9414159770', 1, 0, 0, 0, 0),
(101, 22, 'Altaf ji ', 'sethiaironsteelco@gmail.com', '9829778652', 1, 0, 0, 0, 0),
(102, 28, 'Ghulam ali', 'hindmachineryhardware@gmail.com', '8696775758', 1, 0, 0, 0, 0),
(104, 37, 'Nitin Ji ', 'nitinkothari111@yahoo.co.in', '9414125841', 1, 0, 0, 0, 0),
(105, 5, 'Alex ', 'sales@anticopumps.co.in', '9909928823', 1, 0, 0, 0, 0),
(119, 45, 'DHAVAL PATEL', 'dhaval@arunhydraulics.com', '9824016356', 1, 0, 0, 0, 0),
(121, 46, 'Bhatnagar Ji ', 'bhatnagarengineers@yahoo.com', '9414161353', 1, 0, 0, 0, 0),
(122, 47, 'Kamini ji', 'kamini.insulation@gmail.com', '9414166405', 1, 0, 0, 0, 0),
(123, 48, 'Anshul Mogra', 'anshul@mogragroup.com', '9772704777', 1, 0, 0, 0, 0),
(126, 50, 'Narendra ji ', 'NarendraJoshi@hrsasia.co.in', '9403961353', 1, 0, 0, 0, 0),
(129, 52, 'p', 'ninekitchens@yahoo.com', '9950095185', 1, 0, 0, 0, 0),
(131, 54, 'Mewar ', 'mewarsteel@gmail.com', '9929009999', 1, 0, 0, 0, 0),
(136, 7, 'Rahul Bhadoriya', 'rahul91dppl@gmail.com', '8435037808', 1, 0, 0, 0, 0),
(137, 7, 'Nilesh', 'nileshc1973@gmail.com', '9981992842', 1, 0, 0, 0, 0),
(138, 7, ' Shriniwas Pujari', 'shriniwaspujari6@gmail.com', '9981992859', 1, 0, 0, 0, 0),
(139, 11, 'Kunal Solanki', 'engg1@filter-concept.com', '7927541602', 1, 0, 0, 0, 0),
(140, 11, 'Chirag Basva ', 'factory@filter-concept.com', '9328771700', 1, 0, 0, 0, 0),
(142, 6, 'Bhushan Baviskar', 'chn@positivemetering.com', '9922507046', 1, 0, 0, 0, 0),
(143, 6, 'Rajendra Aware', 'dispatch@positivemetering.com', '9881311160', 1, 0, 0, 0, 0),
(145, 56, 'saddam hussein', 'rajasthanironstore@gmail.com', '8005858578', 1, 0, 0, 0, 0),
(147, 3, 'Suresh Chandra Sharma', 'Sureshchandra.Sharma@colfaxfluidhandling.com', '9871118961', 1, 0, 0, 0, 0),
(148, 3, 'Pankaj Mishra ', 'Pankaj.Mishra@colfaxfluidhandling.com', '8130891795', 1, 0, 0, 0, 0),
(149, 3, 'Manish Shukla', 'Manish.Shukla@colfaxfluidhandling.com', '8130891794', 1, 0, 0, 0, 0),
(150, 33, 'Anamika Soni', 'arteeflow@arteeflow.com', '9227492049', 1, 0, 0, 0, 0),
(151, 55, 'Lubgraf ', 'lubgraf@vsnl.com', '0079400857', 1, 0, 0, 0, 0),
(152, 57, 'suresh ji ', 'machbow@gmail.com', '0992055602', 1, 0, 0, 0, 0),
(153, 36, 'Dipti Modak,', 'marketing@padmansha.com', '8433988497', 1, 0, 0, 0, 0),
(156, 29, 'Gorav Ji ', 'rajdhaniudaipur@gmail.com', '9582335755', 1, 0, 0, 0, 0),
(160, 1, 'Mayank Gadhavi', 'mayank.gadhavi@spxflow.com', '9909985454', 1, 0, 0, 0, 0),
(161, 44, 'Usha Mali', 'purchase@mogragroup.com', '8696029999', 1, 0, 0, 0, 0),
(162, 9, 'AMRISH YADAV', 'info@liqueeseals.com', '9167223256', 1, 0, 0, 0, 0),
(163, 2, 'R.K Sharma', 'mechind@bsnl.in', '9414458419', 1, 0, 0, 0, 0),
(164, 8, 'Manjunath Poojari', 'rei_sales@remigroup.com', '9967379169', 1, 0, 0, 0, 0),
(166, 40, 'Hitesh Panwar ', 'gauge@tempsens.com', '0294305773', 1, 0, 0, 0, 0),
(167, 58, 'Vijay Ji ', 'vijaysteeltube@gmail.com', '9460823525', 1, 0, 0, 0, 0),
(168, 21, 'Jinesh Jain', 'unitradeudr@gmail.com', '0294241517', 1, 0, 0, 0, 0),
(169, 49, 'Taha ', 'taha.insulation@yahoo.com', '9950545126', 1, 0, 0, 0, 0),
(170, 43, 'Usha Mali', 'purchase@mogragroup.com', '8696029999', 1, 0, 0, 0, 0),
(171, 35, 'Prakash ', 'prakash.brothers333@gmail.com', '9460401977', 1, 0, 0, 0, 0),
(175, 12, 'chetan shah', 'cishah@remigroup.com', '9824013863', 1, 0, 0, 0, 0),
(177, 42, ' Puneet Jain', 'info@bahubalirubber.com', '9427068992', 1, 0, 0, 0, 0),
(178, 53, 'Rohit Patel ', 'rbpatel@ateindia.com', '9638871757', 1, 0, 0, 0, 0),
(179, 34, 'Adil Ahmed ', 'bombayhardwarestore@yahoo.com', '9982542108', 1, 0, 0, 0, 0),
(180, 59, 'V.P. Patel', 'oclegcontrols@Yahoo.co.in', '9879507581', 1, 0, 0, 0, 0),
(181, 51, 'Hardik Patel', 'h.patel@hardikengineers.com', '9824013482', 1, 0, 0, 0, 0),
(182, 41, 'Milan Dave ', 'milan@rolonseals.com', '9724435559', 1, 0, 0, 0, 0),
(183, 27, 'Suresh Soni', 'bluestar.soni2009@gmail.com', '9725089815', 1, 0, 0, 0, 0);

-- --------------------------------------------------------

--
-- Table structure for table `vouchers_references`
--

CREATE TABLE `vouchers_references` (
  `id` int(10) NOT NULL,
  `voucher_entity` varchar(255) NOT NULL,
  `description` text NOT NULL,
  `company_id` int(10) NOT NULL,
  `module` varchar(255) NOT NULL,
  `sub_entity` varchar(255) NOT NULL
) ENGINE=InnoDB DEFAULT CHARSET=latin1;

--
-- Dumping data for table `vouchers_references`
--

INSERT INTO `vouchers_references` (`id`, `voucher_entity`, `description`, `company_id`, `module`, `sub_entity`) VALUES
(1, 'PaymentVoucher -> Paid To', 'payment ', 25, 'Payment Voucher', 'Paid To'),
(2, 'PaymentVoucher -> Cash/Bank', 'payment', 25, 'Payment Voucher', 'Cash/Bank'),
(3, 'Receipt Voucher -> Received From', 'receipt voucher ', 25, 'Receipt Voucher', 'Received From'),
(4, 'Receipt Voucher -> Cash/Bank', 'bnvnb', 25, 'Receipt Voucher', 'Cash/Bank'),
(5, 'Petty Cash Payment -> Received From', 'bnvnb', 25, 'Petty Cash Payment', 'Paid To'),
(6, 'Petty Cash Payment -> Cash/Bank', 'bnvnb', 25, 'Petty Cash Payment', 'Cash/Bank'),
(7, 'Contra Voucher -> Paid To', 'bnvnb', 25, 'Contra Voucher', 'Paid To'),
(8, 'Contra Voucher -> Cash/Bank', 'bnvnb', 25, 'Contra Voucher', 'Cash/Bank'),
(9, 'Journal Voucher -> Ledger', 'bnvnb', 25, 'Journal Voucher', 'Ledger'),
(10, 'Debit Notes -> Customer-Suppiler', 'Customer/Suppiler', 25, 'Debit Notes', 'Customer-Suppiler'),
(11, 'Debit Notes -> Heads', 'bnvnb', 25, 'Debit Notes', 'Heads'),
(12, 'Credit Notes -> Purchase Account', 'bnvnb', 25, 'Credit Notes', 'Purchase Account'),
(13, 'Credit Notes -> Party', 'bnvnb', 25, 'Credit Notes', 'Party'),
(14, 'PaymentVoucher -> Paid To', 'payment ', 26, 'Payment Voucher', 'Paid To'),
(15, 'PaymentVoucher -> Cash/Bank', 'payment', 26, 'Payment Voucher', 'Cash/Bank'),
(16, 'Receipt Voucher -> Received From', 'receipt voucher ', 26, 'Receipt Voucher', 'Received From'),
(17, 'Receipt Voucher -> Cash/Bank', 'bnvnb', 26, 'Receipt Voucher', 'Cash/Bank'),
(18, 'Petty Cash Payment -> Received From', 'bnvnb', 26, 'Petty Cash Payment', 'Paid To'),
(19, 'Petty Cash Payment -> Cash/Bank', 'bnvnb', 26, 'Petty Cash Payment', 'Cash/Bank'),
(20, 'Contra Voucher -> Paid To', 'bnvnb', 26, 'Contra Voucher', 'Paid To'),
(21, 'Contra Voucher -> Cash/Bank', 'bnvnb', 26, 'Contra Voucher', 'Cash/Bank'),
(22, 'Journal Voucher -> Ledger', 'bnvnb', 26, 'Journal Voucher', 'Ledger'),
(23, 'Debit Notes -> Sales Account', 'bnvnb', 26, 'Debit Notes', 'Sales Account'),
(24, 'Debit Notes -> Party', 'bnvnb', 26, 'Debit Notes', 'Party'),
(25, 'Credit Notes -> Purchase Account', 'bnvnb', 26, 'Credit Notes', 'Purchase Account'),
(26, 'Credit Notes -> Party', 'bnvnb', 26, 'Credit Notes', 'Party'),
(27, 'PaymentVoucher -> Paid To', 'payment ', 27, 'Payment Voucher', 'Paid To'),
(28, 'PaymentVoucher -> Cash/Bank', 'payment', 27, 'Payment Voucher', 'Cash/Bank'),
(29, 'Receipt Voucher -> Received From', 'receipt voucher ', 27, 'Receipt Voucher', 'Received From'),
(30, 'Receipt Voucher -> Cash/Bank', 'Receipt', 27, 'Receipt Voucher', 'Cash/Bank'),
(31, 'Petty Cash Payment -> Received From', 'bnvnb', 27, 'Petty Cash Payment', 'Paid To'),
(32, 'Petty Cash Payment -> Cash/Bank', 'bnvnb', 27, 'Petty Cash Payment', 'Cash/Bank'),
(33, 'Contra Voucher -> Paid To', 'bnvnb', 27, 'Contra Voucher', 'Paid To'),
(34, 'Contra Voucher -> Cash/Bank', 'bnvnb', 27, 'Contra Voucher', 'Cash/Bank'),
(35, 'Journal Voucher -> Ledger', 'bnvnb', 27, 'Journal Voucher', 'Ledger'),
(36, 'Debit Notes -> Sales Account', 'bnvnb', 27, 'Debit Notes', 'Sales Account'),
(37, 'Debit Notes -> Party', 'bnvnb', 27, 'Debit Notes', 'Party'),
(38, 'Credit Notes -> Purchase Account', 'bnvnb', 27, 'Credit Notes', 'Purchase Account'),
(39, 'Credit Notes -> Party', 'bnvnb', 27, 'Credit Notes', 'Party'),
(40, 'Non Print PaymentVoucher -> Paid To', 'payment ', 25, 'Non Print Payment Voucher', 'Paid To'),
(41, 'Non Print PaymentVoucher -> Cash/Bank', 'payment', 25, 'Non Print Payment Voucher', 'Cash/Bank'),
(42, 'Non Print PaymentVoucher -> Paid To', 'payment ', 26, 'Non Print Payment Voucher', 'Paid To'),
(43, 'Non Print PaymentVoucher -> Cash/Bank', 'payment', 26, 'Non Print Payment Voucher', 'Cash/Bank'),
(44, 'Non Print PaymentVoucher -> Paid To', 'payment ', 27, 'Non Print Payment Voucher', 'Paid To'),
(45, 'Non Print PaymentVoucher -> Cash/Bank', 'payment', 27, 'Non Print Payment Voucher', 'Cash/Bank'),
(46, 'Bank Reconciliation Add -> Bank', 'bnvnb', 25, 'Bank Reconciliation Add', 'Bank'),
(47, 'Bank Reconciliation Add -> Bank', 'bnvnb', 26, 'Bank Reconciliation Add', 'Bank'),
(48, 'Bank Reconciliation Add -> Bank', 'bnvnb', 27, 'Bank Reconciliation Add', 'Bank'),
(49, 'PaymentVoucher -> Paid To', 'payment ', 28, 'Payment Voucher', 'Paid To'),
(50, 'Receipt Voucher -> Received From', 'receipt voucher ', 28, 'Receipt Voucher', 'Received From'),
(51, 'Receipt Voucher -> Cash/Bank', 'bnvnb', 28, 'Receipt Voucher', 'Cash/Bank');

-- --------------------------------------------------------

--
-- Table structure for table `voucher_ledger_accounts`
--

CREATE TABLE `voucher_ledger_accounts` (
  `vouchers_reference_id` int(10) NOT NULL,
  `ledger_account_id` int(10) NOT NULL
) ENGINE=InnoDB DEFAULT CHARSET=latin1;

--
-- Dumping data for table `voucher_ledger_accounts`
--

INSERT INTO `voucher_ledger_accounts` (`vouchers_reference_id`, `ledger_account_id`) VALUES
(1, 22),
(1, 31),
(1, 32),
(1, 44),
(1, 45),
(1, 46),
(1, 52),
(1, 75),
(1, 100),
(1, 101),
(1, 103),
(1, 104),
(1, 105),
(1, 106),
(1, 107),
(1, 108),
(1, 109),
(1, 111),
(1, 112),
(1, 113),
(1, 114),
(1, 115),
(1, 116),
(1, 117),
(1, 119),
(1, 120),
(1, 121),
(1, 122),
(1, 123),
(1, 124),
(1, 125),
(1, 126),
(1, 127),
(1, 129),
(1, 130),
(1, 131),
(1, 132),
(1, 133),
(1, 134),
(1, 135),
(1, 137),
(1, 138),
(1, 139),
(1, 146),
(1, 151),
(1, 152),
(1, 153),
(1, 155),
(1, 294),
(1, 401),
(1, 402),
(1, 403),
(1, 405),
(1, 407),
(1, 408),
(1, 409),
(1, 411),
(1, 412),
(1, 413),
(1, 414),
(1, 415),
(1, 416),
(1, 417),
(1, 418),
(1, 419),
(1, 420),
(1, 421),
(1, 422),
(1, 423),
(1, 424),
(1, 425),
(1, 426),
(1, 427),
(1, 428),
(1, 433),
(1, 434),
(1, 435),
(1, 436),
(1, 443),
(1, 445),
(1, 448),
(1, 450),
(1, 452),
(1, 465),
(1, 474),
(1, 475),
(1, 476),
(1, 477),
(1, 478),
(1, 479),
(1, 480),
(1, 481),
(1, 482),
(1, 483),
(1, 484),
(1, 486),
(1, 493),
(1, 523),
(1, 526),
(1, 529),
(1, 544),
(1, 547),
(1, 555),
(1, 567),
(1, 568),
(1, 569),
(1, 572),
(1, 595),
(1, 598),
(1, 599),
(1, 612),
(1, 614),
(1, 637),
(1, 641),
(1, 655),
(1, 657),
(1, 664),
(1, 673),
(1, 689),
(1, 695),
(1, 705),
(1, 710),
(1, 712),
(1, 714),
(1, 723),
(1, 781),
(1, 783),
(1, 786),
(1, 791),
(1, 793),
(1, 795),
(1, 813),
(1, 815),
(1, 820),
(1, 822),
(1, 824),
(1, 826),
(1, 828),
(1, 830),
(1, 832),
(1, 834),
(1, 836),
(1, 838),
(1, 853),
(1, 855),
(1, 864),
(1, 872),
(1, 874),
(1, 878),
(1, 882),
(1, 884),
(1, 886),
(1, 888),
(1, 890),
(1, 896),
(1, 904),
(1, 906),
(1, 922),
(1, 931),
(1, 933),
(1, 937),
(1, 946),
(1, 954),
(1, 956),
(1, 973),
(2, 142),
(2, 145),
(2, 146),
(3, 23),
(3, 25),
(3, 26),
(3, 27),
(3, 28),
(3, 33),
(3, 38),
(3, 39),
(3, 40),
(3, 41),
(3, 43),
(3, 47),
(3, 50),
(3, 51),
(3, 53),
(3, 54),
(3, 55),
(3, 56),
(3, 57),
(3, 58),
(3, 59),
(3, 60),
(3, 61),
(3, 62),
(3, 63),
(3, 64),
(3, 65),
(3, 66),
(3, 67),
(3, 68),
(3, 69),
(3, 71),
(3, 72),
(3, 73),
(3, 75),
(3, 77),
(3, 78),
(3, 79),
(3, 80),
(3, 85),
(3, 86),
(3, 87),
(3, 88),
(3, 89),
(3, 90),
(3, 91),
(3, 92),
(3, 93),
(3, 94),
(3, 95),
(3, 96),
(3, 97),
(3, 98),
(3, 102),
(3, 128),
(3, 148),
(3, 158),
(3, 272),
(3, 273),
(3, 274),
(3, 275),
(3, 291),
(3, 298),
(3, 299),
(3, 301),
(3, 303),
(3, 304),
(3, 305),
(3, 306),
(3, 363),
(3, 364),
(3, 365),
(3, 368),
(3, 369),
(3, 370),
(3, 372),
(3, 374),
(3, 375),
(3, 376),
(3, 377),
(3, 378),
(3, 381),
(3, 383),
(3, 384),
(3, 387),
(3, 388),
(3, 389),
(3, 390),
(3, 391),
(3, 394),
(3, 396),
(3, 397),
(3, 398),
(3, 405),
(3, 429),
(3, 443),
(3, 446),
(3, 450),
(3, 455),
(3, 456),
(3, 457),
(3, 458),
(3, 459),
(3, 460),
(3, 461),
(3, 462),
(3, 463),
(3, 471),
(3, 472),
(3, 473),
(3, 474),
(3, 482),
(3, 486),
(3, 495),
(3, 508),
(3, 511),
(3, 518),
(3, 521),
(3, 532),
(3, 540),
(3, 544),
(3, 546),
(3, 550),
(3, 592),
(3, 593),
(3, 595),
(3, 596),
(3, 615),
(3, 639),
(3, 644),
(3, 659),
(3, 660),
(3, 670),
(3, 675),
(3, 691),
(3, 693),
(3, 695),
(3, 697),
(3, 699),
(3, 702),
(3, 704),
(3, 709),
(3, 716),
(3, 717),
(3, 718),
(3, 723),
(3, 726),
(3, 728),
(3, 784),
(3, 789),
(3, 809),
(3, 812),
(3, 866),
(3, 868),
(3, 870),
(3, 871),
(3, 893),
(3, 909),
(3, 912),
(3, 915),
(3, 916),
(3, 917),
(3, 920),
(3, 922),
(3, 925),
(3, 930),
(3, 948),
(3, 949),
(3, 953),
(3, 971),
(3, 972),
(3, 973),
(4, 142),
(4, 145),
(4, 146),
(4, 517),
(5, 100),
(5, 101),
(5, 103),
(5, 104),
(5, 105),
(5, 106),
(5, 107),
(5, 108),
(5, 109),
(5, 113),
(5, 116),
(5, 117),
(5, 119),
(5, 124),
(5, 125),
(5, 126),
(5, 127),
(5, 130),
(5, 132),
(5, 134),
(5, 135),
(5, 523),
(5, 544),
(5, 572),
(5, 595),
(5, 596),
(5, 612),
(5, 620),
(5, 673),
(5, 752),
(5, 755),
(5, 758),
(5, 761),
(5, 764),
(5, 767),
(5, 820),
(5, 822),
(5, 824),
(5, 826),
(5, 828),
(5, 830),
(5, 878),
(5, 882),
(5, 884),
(6, 453),
(6, 622),
(7, 133),
(7, 142),
(7, 145),
(7, 146),
(7, 453),
(7, 622),
(7, 824),
(7, 826),
(8, 142),
(8, 145),
(8, 146),
(8, 453),
(8, 622),
(9, 22),
(9, 23),
(9, 25),
(9, 26),
(9, 27),
(9, 28),
(9, 31),
(9, 32),
(9, 33),
(9, 37),
(9, 38),
(9, 39),
(9, 40),
(9, 41),
(9, 43),
(9, 44),
(9, 45),
(9, 46),
(9, 47),
(9, 50),
(9, 51),
(9, 52),
(9, 53),
(9, 54),
(9, 55),
(9, 56),
(9, 57),
(9, 58),
(9, 59),
(9, 60),
(9, 61),
(9, 62),
(9, 63),
(9, 64),
(9, 65),
(9, 66),
(9, 67),
(9, 68),
(9, 69),
(9, 71),
(9, 72),
(9, 73),
(9, 75),
(9, 77),
(9, 78),
(9, 79),
(9, 80),
(9, 85),
(9, 86),
(9, 87),
(9, 88),
(9, 89),
(9, 90),
(9, 91),
(9, 92),
(9, 93),
(9, 94),
(9, 95),
(9, 96),
(9, 97),
(9, 98),
(9, 101),
(9, 102),
(9, 103),
(9, 104),
(9, 105),
(9, 106),
(9, 107),
(9, 108),
(9, 109),
(9, 111),
(9, 112),
(9, 113),
(9, 114),
(9, 115),
(9, 116),
(9, 117),
(9, 118),
(9, 119),
(9, 120),
(9, 121),
(9, 122),
(9, 123),
(9, 124),
(9, 125),
(9, 126),
(9, 127),
(9, 128),
(9, 129),
(9, 130),
(9, 131),
(9, 132),
(9, 133),
(9, 134),
(9, 135),
(9, 137),
(9, 138),
(9, 139),
(9, 140),
(9, 148),
(9, 152),
(9, 158),
(9, 272),
(9, 273),
(9, 274),
(9, 275),
(9, 291),
(9, 294),
(9, 298),
(9, 299),
(9, 301),
(9, 303),
(9, 304),
(9, 305),
(9, 306),
(9, 363),
(9, 364),
(9, 365),
(9, 368),
(9, 369),
(9, 370),
(9, 372),
(9, 374),
(9, 375),
(9, 376),
(9, 377),
(9, 378),
(9, 381),
(9, 383),
(9, 384),
(9, 387),
(9, 388),
(9, 389),
(9, 390),
(9, 391),
(9, 394),
(9, 396),
(9, 397),
(9, 398),
(9, 400),
(9, 401),
(9, 402),
(9, 403),
(9, 405),
(9, 407),
(9, 408),
(9, 409),
(9, 411),
(9, 412),
(9, 413),
(9, 429),
(9, 437),
(9, 438),
(9, 439),
(9, 440),
(9, 441),
(9, 443),
(9, 445),
(9, 451),
(9, 452),
(9, 455),
(9, 456),
(9, 457),
(9, 458),
(9, 459),
(9, 460),
(9, 461),
(9, 462),
(9, 463),
(9, 465),
(9, 471),
(9, 472),
(9, 473),
(9, 474),
(9, 475),
(9, 476),
(9, 477),
(9, 478),
(9, 479),
(9, 480),
(9, 481),
(9, 482),
(9, 483),
(9, 484),
(9, 486),
(9, 487),
(9, 488),
(9, 489),
(9, 490),
(9, 493),
(9, 495),
(9, 508),
(9, 511),
(9, 518),
(9, 521),
(9, 523),
(9, 526),
(9, 529),
(9, 532),
(9, 540),
(9, 544),
(9, 546),
(9, 547),
(9, 550),
(9, 553),
(9, 554),
(9, 555),
(9, 567),
(9, 568),
(9, 569),
(9, 572),
(9, 576),
(9, 587),
(9, 592),
(9, 593),
(9, 595),
(9, 598),
(9, 599),
(9, 602),
(9, 605),
(9, 612),
(9, 614),
(9, 641),
(9, 695),
(9, 720),
(9, 723),
(9, 752),
(9, 755),
(9, 758),
(9, 761),
(9, 764),
(9, 767),
(9, 770),
(9, 773),
(9, 776),
(9, 783),
(9, 799),
(9, 820),
(9, 822),
(9, 824),
(9, 826),
(9, 828),
(9, 830),
(9, 832),
(9, 834),
(9, 836),
(9, 882),
(9, 884),
(9, 896),
(9, 904),
(9, 906),
(9, 922),
(9, 933),
(9, 935),
(9, 937),
(9, 939),
(10, 23),
(10, 25),
(10, 26),
(10, 27),
(10, 28),
(10, 33),
(10, 38),
(10, 39),
(10, 40),
(10, 41),
(10, 43),
(10, 47),
(10, 50),
(10, 51),
(10, 53),
(10, 54),
(10, 55),
(10, 56),
(10, 57),
(10, 58),
(10, 59),
(10, 60),
(10, 61),
(10, 62),
(10, 63),
(10, 64),
(10, 65),
(10, 66),
(10, 67),
(10, 68),
(10, 69),
(10, 71),
(10, 72),
(10, 73),
(10, 77),
(10, 78),
(10, 79),
(10, 80),
(10, 85),
(10, 86),
(10, 87),
(10, 88),
(10, 89),
(10, 90),
(10, 91),
(10, 92),
(10, 93),
(10, 94),
(10, 95),
(10, 96),
(10, 97),
(10, 98),
(10, 102),
(10, 128),
(10, 148),
(10, 158),
(10, 272),
(10, 273),
(10, 274),
(10, 275),
(10, 291),
(10, 298),
(10, 299),
(10, 301),
(10, 303),
(10, 304),
(10, 305),
(10, 306),
(10, 363),
(10, 364),
(10, 365),
(10, 368),
(10, 369),
(10, 370),
(10, 372),
(10, 374),
(10, 375),
(10, 376),
(10, 377),
(10, 378),
(10, 381),
(10, 383),
(10, 384),
(10, 387),
(10, 388),
(10, 389),
(10, 390),
(10, 391),
(10, 394),
(10, 396),
(10, 397),
(10, 398),
(10, 429),
(10, 455),
(10, 456),
(10, 457),
(10, 458),
(10, 459),
(10, 460),
(10, 461),
(10, 462),
(10, 463),
(10, 471),
(10, 472),
(10, 473),
(10, 474),
(10, 475),
(10, 476),
(10, 477),
(10, 478),
(10, 479),
(10, 480),
(10, 481),
(10, 482),
(10, 483),
(10, 484),
(10, 493),
(10, 495),
(10, 508),
(10, 511),
(10, 518),
(10, 521),
(10, 523),
(10, 526),
(10, 529),
(10, 532),
(10, 540),
(10, 546),
(10, 550),
(10, 553),
(10, 554),
(10, 555),
(10, 569),
(10, 572),
(10, 576),
(10, 592),
(10, 593),
(10, 599),
(10, 602),
(10, 605),
(10, 608),
(10, 612),
(10, 615),
(10, 620),
(10, 634),
(10, 637),
(10, 639),
(10, 644),
(11, 103),
(11, 106),
(11, 108),
(11, 544),
(14, 165),
(14, 166),
(14, 167),
(14, 168),
(14, 169),
(14, 170),
(14, 171),
(14, 172),
(14, 173),
(14, 174),
(14, 175),
(14, 176),
(14, 177),
(14, 178),
(14, 179),
(14, 181),
(14, 182),
(14, 183),
(14, 184),
(14, 185),
(14, 186),
(14, 187),
(14, 188),
(14, 189),
(14, 190),
(14, 191),
(14, 192),
(14, 193),
(14, 194),
(14, 195),
(14, 196),
(14, 197),
(14, 198),
(14, 199),
(14, 296),
(14, 580),
(14, 590),
(14, 597),
(14, 627),
(14, 629),
(14, 631),
(14, 633),
(14, 642),
(14, 661),
(14, 677),
(14, 678),
(14, 686),
(14, 856),
(14, 923),
(14, 926),
(14, 974),
(15, 203),
(16, 580),
(16, 597),
(16, 667),
(16, 686),
(16, 696),
(16, 724),
(16, 807),
(16, 810),
(16, 923),
(16, 926),
(16, 950),
(16, 965),
(16, 968),
(16, 974),
(17, 203),
(18, 164),
(18, 165),
(18, 166),
(18, 167),
(18, 168),
(18, 169),
(18, 170),
(18, 171),
(18, 172),
(18, 173),
(18, 175),
(18, 178),
(18, 179),
(18, 181),
(18, 186),
(18, 187),
(18, 188),
(18, 189),
(18, 191),
(18, 195),
(18, 196),
(18, 590),
(19, 209),
(20, 194),
(20, 203),
(20, 209),
(21, 203),
(21, 209),
(22, 160),
(22, 165),
(22, 166),
(22, 167),
(22, 174),
(22, 175),
(22, 176),
(22, 177),
(22, 178),
(22, 179),
(22, 180),
(22, 181),
(22, 184),
(22, 185),
(22, 186),
(22, 187),
(22, 188),
(22, 190),
(22, 192),
(22, 193),
(22, 195),
(22, 196),
(22, 296),
(22, 580),
(22, 590),
(22, 597),
(22, 629),
(22, 631),
(22, 633),
(22, 661),
(22, 677),
(22, 706),
(27, 297),
(27, 313),
(27, 314),
(27, 315),
(27, 316),
(27, 317),
(27, 318),
(27, 319),
(27, 320),
(27, 321),
(27, 322),
(27, 323),
(27, 324),
(27, 325),
(27, 326),
(27, 327),
(27, 329),
(27, 330),
(27, 331),
(27, 332),
(27, 333),
(27, 334),
(27, 335),
(27, 336),
(27, 337),
(27, 338),
(27, 339),
(27, 340),
(27, 341),
(27, 342),
(27, 343),
(27, 344),
(27, 345),
(27, 346),
(27, 347),
(27, 358),
(27, 359),
(27, 360),
(27, 361),
(27, 494),
(27, 505),
(27, 525),
(27, 528),
(27, 531),
(27, 571),
(27, 579),
(27, 581),
(27, 582),
(27, 583),
(27, 586),
(27, 589),
(27, 591),
(27, 626),
(27, 628),
(27, 630),
(27, 632),
(27, 638),
(27, 656),
(27, 658),
(27, 665),
(27, 674),
(27, 684),
(27, 685),
(27, 690),
(27, 713),
(27, 715),
(27, 725),
(27, 782),
(27, 787),
(27, 792),
(27, 794),
(27, 796),
(27, 802),
(27, 804),
(27, 806),
(27, 814),
(27, 816),
(27, 821),
(27, 823),
(27, 825),
(27, 827),
(27, 829),
(27, 831),
(27, 833),
(27, 835),
(27, 837),
(27, 839),
(27, 854),
(27, 857),
(27, 873),
(27, 875),
(27, 879),
(27, 885),
(27, 887),
(27, 889),
(27, 891),
(27, 905),
(27, 914),
(27, 924),
(27, 927),
(27, 947),
(27, 975),
(28, 352),
(29, 282),
(29, 286),
(29, 288),
(29, 290),
(29, 295),
(29, 317),
(29, 352),
(29, 357),
(29, 467),
(29, 498),
(29, 513),
(29, 514),
(29, 520),
(29, 534),
(29, 539),
(29, 543),
(29, 545),
(29, 549),
(29, 552),
(29, 575),
(29, 581),
(29, 582),
(29, 583),
(29, 586),
(29, 589),
(29, 594),
(29, 606),
(29, 607),
(29, 609),
(29, 611),
(29, 617),
(29, 618),
(29, 619),
(29, 623),
(29, 625),
(29, 636),
(29, 640),
(29, 662),
(29, 663),
(29, 669),
(29, 671),
(29, 672),
(29, 676),
(29, 682),
(29, 685),
(29, 688),
(29, 692),
(29, 694),
(29, 698),
(29, 700),
(29, 701),
(29, 703),
(29, 708),
(29, 711),
(29, 719),
(29, 725),
(29, 727),
(29, 729),
(29, 748),
(29, 785),
(29, 790),
(29, 808),
(29, 811),
(29, 817),
(29, 819),
(29, 867),
(29, 880),
(29, 892),
(29, 903),
(29, 910),
(29, 911),
(29, 913),
(29, 918),
(29, 919),
(29, 921),
(29, 924),
(29, 927),
(29, 928),
(29, 929),
(29, 932),
(29, 941),
(29, 942),
(29, 951),
(29, 952),
(29, 966),
(29, 969),
(29, 975),
(30, 352),
(31, 312),
(31, 313),
(31, 314),
(31, 315),
(31, 316),
(31, 317),
(31, 318),
(31, 319),
(31, 320),
(31, 321),
(31, 323),
(31, 326),
(31, 327),
(31, 329),
(31, 330),
(31, 334),
(31, 335),
(31, 336),
(31, 337),
(31, 339),
(31, 343),
(31, 344),
(31, 581),
(31, 591),
(31, 674),
(31, 684),
(31, 821),
(31, 823),
(31, 825),
(31, 827),
(31, 829),
(31, 831),
(31, 833),
(31, 835),
(31, 837),
(31, 883),
(31, 885),
(32, 357),
(33, 352),
(33, 357),
(34, 352),
(34, 357),
(35, 282),
(35, 286),
(35, 288),
(35, 290),
(35, 295),
(35, 312),
(35, 313),
(35, 314),
(35, 315),
(35, 316),
(35, 317),
(35, 318),
(35, 319),
(35, 320),
(35, 321),
(35, 322),
(35, 323),
(35, 324),
(35, 325),
(35, 326),
(35, 327),
(35, 328),
(35, 329),
(35, 330),
(35, 331),
(35, 332),
(35, 333),
(35, 334),
(35, 335),
(35, 336),
(35, 337),
(35, 338),
(35, 339),
(35, 340),
(35, 341),
(35, 342),
(35, 343),
(35, 344),
(35, 345),
(35, 346),
(35, 347),
(35, 467),
(35, 494),
(35, 498),
(35, 513),
(35, 514),
(35, 520),
(35, 525),
(35, 528),
(35, 531),
(35, 534),
(35, 539),
(35, 543),
(35, 545),
(35, 549),
(35, 552),
(35, 571),
(35, 575),
(35, 579),
(35, 581),
(35, 582),
(35, 583),
(35, 586),
(35, 589),
(35, 591),
(35, 594),
(35, 601),
(35, 606),
(35, 607),
(35, 609),
(35, 611),
(35, 613),
(35, 643),
(35, 645),
(35, 685),
(35, 725),
(35, 731),
(35, 733),
(35, 735),
(35, 737),
(35, 739),
(35, 741),
(35, 743),
(35, 745),
(35, 747),
(35, 800),
(35, 821),
(35, 823),
(35, 825),
(35, 827),
(35, 829),
(35, 831),
(35, 877),
(35, 883),
(35, 885),
(35, 908),
(35, 927),
(35, 934),
(35, 936),
(35, 938),
(35, 940),
(40, 22),
(40, 31),
(40, 32),
(40, 35),
(40, 44),
(40, 45),
(40, 46),
(40, 52),
(40, 75),
(40, 101),
(40, 103),
(40, 104),
(40, 105),
(40, 106),
(40, 107),
(40, 108),
(40, 109),
(40, 111),
(40, 112),
(40, 113),
(40, 114),
(40, 115),
(40, 116),
(40, 117),
(40, 118),
(40, 119),
(40, 120),
(40, 121),
(40, 122),
(40, 123),
(40, 124),
(40, 125),
(40, 126),
(40, 127),
(40, 129),
(40, 130),
(40, 131),
(40, 132),
(40, 133),
(40, 134),
(40, 135),
(40, 137),
(40, 138),
(40, 139),
(40, 142),
(40, 145),
(40, 146),
(40, 147),
(40, 149),
(40, 151),
(40, 152),
(40, 153),
(40, 155),
(40, 294),
(40, 405),
(40, 409),
(40, 411),
(40, 414),
(40, 415),
(40, 416),
(40, 417),
(40, 418),
(40, 419),
(40, 420),
(40, 421),
(40, 422),
(40, 423),
(40, 424),
(40, 425),
(40, 426),
(40, 427),
(40, 428),
(40, 433),
(40, 434),
(40, 435),
(40, 436),
(40, 452),
(40, 465),
(40, 486),
(40, 487),
(40, 488),
(40, 490),
(40, 538),
(40, 544),
(40, 547),
(40, 568),
(40, 584),
(40, 587),
(40, 595),
(40, 614),
(40, 641),
(40, 683),
(40, 695),
(40, 705),
(40, 723),
(40, 783),
(40, 797),
(40, 799),
(40, 820),
(40, 822),
(40, 824),
(40, 826),
(40, 828),
(40, 830),
(40, 882),
(40, 884),
(40, 922),
(40, 944),
(41, 142),
(41, 145),
(41, 146),
(42, 175),
(42, 182),
(42, 185),
(42, 186),
(42, 187),
(42, 189),
(42, 194),
(42, 198),
(42, 199),
(42, 580),
(42, 597),
(42, 627),
(42, 629),
(42, 631),
(42, 633),
(42, 661),
(42, 677),
(42, 678),
(42, 679),
(43, 203),
(44, 323),
(44, 330),
(44, 334),
(44, 342),
(44, 343),
(44, 346),
(44, 505),
(44, 579),
(44, 582),
(44, 583),
(44, 586),
(44, 589),
(44, 643),
(44, 647),
(44, 654),
(44, 680),
(44, 681),
(44, 684),
(44, 687),
(44, 725),
(44, 788),
(44, 821),
(44, 823),
(44, 825),
(44, 827),
(44, 829),
(44, 831),
(44, 844),
(44, 845),
(44, 927),
(44, 943),
(45, 352),
(46, 142),
(46, 145),
(46, 146),
(48, 352),
(49, 958),
(49, 976),
(50, 961),
(50, 967),
(50, 970),
(50, 976),
(51, 958),
(51, 959),
(51, 962),
(51, 963);

--
-- Indexes for dumped tables
--

--
-- Indexes for table `account_categories`
--
ALTER TABLE `account_categories`
  ADD PRIMARY KEY (`id`);

--
-- Indexes for table `account_first_subgroups`
--
ALTER TABLE `account_first_subgroups`
  ADD PRIMARY KEY (`id`);

--
-- Indexes for table `account_groups`
--
ALTER TABLE `account_groups`
  ADD PRIMARY KEY (`id`);

--
-- Indexes for table `account_references`
--
ALTER TABLE `account_references`
  ADD PRIMARY KEY (`id`);

--
-- Indexes for table `account_second_subgroups`
--
ALTER TABLE `account_second_subgroups`
  ADD PRIMARY KEY (`id`);

--
-- Indexes for table `challans`
--
ALTER TABLE `challans`
  ADD PRIMARY KEY (`id`);

--
-- Indexes for table `challan_rows`
--
ALTER TABLE `challan_rows`
  ADD PRIMARY KEY (`id`);

--
-- Indexes for table `companies`
--
ALTER TABLE `companies`
  ADD PRIMARY KEY (`id`);

--
-- Indexes for table `company_banks`
--
ALTER TABLE `company_banks`
  ADD PRIMARY KEY (`id`);

--
-- Indexes for table `company_groups`
--
ALTER TABLE `company_groups`
  ADD PRIMARY KEY (`id`);

--
-- Indexes for table `contra_vouchers`
--
ALTER TABLE `contra_vouchers`
  ADD PRIMARY KEY (`id`);

--
-- Indexes for table `contra_voucher_rows`
--
ALTER TABLE `contra_voucher_rows`
  ADD PRIMARY KEY (`id`);

--
-- Indexes for table `credit_notes`
--
ALTER TABLE `credit_notes`
  ADD PRIMARY KEY (`id`);

--
-- Indexes for table `credit_notes_rows`
--
ALTER TABLE `credit_notes_rows`
  ADD PRIMARY KEY (`id`);

--
-- Indexes for table `customers`
--
ALTER TABLE `customers`
  ADD PRIMARY KEY (`id`);

--
-- Indexes for table `customer_address`
--
ALTER TABLE `customer_address`
  ADD PRIMARY KEY (`id`);

--
-- Indexes for table `customer_companies`
--
ALTER TABLE `customer_companies`
  ADD PRIMARY KEY (`customer_id`,`company_id`);

--
-- Indexes for table `customer_contacts`
--
ALTER TABLE `customer_contacts`
  ADD PRIMARY KEY (`id`);

--
-- Indexes for table `customer_groups`
--
ALTER TABLE `customer_groups`
  ADD PRIMARY KEY (`id`);

--
-- Indexes for table `customer_segs`
--
ALTER TABLE `customer_segs`
  ADD PRIMARY KEY (`id`);

--
-- Indexes for table `debit_notes`
--
ALTER TABLE `debit_notes`
  ADD PRIMARY KEY (`id`);

--
-- Indexes for table `debit_notes_rows`
--
ALTER TABLE `debit_notes_rows`
  ADD PRIMARY KEY (`id`);

--
-- Indexes for table `departments`
--
ALTER TABLE `departments`
  ADD PRIMARY KEY (`id`);

--
-- Indexes for table `designations`
--
ALTER TABLE `designations`
  ADD PRIMARY KEY (`id`);

--
-- Indexes for table `districts`
--
ALTER TABLE `districts`
  ADD PRIMARY KEY (`id`);

--
-- Indexes for table `employees`
--
ALTER TABLE `employees`
  ADD PRIMARY KEY (`id`);

--
-- Indexes for table `employee_companies`
--
ALTER TABLE `employee_companies`
  ADD PRIMARY KEY (`employee_id`,`company_id`);

--
-- Indexes for table `employee_contact_persons`
--
ALTER TABLE `employee_contact_persons`
  ADD PRIMARY KEY (`id`);

--
-- Indexes for table `employee_personal_informations`
--
ALTER TABLE `employee_personal_informations`
  ADD PRIMARY KEY (`id`);

--
-- Indexes for table `employee_personal_information_rows`
--
ALTER TABLE `employee_personal_information_rows`
  ADD PRIMARY KEY (`id`);

--
-- Indexes for table `employee_records`
--
ALTER TABLE `employee_records`
  ADD PRIMARY KEY (`id`);

--
-- Indexes for table `filenames`
--
ALTER TABLE `filenames`
  ADD PRIMARY KEY (`id`);

--
-- Indexes for table `financial_months`
--
ALTER TABLE `financial_months`
  ADD PRIMARY KEY (`id`);

--
-- Indexes for table `financial_years`
--
ALTER TABLE `financial_years`
  ADD PRIMARY KEY (`id`);

--
-- Indexes for table `grns`
--
ALTER TABLE `grns`
  ADD PRIMARY KEY (`id`);

--
-- Indexes for table `grn_rows`
--
ALTER TABLE `grn_rows`
  ADD PRIMARY KEY (`id`);

--
-- Indexes for table `inventory_transfer_vouchers`
--
ALTER TABLE `inventory_transfer_vouchers`
  ADD PRIMARY KEY (`id`);

--
-- Indexes for table `inventory_transfer_voucher_rows`
--
ALTER TABLE `inventory_transfer_voucher_rows`
  ADD PRIMARY KEY (`id`);

--
-- Indexes for table `inventory_vouchers`
--
ALTER TABLE `inventory_vouchers`
  ADD PRIMARY KEY (`id`);

--
-- Indexes for table `inventory_voucher_rows`
--
ALTER TABLE `inventory_voucher_rows`
  ADD PRIMARY KEY (`id`);

--
-- Indexes for table `invoices`
--
ALTER TABLE `invoices`
  ADD PRIMARY KEY (`id`);

--
-- Indexes for table `invoice_bookings`
--
ALTER TABLE `invoice_bookings`
  ADD PRIMARY KEY (`id`);

--
-- Indexes for table `invoice_booking_rows`
--
ALTER TABLE `invoice_booking_rows`
  ADD PRIMARY KEY (`id`);

--
-- Indexes for table `invoice_rows`
--
ALTER TABLE `invoice_rows`
  ADD PRIMARY KEY (`id`);

--
-- Indexes for table `items`
--
ALTER TABLE `items`
  ADD PRIMARY KEY (`id`);

--
-- Indexes for table `item_buckets`
--
ALTER TABLE `item_buckets`
  ADD PRIMARY KEY (`id`);

--
-- Indexes for table `item_categories`
--
ALTER TABLE `item_categories`
  ADD PRIMARY KEY (`id`);

--
-- Indexes for table `item_companies`
--
ALTER TABLE `item_companies`
  ADD PRIMARY KEY (`item_id`,`company_id`),
  ADD KEY `company_key` (`company_id`);

--
-- Indexes for table `item_groups`
--
ALTER TABLE `item_groups`
  ADD PRIMARY KEY (`id`);

--
-- Indexes for table `item_ledgers`
--
ALTER TABLE `item_ledgers`
  ADD PRIMARY KEY (`id`);

--
-- Indexes for table `item_serial_numbers`
--
ALTER TABLE `item_serial_numbers`
  ADD PRIMARY KEY (`id`);

--
-- Indexes for table `item_sources`
--
ALTER TABLE `item_sources`
  ADD PRIMARY KEY (`item_id`,`source_id`);

--
-- Indexes for table `item_sub_groups`
--
ALTER TABLE `item_sub_groups`
  ADD PRIMARY KEY (`id`);

--
-- Indexes for table `ivs`
--
ALTER TABLE `ivs`
  ADD PRIMARY KEY (`id`);

--
-- Indexes for table `iv_rows`
--
ALTER TABLE `iv_rows`
  ADD PRIMARY KEY (`id`);

--
-- Indexes for table `iv_row_items`
--
ALTER TABLE `iv_row_items`
  ADD PRIMARY KEY (`id`);

--
-- Indexes for table `job_cards`
--
ALTER TABLE `job_cards`
  ADD PRIMARY KEY (`id`);

--
-- Indexes for table `job_card_rows`
--
ALTER TABLE `job_card_rows`
  ADD PRIMARY KEY (`id`);

--
-- Indexes for table `journal_vouchers`
--
ALTER TABLE `journal_vouchers`
  ADD PRIMARY KEY (`id`);

--
-- Indexes for table `journal_voucher_rows`
--
ALTER TABLE `journal_voucher_rows`
  ADD PRIMARY KEY (`id`);

--
-- Indexes for table `leave_applications`
--
ALTER TABLE `leave_applications`
  ADD PRIMARY KEY (`id`);

--
-- Indexes for table `leave_types`
--
ALTER TABLE `leave_types`
  ADD PRIMARY KEY (`id`);

--
-- Indexes for table `ledgers`
--
ALTER TABLE `ledgers`
  ADD PRIMARY KEY (`id`);

--
-- Indexes for table `ledger_accounts`
--
ALTER TABLE `ledger_accounts`
  ADD PRIMARY KEY (`id`);

--
-- Indexes for table `left_rivs`
--
ALTER TABLE `left_rivs`
  ADD PRIMARY KEY (`id`);

--
-- Indexes for table `loan_applications`
--
ALTER TABLE `loan_applications`
  ADD PRIMARY KEY (`id`);

--
-- Indexes for table `logins`
--
ALTER TABLE `logins`
  ADD PRIMARY KEY (`id`);

--
-- Indexes for table `material_indents`
--
ALTER TABLE `material_indents`
  ADD PRIMARY KEY (`id`);

--
-- Indexes for table `material_indent_rows`
--
ALTER TABLE `material_indent_rows`
  ADD PRIMARY KEY (`id`);

--
-- Indexes for table `new_item`
--
ALTER TABLE `new_item`
  ADD PRIMARY KEY (`id`);

--
-- Indexes for table `nppayments`
--
ALTER TABLE `nppayments`
  ADD PRIMARY KEY (`id`);

--
-- Indexes for table `nppayment_rows`
--
ALTER TABLE `nppayment_rows`
  ADD PRIMARY KEY (`id`);

--
-- Indexes for table `pages`
--
ALTER TABLE `pages`
  ADD PRIMARY KEY (`id`);

--
-- Indexes for table `payments`
--
ALTER TABLE `payments`
  ADD PRIMARY KEY (`id`);

--
-- Indexes for table `payment_rows`
--
ALTER TABLE `payment_rows`
  ADD PRIMARY KEY (`id`);

--
-- Indexes for table `payment_vouchers`
--
ALTER TABLE `payment_vouchers`
  ADD PRIMARY KEY (`id`);

--
-- Indexes for table `petty_cash_vouchers`
--
ALTER TABLE `petty_cash_vouchers`
  ADD PRIMARY KEY (`id`);

--
-- Indexes for table `petty_cash_voucher_rows`
--
ALTER TABLE `petty_cash_voucher_rows`
  ADD PRIMARY KEY (`id`);

--
-- Indexes for table `purchase_orders`
--
ALTER TABLE `purchase_orders`
  ADD PRIMARY KEY (`id`);

--
-- Indexes for table `purchase_order_rows`
--
ALTER TABLE `purchase_order_rows`
  ADD PRIMARY KEY (`id`);

--
-- Indexes for table `purchase_returns`
--
ALTER TABLE `purchase_returns`
  ADD PRIMARY KEY (`id`);

--
-- Indexes for table `quotations`
--
ALTER TABLE `quotations`
  ADD PRIMARY KEY (`id`);

--
-- Indexes for table `quotation_rows`
--
ALTER TABLE `quotation_rows`
  ADD PRIMARY KEY (`id`);

--
-- Indexes for table `receipts`
--
ALTER TABLE `receipts`
  ADD PRIMARY KEY (`id`);

--
-- Indexes for table `receipt_rows`
--
ALTER TABLE `receipt_rows`
  ADD PRIMARY KEY (`id`);

--
-- Indexes for table `reference_details`
--
ALTER TABLE `reference_details`
  ADD PRIMARY KEY (`id`);

--
-- Indexes for table `salary_advances`
--
ALTER TABLE `salary_advances`
  ADD PRIMARY KEY (`id`);

--
-- Indexes for table `sales_orders`
--
ALTER TABLE `sales_orders`
  ADD PRIMARY KEY (`id`);

--
-- Indexes for table `sales_order_rows`
--
ALTER TABLE `sales_order_rows`
  ADD PRIMARY KEY (`id`);

--
-- Indexes for table `sale_returns`
--
ALTER TABLE `sale_returns`
  ADD PRIMARY KEY (`id`);

--
-- Indexes for table `sale_return_rows`
--
ALTER TABLE `sale_return_rows`
  ADD PRIMARY KEY (`id`);

--
-- Indexes for table `serial_numbers`
--
ALTER TABLE `serial_numbers`
  ADD PRIMARY KEY (`id`);

--
-- Indexes for table `travel_requests`
--
ALTER TABLE `travel_requests`
  ADD PRIMARY KEY (`id`);

--
-- Indexes for table `travel_request_rows`
--
ALTER TABLE `travel_request_rows`
  ADD PRIMARY KEY (`id`);

--
-- Indexes for table `vendor_companies`
--
ALTER TABLE `vendor_companies`
  ADD PRIMARY KEY (`vendor_id`),
  ADD UNIQUE KEY `company_id` (`company_id`);

--
-- Indexes for table `vouchers_references`
--
ALTER TABLE `vouchers_references`
  ADD PRIMARY KEY (`id`);

--
-- Indexes for table `voucher_ledger_accounts`
--
ALTER TABLE `voucher_ledger_accounts`
  ADD PRIMARY KEY (`vouchers_reference_id`,`ledger_account_id`);

--
-- AUTO_INCREMENT for dumped tables
--

--
-- AUTO_INCREMENT for table `companies`
--
ALTER TABLE `companies`
  MODIFY `id` int(10) NOT NULL AUTO_INCREMENT, AUTO_INCREMENT=29;
--
-- AUTO_INCREMENT for table `company_banks`
--
ALTER TABLE `company_banks`
  MODIFY `id` int(10) NOT NULL AUTO_INCREMENT, AUTO_INCREMENT=31;
--
-- AUTO_INCREMENT for table `company_groups`
--
ALTER TABLE `company_groups`
  MODIFY `id` int(10) NOT NULL AUTO_INCREMENT, AUTO_INCREMENT=2;
--
-- AUTO_INCREMENT for table `customers`
--
ALTER TABLE `customers`
  MODIFY `id` int(10) NOT NULL AUTO_INCREMENT, AUTO_INCREMENT=214;
--
-- AUTO_INCREMENT for table `customer_address`
--
ALTER TABLE `customer_address`
  MODIFY `id` int(11) NOT NULL AUTO_INCREMENT, AUTO_INCREMENT=755;
--
-- AUTO_INCREMENT for table `customer_contacts`
--
ALTER TABLE `customer_contacts`
  MODIFY `id` int(10) NOT NULL AUTO_INCREMENT, AUTO_INCREMENT=800;
--
-- AUTO_INCREMENT for table `employees`
--
ALTER TABLE `employees`
  MODIFY `id` int(10) NOT NULL AUTO_INCREMENT, AUTO_INCREMENT=28;
--
-- AUTO_INCREMENT for table `employee_contact_persons`
--
ALTER TABLE `employee_contact_persons`
  MODIFY `id` int(10) NOT NULL AUTO_INCREMENT, AUTO_INCREMENT=175;
--
-- AUTO_INCREMENT for table `employee_personal_informations`
--
ALTER TABLE `employee_personal_informations`
  MODIFY `id` int(10) NOT NULL AUTO_INCREMENT;
--
-- AUTO_INCREMENT for table `employee_personal_information_rows`
--
ALTER TABLE `employee_personal_information_rows`
  MODIFY `id` int(10) NOT NULL AUTO_INCREMENT;
--
-- AUTO_INCREMENT for table `employee_records`
--
ALTER TABLE `employee_records`
  MODIFY `id` int(10) NOT NULL AUTO_INCREMENT;
--
-- AUTO_INCREMENT for table `financial_months`
--
ALTER TABLE `financial_months`
  MODIFY `id` int(10) NOT NULL AUTO_INCREMENT, AUTO_INCREMENT=117;
--
-- AUTO_INCREMENT for table `financial_years`
--
ALTER TABLE `financial_years`
  MODIFY `id` int(11) NOT NULL AUTO_INCREMENT, AUTO_INCREMENT=22;
--
-- AUTO_INCREMENT for table `grns`
--
ALTER TABLE `grns`
  MODIFY `id` int(10) NOT NULL AUTO_INCREMENT, AUTO_INCREMENT=11;
--
-- AUTO_INCREMENT for table `grn_rows`
--
ALTER TABLE `grn_rows`
  MODIFY `id` int(10) NOT NULL AUTO_INCREMENT, AUTO_INCREMENT=30;
--
-- AUTO_INCREMENT for table `inventory_transfer_vouchers`
--
ALTER TABLE `inventory_transfer_vouchers`
  MODIFY `id` int(100) NOT NULL AUTO_INCREMENT;
--
-- AUTO_INCREMENT for table `inventory_transfer_voucher_rows`
--
ALTER TABLE `inventory_transfer_voucher_rows`
  MODIFY `id` int(100) NOT NULL AUTO_INCREMENT;
--
-- AUTO_INCREMENT for table `invoices`
--
ALTER TABLE `invoices`
  MODIFY `id` int(10) NOT NULL AUTO_INCREMENT, AUTO_INCREMENT=3;
--
-- AUTO_INCREMENT for table `invoice_bookings`
--
ALTER TABLE `invoice_bookings`
  MODIFY `id` int(10) NOT NULL AUTO_INCREMENT, AUTO_INCREMENT=13;
--
-- AUTO_INCREMENT for table `invoice_booking_rows`
--
ALTER TABLE `invoice_booking_rows`
  MODIFY `id` int(11) NOT NULL AUTO_INCREMENT, AUTO_INCREMENT=22;
--
-- AUTO_INCREMENT for table `invoice_rows`
--
ALTER TABLE `invoice_rows`
  MODIFY `id` int(10) NOT NULL AUTO_INCREMENT, AUTO_INCREMENT=6;
--
-- AUTO_INCREMENT for table `item_buckets`
--
ALTER TABLE `item_buckets`
  MODIFY `id` int(11) NOT NULL AUTO_INCREMENT;
--
-- AUTO_INCREMENT for table `item_ledgers`
--
ALTER TABLE `item_ledgers`
  MODIFY `id` int(11) NOT NULL AUTO_INCREMENT, AUTO_INCREMENT=46;
--
-- AUTO_INCREMENT for table `ivs`
--
ALTER TABLE `ivs`
  MODIFY `id` int(10) NOT NULL AUTO_INCREMENT, AUTO_INCREMENT=2;
--
-- AUTO_INCREMENT for table `iv_rows`
--
ALTER TABLE `iv_rows`
  MODIFY `id` int(10) NOT NULL AUTO_INCREMENT, AUTO_INCREMENT=2;
--
-- AUTO_INCREMENT for table `iv_row_items`
--
ALTER TABLE `iv_row_items`
  MODIFY `id` int(10) NOT NULL AUTO_INCREMENT, AUTO_INCREMENT=4;
--
-- AUTO_INCREMENT for table `job_cards`
--
ALTER TABLE `job_cards`
  MODIFY `id` int(10) NOT NULL AUTO_INCREMENT, AUTO_INCREMENT=2;
--
-- AUTO_INCREMENT for table `job_card_rows`
--
ALTER TABLE `job_card_rows`
  MODIFY `id` int(10) NOT NULL AUTO_INCREMENT, AUTO_INCREMENT=5;
--
-- AUTO_INCREMENT for table `leave_applications`
--
ALTER TABLE `leave_applications`
  MODIFY `id` int(11) NOT NULL AUTO_INCREMENT, AUTO_INCREMENT=3;
--
-- AUTO_INCREMENT for table `ledgers`
--
ALTER TABLE `ledgers`
  MODIFY `id` int(11) NOT NULL AUTO_INCREMENT, AUTO_INCREMENT=103;
--
-- AUTO_INCREMENT for table `ledger_accounts`
--
ALTER TABLE `ledger_accounts`
  MODIFY `id` int(12) NOT NULL AUTO_INCREMENT, AUTO_INCREMENT=977;
--
-- AUTO_INCREMENT for table `loan_applications`
--
ALTER TABLE `loan_applications`
  MODIFY `id` int(10) NOT NULL AUTO_INCREMENT, AUTO_INCREMENT=3;
--
-- AUTO_INCREMENT for table `material_indents`
--
ALTER TABLE `material_indents`
  MODIFY `id` int(10) NOT NULL AUTO_INCREMENT;
--
-- AUTO_INCREMENT for table `material_indent_rows`
--
ALTER TABLE `material_indent_rows`
  MODIFY `id` int(10) NOT NULL AUTO_INCREMENT;
--
-- AUTO_INCREMENT for table `purchase_orders`
--
ALTER TABLE `purchase_orders`
  MODIFY `id` int(10) NOT NULL AUTO_INCREMENT, AUTO_INCREMENT=16;
--
-- AUTO_INCREMENT for table `purchase_order_rows`
--
ALTER TABLE `purchase_order_rows`
  MODIFY `id` int(10) NOT NULL AUTO_INCREMENT, AUTO_INCREMENT=40;
--
-- AUTO_INCREMENT for table `quotations`
--
ALTER TABLE `quotations`
  MODIFY `id` int(11) NOT NULL AUTO_INCREMENT, AUTO_INCREMENT=3;
--
-- AUTO_INCREMENT for table `quotation_rows`
--
ALTER TABLE `quotation_rows`
  MODIFY `id` int(10) NOT NULL AUTO_INCREMENT, AUTO_INCREMENT=8;
--
-- AUTO_INCREMENT for table `receipts`
--
ALTER TABLE `receipts`
  MODIFY `id` int(10) NOT NULL AUTO_INCREMENT;
--
-- AUTO_INCREMENT for table `receipt_rows`
--
ALTER TABLE `receipt_rows`
  MODIFY `id` int(10) NOT NULL AUTO_INCREMENT;
--
-- AUTO_INCREMENT for table `reference_details`
--
ALTER TABLE `reference_details`
  MODIFY `id` int(25) NOT NULL AUTO_INCREMENT, AUTO_INCREMENT=6;
--
-- AUTO_INCREMENT for table `salary_advances`
--
ALTER TABLE `salary_advances`
  MODIFY `id` int(10) NOT NULL AUTO_INCREMENT, AUTO_INCREMENT=2;
--
-- AUTO_INCREMENT for table `sales_orders`
--
ALTER TABLE `sales_orders`
  MODIFY `id` int(10) NOT NULL AUTO_INCREMENT, AUTO_INCREMENT=4;
--
-- AUTO_INCREMENT for table `sales_order_rows`
--
ALTER TABLE `sales_order_rows`
  MODIFY `id` int(10) NOT NULL AUTO_INCREMENT, AUTO_INCREMENT=8;
--
-- AUTO_INCREMENT for table `sale_returns`
--
ALTER TABLE `sale_returns`
  MODIFY `id` int(10) NOT NULL AUTO_INCREMENT, AUTO_INCREMENT=2;
--
-- AUTO_INCREMENT for table `sale_return_rows`
--
ALTER TABLE `sale_return_rows`
  MODIFY `id` int(10) NOT NULL AUTO_INCREMENT, AUTO_INCREMENT=2;
--
-- AUTO_INCREMENT for table `serial_numbers`
--
ALTER TABLE `serial_numbers`
  MODIFY `id` int(11) NOT NULL AUTO_INCREMENT, AUTO_INCREMENT=75;
--
-- AUTO_INCREMENT for table `travel_requests`
--
ALTER TABLE `travel_requests`
  MODIFY `id` int(10) NOT NULL AUTO_INCREMENT;
--
-- AUTO_INCREMENT for table `travel_request_rows`
--
ALTER TABLE `travel_request_rows`
  MODIFY `id` int(10) NOT NULL AUTO_INCREMENT;
--
-- AUTO_INCREMENT for table `vouchers_references`
--
ALTER TABLE `vouchers_references`
  MODIFY `id` int(10) NOT NULL AUTO_INCREMENT, AUTO_INCREMENT=52;
/*!40101 SET CHARACTER_SET_CLIENT=@OLD_CHARACTER_SET_CLIENT */;
/*!40101 SET CHARACTER_SET_RESULTS=@OLD_CHARACTER_SET_RESULTS */;
/*!40101 SET COLLATION_CONNECTION=@OLD_COLLATION_CONNECTION */;
